dataset,p,strategy,K,remaining_nodes,timestep,mean_infected
Algebra,0.05,degree,21,402,0,1
Algebra,0.05,degree,21,402,1,1.4425373134328359
Algebra,0.05,degree,21,402,2,1.762189054726368
Algebra,0.05,degree,21,402,3,2.1345771144278607
Algebra,0.05,degree,21,402,4,2.62363184079602
Algebra,0.05,degree,21,402,5,3.191542288557214
Algebra,0.05,degree,21,402,6,3.866915422885572
Algebra,0.05,degree,21,402,7,4.683582089552239
Algebra,0.05,degree,21,402,8,5.6181592039801
Algebra,0.05,degree,21,402,9,6.755970149253732
Algebra,0.05,degree,21,402,10,8.050248756218906
Algebra,0.05,degree,21,402,11,9.578855721393035
Algebra,0.05,degree,21,402,12,11.359701492537313
Algebra,0.05,degree,21,402,13,13.418407960199005
Algebra,0.05,degree,21,402,14,15.76094527363184
Algebra,0.05,degree,21,402,15,18.420895522388058
Algebra,0.05,degree,21,402,16,21.463930348258707
Algebra,0.05,degree,21,402,17,24.86915422885572
Algebra,0.05,degree,21,402,18,28.55323383084577
Algebra,0.05,degree,21,402,19,32.70621890547264
Algebra,0.05,degree,21,402,20,37.254726368159204
Algebra,0.05,degree,21,402,21,42.10746268656717
Algebra,0.05,degree,21,402,22,47.30671641791045
Algebra,0.05,degree,21,402,23,52.85223880597015
Algebra,0.05,degree,21,402,24,58.65597014925373
Algebra,0.05,degree,21,402,25,64.58034825870647
Algebra,0.05,degree_greedy,21,402,0,1
Algebra,0.05,degree_greedy,21,402,1,1.4425373134328359
Algebra,0.05,degree_greedy,21,402,2,1.762189054726368
Algebra,0.05,degree_greedy,21,402,3,2.1345771144278607
Algebra,0.05,degree_greedy,21,402,4,2.62363184079602
Algebra,0.05,degree_greedy,21,402,5,3.191542288557214
Algebra,0.05,degree_greedy,21,402,6,3.866915422885572
Algebra,0.05,degree_greedy,21,402,7,4.683582089552239
Algebra,0.05,degree_greedy,21,402,8,5.6181592039801
Algebra,0.05,degree_greedy,21,402,9,6.755970149253732
Algebra,0.05,degree_greedy,21,402,10,8.050248756218906
Algebra,0.05,degree_greedy,21,402,11,9.578855721393035
Algebra,0.05,degree_greedy,21,402,12,11.359701492537313
Algebra,0.05,degree_greedy,21,402,13,13.418407960199005
Algebra,0.05,degree_greedy,21,402,14,15.76094527363184
Algebra,0.05,degree_greedy,21,402,15,18.420895522388058
Algebra,0.05,degree_greedy,21,402,16,21.463930348258707
Algebra,0.05,degree_greedy,21,402,17,24.86915422885572
Algebra,0.05,degree_greedy,21,402,18,28.55323383084577
Algebra,0.05,degree_greedy,21,402,19,32.70621890547264
Algebra,0.05,degree_greedy,21,402,20,37.254726368159204
Algebra,0.05,degree_greedy,21,402,21,42.10746268656717
Algebra,0.05,degree_greedy,21,402,22,47.30671641791045
Algebra,0.05,degree_greedy,21,402,23,52.85223880597015
Algebra,0.05,degree_greedy,21,402,24,58.65597014925373
Algebra,0.05,degree_greedy,21,402,25,64.58034825870647
Algebra,0.05,hyperdegree,21,402,0,1
Algebra,0.05,hyperdegree,21,402,1,1.4527363184079602
Algebra,0.05,hyperdegree,21,402,2,1.7885572139303483
Algebra,0.05,hyperdegree,21,402,3,2.1502487562189057
Algebra,0.05,hyperdegree,21,402,4,2.6407960199004976
Algebra,0.05,hyperdegree,21,402,5,3.242039800995025
Algebra,0.05,hyperdegree,21,402,6,3.9708955223880595
Algebra,0.05,hyperdegree,21,402,7,4.820398009950249
Algebra,0.05,hyperdegree,21,402,8,5.83134328358209
Algebra,0.05,hyperdegree,21,402,9,7.073880597014925
Algebra,0.05,hyperdegree,21,402,10,8.492039800995025
Algebra,0.05,hyperdegree,21,402,11,10.175373134328359
Algebra,0.05,hyperdegree,21,402,12,12.100995024875623
Algebra,0.05,hyperdegree,21,402,13,14.396019900497512
Algebra,0.05,hyperdegree,21,402,14,16.959701492537313
Algebra,0.05,hyperdegree,21,402,15,19.909701492537312
Algebra,0.05,hyperdegree,21,402,16,23.30223880597015
Algebra,0.05,hyperdegree,21,402,17,27.089303482587066
Algebra,0.05,hyperdegree,21,402,18,31.236318407960198
Algebra,0.05,hyperdegree,21,402,19,35.86716417910448
Algebra,0.05,hyperdegree,21,402,20,40.907462686567165
Algebra,0.05,hyperdegree,21,402,21,46.1544776119403
Algebra,0.05,hyperdegree,21,402,22,51.76094527363184
Algebra,0.05,hyperdegree,21,402,23,57.62860696517413
Algebra,0.05,hyperdegree,21,402,24,63.79353233830846
Algebra,0.05,hyperdegree,21,402,25,70.2412935323383
Algebra,0.05,hyperdegree_greedy,21,402,0,1
Algebra,0.05,hyperdegree_greedy,21,402,1,1.4527363184079602
Algebra,0.05,hyperdegree_greedy,21,402,2,1.7885572139303483
Algebra,0.05,hyperdegree_greedy,21,402,3,2.1502487562189057
Algebra,0.05,hyperdegree_greedy,21,402,4,2.6407960199004976
Algebra,0.05,hyperdegree_greedy,21,402,5,3.242039800995025
Algebra,0.05,hyperdegree_greedy,21,402,6,3.9708955223880595
Algebra,0.05,hyperdegree_greedy,21,402,7,4.820398009950249
Algebra,0.05,hyperdegree_greedy,21,402,8,5.83134328358209
Algebra,0.05,hyperdegree_greedy,21,402,9,7.073880597014925
Algebra,0.05,hyperdegree_greedy,21,402,10,8.492039800995025
Algebra,0.05,hyperdegree_greedy,21,402,11,10.175373134328359
Algebra,0.05,hyperdegree_greedy,21,402,12,12.100995024875623
Algebra,0.05,hyperdegree_greedy,21,402,13,14.396019900497512
Algebra,0.05,hyperdegree_greedy,21,402,14,16.959701492537313
Algebra,0.05,hyperdegree_greedy,21,402,15,19.909701492537312
Algebra,0.05,hyperdegree_greedy,21,402,16,23.30223880597015
Algebra,0.05,hyperdegree_greedy,21,402,17,27.089303482587066
Algebra,0.05,hyperdegree_greedy,21,402,18,31.236318407960198
Algebra,0.05,hyperdegree_greedy,21,402,19,35.86716417910448
Algebra,0.05,hyperdegree_greedy,21,402,20,40.907462686567165
Algebra,0.05,hyperdegree_greedy,21,402,21,46.1544776119403
Algebra,0.05,hyperdegree_greedy,21,402,22,51.76094527363184
Algebra,0.05,hyperdegree_greedy,21,402,23,57.62860696517413
Algebra,0.05,hyperdegree_greedy,21,402,24,63.79353233830846
Algebra,0.05,hyperdegree_greedy,21,402,25,70.2412935323383
Algebra,0.05,random,21,402,0,1
Algebra,0.05,random,21,402,1,1.528358208955224
Algebra,0.05,random,21,402,2,1.9296019900497512
Algebra,0.05,random,21,402,3,2.4686567164179105
Algebra,0.05,random,21,402,4,3.145273631840796
Algebra,0.05,random,21,402,5,3.957462686567164
Algebra,0.05,random,21,402,6,4.98955223880597
Algebra,0.05,random,21,402,7,6.240049751243781
Algebra,0.05,random,21,402,8,7.7549751243781095
Algebra,0.05,random,21,402,9,9.59452736318408
Algebra,0.05,random,21,402,10,11.77363184079602
Algebra,0.05,random,21,402,11,14.392786069651741
Algebra,0.05,random,21,402,12,17.362437810945273
Algebra,0.05,random,21,402,13,20.925870646766167
Algebra,0.05,random,21,402,14,24.99228855721393
Algebra,0.05,random,21,402,15,29.66044776119403
Algebra,0.05,random,21,402,16,34.85572139303483
Algebra,0.05,random,21,402,17,40.62761194029851
Algebra,0.05,random,21,402,18,46.961194029850745
Algebra,0.05,random,21,402,19,53.702487562189056
Algebra,0.05,random,21,402,20,60.99800995024876
Algebra,0.05,random,21,402,21,68.67910447761194
Algebra,0.05,random,21,402,22,76.56592039800995
Algebra,0.05,random,21,402,23,84.70398009950249
Algebra,0.05,random,21,402,24,92.84726368159204
Algebra,0.05,random,21,402,25,101.00199004975124
Algebra,0.05,random_greedy,21,402,0,1
Algebra,0.05,random_greedy,21,402,1,1.519402985074627
Algebra,0.05,random_greedy,21,402,2,1.913681592039801
Algebra,0.05,random_greedy,21,402,3,2.4559701492537314
Algebra,0.05,random_greedy,21,402,4,3.1286069651741295
Algebra,0.05,random_greedy,21,402,5,3.957462686567164
Algebra,0.05,random_greedy,21,402,6,4.959701492537313
Algebra,0.05,random_greedy,21,402,7,6.203233830845771
Algebra,0.05,random_greedy,21,402,8,7.750746268656717
Algebra,0.05,random_greedy,21,402,9,9.560696517412936
Algebra,0.05,random_greedy,21,402,10,11.724875621890547
Algebra,0.05,random_greedy,21,402,11,14.271890547263682
Algebra,0.05,random_greedy,21,402,12,17.28283582089552
Algebra,0.05,random_greedy,21,402,13,20.754228855721394
Algebra,0.05,random_greedy,21,402,14,24.709701492537313
Algebra,0.05,random_greedy,21,402,15,29.276616915422885
Algebra,0.05,random_greedy,21,402,16,34.34925373134328
Algebra,0.05,random_greedy,21,402,17,39.94402985074627
Algebra,0.05,random_greedy,21,402,18,46.04651741293532
Algebra,0.05,random_greedy,21,402,19,52.61890547263682
Algebra,0.05,random_greedy,21,402,20,59.62114427860696
Algebra,0.05,random_greedy,21,402,21,66.8960199004975
Algebra,0.05,random_greedy,21,402,22,74.4276119402985
Algebra,0.05,random_greedy,21,402,23,82.1634328358209
Algebra,0.05,random_greedy,21,402,24,90.05995024875622
Algebra,0.05,random_greedy,21,402,25,97.99900497512438
Algebra,0.05,avg_hyperedge_size,21,402,0,1
Algebra,0.05,avg_hyperedge_size,21,402,1,1.4813432835820894
Algebra,0.05,avg_hyperedge_size,21,402,2,1.8430348258706468
Algebra,0.05,avg_hyperedge_size,21,402,3,2.328109452736318
Algebra,0.05,avg_hyperedge_size,21,402,4,2.922139303482587
Algebra,0.05,avg_hyperedge_size,21,402,5,3.615174129353234
Algebra,0.05,avg_hyperedge_size,21,402,6,4.473880597014926
Algebra,0.05,avg_hyperedge_size,21,402,7,5.533084577114428
Algebra,0.05,avg_hyperedge_size,21,402,8,6.766666666666667
Algebra,0.05,avg_hyperedge_size,21,402,9,8.262437810945274
Algebra,0.05,avg_hyperedge_size,21,402,10,10.047014925373134
Algebra,0.05,avg_hyperedge_size,21,402,11,12.09228855721393
Algebra,0.05,avg_hyperedge_size,21,402,12,14.493034825870646
Algebra,0.05,avg_hyperedge_size,21,402,13,17.258208955223882
Algebra,0.05,avg_hyperedge_size,21,402,14,20.461940298507464
Algebra,0.05,avg_hyperedge_size,21,402,15,24.205721393034825
Algebra,0.05,avg_hyperedge_size,21,402,16,28.387064676616916
Algebra,0.05,avg_hyperedge_size,21,402,17,33.03084577114428
Algebra,0.05,avg_hyperedge_size,21,402,18,38.18955223880597
Algebra,0.05,avg_hyperedge_size,21,402,19,43.872139303482584
Algebra,0.05,avg_hyperedge_size,21,402,20,49.982089552238804
Algebra,0.05,avg_hyperedge_size,21,402,21,56.396268656716416
Algebra,0.05,avg_hyperedge_size,21,402,22,63.25870646766169
Algebra,0.05,avg_hyperedge_size,21,402,23,70.36840796019901
Algebra,0.05,avg_hyperedge_size,21,402,24,77.64676616915423
Algebra,0.05,avg_hyperedge_size,21,402,25,84.99278606965174
Algebra,0.05,avg_hyperedge_size_greedy,21,402,0,1
Algebra,0.05,avg_hyperedge_size_greedy,21,402,1,1.4865671641791045
Algebra,0.05,avg_hyperedge_size_greedy,21,402,2,1.8497512437810946
Algebra,0.05,avg_hyperedge_size_greedy,21,402,3,2.351990049751244
Algebra,0.05,avg_hyperedge_size_greedy,21,402,4,2.9681592039800995
Algebra,0.05,avg_hyperedge_size_greedy,21,402,5,3.665671641791045
Algebra,0.05,avg_hyperedge_size_greedy,21,402,6,4.538805970149253
Algebra,0.05,avg_hyperedge_size_greedy,21,402,7,5.589800995024875
Algebra,0.05,avg_hyperedge_size_greedy,21,402,8,6.8696517412935325
Algebra,0.05,avg_hyperedge_size_greedy,21,402,9,8.373134328358208
Algebra,0.05,avg_hyperedge_size_greedy,21,402,10,10.15
Algebra,0.05,avg_hyperedge_size_greedy,21,402,11,12.249253731343284
Algebra,0.05,avg_hyperedge_size_greedy,21,402,12,14.668905472636816
Algebra,0.05,avg_hyperedge_size_greedy,21,402,13,17.454228855721393
Algebra,0.05,avg_hyperedge_size_greedy,21,402,14,20.698258706467662
Algebra,0.05,avg_hyperedge_size_greedy,21,402,15,24.431094527363182
Algebra,0.05,avg_hyperedge_size_greedy,21,402,16,28.60721393034826
Algebra,0.05,avg_hyperedge_size_greedy,21,402,17,33.277114427860695
Algebra,0.05,avg_hyperedge_size_greedy,21,402,18,38.41517412935323
Algebra,0.05,avg_hyperedge_size_greedy,21,402,19,44.00223880597015
Algebra,0.05,avg_hyperedge_size_greedy,21,402,20,50.04626865671642
Algebra,0.05,avg_hyperedge_size_greedy,21,402,21,56.48457711442786
Algebra,0.05,avg_hyperedge_size_greedy,21,402,22,63.24850746268657
Algebra,0.05,avg_hyperedge_size_greedy,21,402,23,70.41368159203981
Algebra,0.05,avg_hyperedge_size_greedy,21,402,24,77.61940298507463
Algebra,0.05,avg_hyperedge_size_greedy,21,402,25,84.93009950248756
Algebra,0.05,count_communities_in_hedges,21,402,0,1
Algebra,0.05,count_communities_in_hedges,21,402,1,1.4823383084577115
Algebra,0.05,count_communities_in_hedges,21,402,2,1.8532338308457712
Algebra,0.05,count_communities_in_hedges,21,402,3,2.3116915422885573
Algebra,0.05,count_communities_in_hedges,21,402,4,2.888308457711443
Algebra,0.05,count_communities_in_hedges,21,402,5,3.575124378109453
Algebra,0.05,count_communities_in_hedges,21,402,6,4.398507462686567
Algebra,0.05,count_communities_in_hedges,21,402,7,5.454726368159204
Algebra,0.05,count_communities_in_hedges,21,402,8,6.656218905472636
Algebra,0.05,count_communities_in_hedges,21,402,9,8.145522388059701
Algebra,0.05,count_communities_in_hedges,21,402,10,9.907960199004975
Algebra,0.05,count_communities_in_hedges,21,402,11,11.957462686567164
Algebra,0.05,count_communities_in_hedges,21,402,12,14.403731343283582
Algebra,0.05,count_communities_in_hedges,21,402,13,17.200746268656715
Algebra,0.05,count_communities_in_hedges,21,402,14,20.347512437810945
Algebra,0.05,count_communities_in_hedges,21,402,15,23.942786069651742
Algebra,0.05,count_communities_in_hedges,21,402,16,27.96044776119403
Algebra,0.05,count_communities_in_hedges,21,402,17,32.59950248756219
Algebra,0.05,count_communities_in_hedges,21,402,18,37.53482587064676
Algebra,0.05,count_communities_in_hedges,21,402,19,42.88681592039801
Algebra,0.05,count_communities_in_hedges,21,402,20,48.6320895522388
Algebra,0.05,count_communities_in_hedges,21,402,21,54.72189054726368
Algebra,0.05,count_communities_in_hedges,21,402,22,61.15547263681592
Algebra,0.05,count_communities_in_hedges,21,402,23,67.6905472636816
Algebra,0.05,count_communities_in_hedges,21,402,24,74.35671641791045
Algebra,0.05,count_communities_in_hedges,21,402,25,81.13208955223881
Algebra,0.05,count_communities_in_hedges_greedy,21,402,0,1
Algebra,0.05,count_communities_in_hedges_greedy,21,402,1,1.4823383084577115
Algebra,0.05,count_communities_in_hedges_greedy,21,402,2,1.8532338308457712
Algebra,0.05,count_communities_in_hedges_greedy,21,402,3,2.3116915422885573
Algebra,0.05,count_communities_in_hedges_greedy,21,402,4,2.888308457711443
Algebra,0.05,count_communities_in_hedges_greedy,21,402,5,3.575124378109453
Algebra,0.05,count_communities_in_hedges_greedy,21,402,6,4.398507462686567
Algebra,0.05,count_communities_in_hedges_greedy,21,402,7,5.454726368159204
Algebra,0.05,count_communities_in_hedges_greedy,21,402,8,6.656218905472636
Algebra,0.05,count_communities_in_hedges_greedy,21,402,9,8.145522388059701
Algebra,0.05,count_communities_in_hedges_greedy,21,402,10,9.907960199004975
Algebra,0.05,count_communities_in_hedges_greedy,21,402,11,11.957462686567164
Algebra,0.05,count_communities_in_hedges_greedy,21,402,12,14.403731343283582
Algebra,0.05,count_communities_in_hedges_greedy,21,402,13,17.200746268656715
Algebra,0.05,count_communities_in_hedges_greedy,21,402,14,20.347512437810945
Algebra,0.05,count_communities_in_hedges_greedy,21,402,15,23.942786069651742
Algebra,0.05,count_communities_in_hedges_greedy,21,402,16,27.96044776119403
Algebra,0.05,count_communities_in_hedges_greedy,21,402,17,32.59950248756219
Algebra,0.05,count_communities_in_hedges_greedy,21,402,18,37.53482587064676
Algebra,0.05,count_communities_in_hedges_greedy,21,402,19,42.88681592039801
Algebra,0.05,count_communities_in_hedges_greedy,21,402,20,48.6320895522388
Algebra,0.05,count_communities_in_hedges_greedy,21,402,21,54.72189054726368
Algebra,0.05,count_communities_in_hedges_greedy,21,402,22,61.15547263681592
Algebra,0.05,count_communities_in_hedges_greedy,21,402,23,67.6905472636816
Algebra,0.05,count_communities_in_hedges_greedy,21,402,24,74.35671641791045
Algebra,0.05,count_communities_in_hedges_greedy,21,402,25,81.13208955223881
Algebra,0.05,count_ic_hedges,21,402,0,1
Algebra,0.05,count_ic_hedges,21,402,1,1.4462686567164178
Algebra,0.05,count_ic_hedges,21,402,2,1.7753731343283583
Algebra,0.05,count_ic_hedges,21,402,3,2.1427860696517413
Algebra,0.05,count_ic_hedges,21,402,4,2.6009950248756217
Algebra,0.05,count_ic_hedges,21,402,5,3.1937810945273633
Algebra,0.05,count_ic_hedges,21,402,6,3.8564676616915423
Algebra,0.05,count_ic_hedges,21,402,7,4.704477611940298
Algebra,0.05,count_ic_hedges,21,402,8,5.692786069651741
Algebra,0.05,count_ic_hedges,21,402,9,6.884825870646766
Algebra,0.05,count_ic_hedges,21,402,10,8.235074626865671
Algebra,0.05,count_ic_hedges,21,402,11,9.85223880597015
Algebra,0.05,count_ic_hedges,21,402,12,11.728109452736318
Algebra,0.05,count_ic_hedges,21,402,13,13.940796019900498
Algebra,0.05,count_ic_hedges,21,402,14,16.498756218905474
Algebra,0.05,count_ic_hedges,21,402,15,19.280099502487563
Algebra,0.05,count_ic_hedges,21,402,16,22.52537313432836
Algebra,0.05,count_ic_hedges,21,402,17,26.208457711442787
Algebra,0.05,count_ic_hedges,21,402,18,30.29502487562189
Algebra,0.05,count_ic_hedges,21,402,19,34.70522388059702
Algebra,0.05,count_ic_hedges,21,402,20,39.517412935323385
Algebra,0.05,count_ic_hedges,21,402,21,44.71567164179105
Algebra,0.05,count_ic_hedges,21,402,22,50.298009950248755
Algebra,0.05,count_ic_hedges,21,402,23,55.994278606965175
Algebra,0.05,count_ic_hedges,21,402,24,62.093034825870646
Algebra,0.05,count_ic_hedges,21,402,25,68.33731343283583
Algebra,0.05,count_ic_hedges_greedy,21,402,0,1
Algebra,0.05,count_ic_hedges_greedy,21,402,1,1.4465174129353233
Algebra,0.05,count_ic_hedges_greedy,21,402,2,1.7796019900497513
Algebra,0.05,count_ic_hedges_greedy,21,402,3,2.143781094527363
Algebra,0.05,count_ic_hedges_greedy,21,402,4,2.613681592039801
Algebra,0.05,count_ic_hedges_greedy,21,402,5,3.1902985074626864
Algebra,0.05,count_ic_hedges_greedy,21,402,6,3.8689054726368157
Algebra,0.05,count_ic_hedges_greedy,21,402,7,4.681840796019901
Algebra,0.05,count_ic_hedges_greedy,21,402,8,5.693781094527363
Algebra,0.05,count_ic_hedges_greedy,21,402,9,6.822388059701493
Algebra,0.05,count_ic_hedges_greedy,21,402,10,8.167164179104478
Algebra,0.05,count_ic_hedges_greedy,21,402,11,9.75497512437811
Algebra,0.05,count_ic_hedges_greedy,21,402,12,11.547014925373134
Algebra,0.05,count_ic_hedges_greedy,21,402,13,13.6636815920398
Algebra,0.05,count_ic_hedges_greedy,21,402,14,16.09776119402985
Algebra,0.05,count_ic_hedges_greedy,21,402,15,18.845024875621892
Algebra,0.05,count_ic_hedges_greedy,21,402,16,21.962935323383086
Algebra,0.05,count_ic_hedges_greedy,21,402,17,25.487810945273633
Algebra,0.05,count_ic_hedges_greedy,21,402,18,29.3318407960199
Algebra,0.05,count_ic_hedges_greedy,21,402,19,33.54179104477612
Algebra,0.05,count_ic_hedges_greedy,21,402,20,38.157960199004975
Algebra,0.05,count_ic_hedges_greedy,21,402,21,43.19676616915423
Algebra,0.05,count_ic_hedges_greedy,21,402,22,48.539800995024876
Algebra,0.05,count_ic_hedges_greedy,21,402,23,54.15522388059701
Algebra,0.05,count_ic_hedges_greedy,21,402,24,60.02810945273632
Algebra,0.05,count_ic_hedges_greedy,21,402,25,66.08358208955224
Algebra,0.05,responsibility_weighted_hdeg,21,402,0,1
Algebra,0.05,responsibility_weighted_hdeg,21,402,1,1.4527363184079602
Algebra,0.05,responsibility_weighted_hdeg,21,402,2,1.7885572139303483
Algebra,0.05,responsibility_weighted_hdeg,21,402,3,2.1502487562189057
Algebra,0.05,responsibility_weighted_hdeg,21,402,4,2.6407960199004976
Algebra,0.05,responsibility_weighted_hdeg,21,402,5,3.242039800995025
Algebra,0.05,responsibility_weighted_hdeg,21,402,6,3.9708955223880595
Algebra,0.05,responsibility_weighted_hdeg,21,402,7,4.820398009950249
Algebra,0.05,responsibility_weighted_hdeg,21,402,8,5.83134328358209
Algebra,0.05,responsibility_weighted_hdeg,21,402,9,7.073880597014925
Algebra,0.05,responsibility_weighted_hdeg,21,402,10,8.492039800995025
Algebra,0.05,responsibility_weighted_hdeg,21,402,11,10.175373134328359
Algebra,0.05,responsibility_weighted_hdeg,21,402,12,12.100995024875623
Algebra,0.05,responsibility_weighted_hdeg,21,402,13,14.396019900497512
Algebra,0.05,responsibility_weighted_hdeg,21,402,14,16.959701492537313
Algebra,0.05,responsibility_weighted_hdeg,21,402,15,19.909701492537312
Algebra,0.05,responsibility_weighted_hdeg,21,402,16,23.30223880597015
Algebra,0.05,responsibility_weighted_hdeg,21,402,17,27.089303482587066
Algebra,0.05,responsibility_weighted_hdeg,21,402,18,31.236318407960198
Algebra,0.05,responsibility_weighted_hdeg,21,402,19,35.86716417910448
Algebra,0.05,responsibility_weighted_hdeg,21,402,20,40.907462686567165
Algebra,0.05,responsibility_weighted_hdeg,21,402,21,46.1544776119403
Algebra,0.05,responsibility_weighted_hdeg,21,402,22,51.76094527363184
Algebra,0.05,responsibility_weighted_hdeg,21,402,23,57.62860696517413
Algebra,0.05,responsibility_weighted_hdeg,21,402,24,63.79353233830846
Algebra,0.05,responsibility_weighted_hdeg,21,402,25,70.2412935323383
Algebra,0.05,responsibility_weighted_hdeg_greedy,21,402,0,1
Algebra,0.05,responsibility_weighted_hdeg_greedy,21,402,1,1.4527363184079602
Algebra,0.05,responsibility_weighted_hdeg_greedy,21,402,2,1.7885572139303483
Algebra,0.05,responsibility_weighted_hdeg_greedy,21,402,3,2.1502487562189057
Algebra,0.05,responsibility_weighted_hdeg_greedy,21,402,4,2.6407960199004976
Algebra,0.05,responsibility_weighted_hdeg_greedy,21,402,5,3.242039800995025
Algebra,0.05,responsibility_weighted_hdeg_greedy,21,402,6,3.9708955223880595
Algebra,0.05,responsibility_weighted_hdeg_greedy,21,402,7,4.820398009950249
Algebra,0.05,responsibility_weighted_hdeg_greedy,21,402,8,5.83134328358209
Algebra,0.05,responsibility_weighted_hdeg_greedy,21,402,9,7.073880597014925
Algebra,0.05,responsibility_weighted_hdeg_greedy,21,402,10,8.492039800995025
Algebra,0.05,responsibility_weighted_hdeg_greedy,21,402,11,10.175373134328359
Algebra,0.05,responsibility_weighted_hdeg_greedy,21,402,12,12.100995024875623
Algebra,0.05,responsibility_weighted_hdeg_greedy,21,402,13,14.396019900497512
Algebra,0.05,responsibility_weighted_hdeg_greedy,21,402,14,16.959701492537313
Algebra,0.05,responsibility_weighted_hdeg_greedy,21,402,15,19.909701492537312
Algebra,0.05,responsibility_weighted_hdeg_greedy,21,402,16,23.30223880597015
Algebra,0.05,responsibility_weighted_hdeg_greedy,21,402,17,27.089303482587066
Algebra,0.05,responsibility_weighted_hdeg_greedy,21,402,18,31.236318407960198
Algebra,0.05,responsibility_weighted_hdeg_greedy,21,402,19,35.86716417910448
Algebra,0.05,responsibility_weighted_hdeg_greedy,21,402,20,40.907462686567165
Algebra,0.05,responsibility_weighted_hdeg_greedy,21,402,21,46.1544776119403
Algebra,0.05,responsibility_weighted_hdeg_greedy,21,402,22,51.76094527363184
Algebra,0.05,responsibility_weighted_hdeg_greedy,21,402,23,57.62860696517413
Algebra,0.05,responsibility_weighted_hdeg_greedy,21,402,24,63.79353233830846
Algebra,0.05,responsibility_weighted_hdeg_greedy,21,402,25,70.2412935323383
Algebra,0.05,filtered_hyperdegree,21,402,0,1
Algebra,0.05,filtered_hyperdegree,21,402,1,1.4527363184079602
Algebra,0.05,filtered_hyperdegree,21,402,2,1.7885572139303483
Algebra,0.05,filtered_hyperdegree,21,402,3,2.1502487562189057
Algebra,0.05,filtered_hyperdegree,21,402,4,2.6407960199004976
Algebra,0.05,filtered_hyperdegree,21,402,5,3.242039800995025
Algebra,0.05,filtered_hyperdegree,21,402,6,3.9708955223880595
Algebra,0.05,filtered_hyperdegree,21,402,7,4.820398009950249
Algebra,0.05,filtered_hyperdegree,21,402,8,5.83134328358209
Algebra,0.05,filtered_hyperdegree,21,402,9,7.073880597014925
Algebra,0.05,filtered_hyperdegree,21,402,10,8.492039800995025
Algebra,0.05,filtered_hyperdegree,21,402,11,10.175373134328359
Algebra,0.05,filtered_hyperdegree,21,402,12,12.100995024875623
Algebra,0.05,filtered_hyperdegree,21,402,13,14.396019900497512
Algebra,0.05,filtered_hyperdegree,21,402,14,16.959701492537313
Algebra,0.05,filtered_hyperdegree,21,402,15,19.909701492537312
Algebra,0.05,filtered_hyperdegree,21,402,16,23.30223880597015
Algebra,0.05,filtered_hyperdegree,21,402,17,27.089303482587066
Algebra,0.05,filtered_hyperdegree,21,402,18,31.236318407960198
Algebra,0.05,filtered_hyperdegree,21,402,19,35.86716417910448
Algebra,0.05,filtered_hyperdegree,21,402,20,40.907462686567165
Algebra,0.05,filtered_hyperdegree,21,402,21,46.1544776119403
Algebra,0.05,filtered_hyperdegree,21,402,22,51.76094527363184
Algebra,0.05,filtered_hyperdegree,21,402,23,57.62860696517413
Algebra,0.05,filtered_hyperdegree,21,402,24,63.79353233830846
Algebra,0.05,filtered_hyperdegree,21,402,25,70.2412935323383
Algebra,0.05,filtered_hyperdegree_greedy,21,402,0,1
Algebra,0.05,filtered_hyperdegree_greedy,21,402,1,1.4527363184079602
Algebra,0.05,filtered_hyperdegree_greedy,21,402,2,1.7885572139303483
Algebra,0.05,filtered_hyperdegree_greedy,21,402,3,2.1502487562189057
Algebra,0.05,filtered_hyperdegree_greedy,21,402,4,2.6407960199004976
Algebra,0.05,filtered_hyperdegree_greedy,21,402,5,3.242039800995025
Algebra,0.05,filtered_hyperdegree_greedy,21,402,6,3.9708955223880595
Algebra,0.05,filtered_hyperdegree_greedy,21,402,7,4.820398009950249
Algebra,0.05,filtered_hyperdegree_greedy,21,402,8,5.83134328358209
Algebra,0.05,filtered_hyperdegree_greedy,21,402,9,7.073880597014925
Algebra,0.05,filtered_hyperdegree_greedy,21,402,10,8.492039800995025
Algebra,0.05,filtered_hyperdegree_greedy,21,402,11,10.175373134328359
Algebra,0.05,filtered_hyperdegree_greedy,21,402,12,12.100995024875623
Algebra,0.05,filtered_hyperdegree_greedy,21,402,13,14.396019900497512
Algebra,0.05,filtered_hyperdegree_greedy,21,402,14,16.959701492537313
Algebra,0.05,filtered_hyperdegree_greedy,21,402,15,19.909701492537312
Algebra,0.05,filtered_hyperdegree_greedy,21,402,16,23.30223880597015
Algebra,0.05,filtered_hyperdegree_greedy,21,402,17,27.089303482587066
Algebra,0.05,filtered_hyperdegree_greedy,21,402,18,31.236318407960198
Algebra,0.05,filtered_hyperdegree_greedy,21,402,19,35.86716417910448
Algebra,0.05,filtered_hyperdegree_greedy,21,402,20,40.907462686567165
Algebra,0.05,filtered_hyperdegree_greedy,21,402,21,46.1544776119403
Algebra,0.05,filtered_hyperdegree_greedy,21,402,22,51.76094527363184
Algebra,0.05,filtered_hyperdegree_greedy,21,402,23,57.62860696517413
Algebra,0.05,filtered_hyperdegree_greedy,21,402,24,63.79353233830846
Algebra,0.05,filtered_hyperdegree_greedy,21,402,25,70.2412935323383
Algebra,0.05,ept_bridge_out_strength,21,402,0,1
Algebra,0.05,ept_bridge_out_strength,21,402,1,1.4840796019900497
Algebra,0.05,ept_bridge_out_strength,21,402,2,1.845771144278607
Algebra,0.05,ept_bridge_out_strength,21,402,3,2.341542288557214
Algebra,0.05,ept_bridge_out_strength,21,402,4,2.9385572139303484
Algebra,0.05,ept_bridge_out_strength,21,402,5,3.62089552238806
Algebra,0.05,ept_bridge_out_strength,21,402,6,4.483084577114428
Algebra,0.05,ept_bridge_out_strength,21,402,7,5.529601990049751
Algebra,0.05,ept_bridge_out_strength,21,402,8,6.809203980099502
Algebra,0.05,ept_bridge_out_strength,21,402,9,8.3363184079602
Algebra,0.05,ept_bridge_out_strength,21,402,10,10.161194029850746
Algebra,0.05,ept_bridge_out_strength,21,402,11,12.270149253731343
Algebra,0.05,ept_bridge_out_strength,21,402,12,14.742786069651741
Algebra,0.05,ept_bridge_out_strength,21,402,13,17.605721393034827
Algebra,0.05,ept_bridge_out_strength,21,402,14,20.87039800995025
Algebra,0.05,ept_bridge_out_strength,21,402,15,24.661194029850748
Algebra,0.05,ept_bridge_out_strength,21,402,16,28.963930348258707
Algebra,0.05,ept_bridge_out_strength,21,402,17,33.718407960199
Algebra,0.05,ept_bridge_out_strength,21,402,18,38.94601990049751
Algebra,0.05,ept_bridge_out_strength,21,402,19,44.67338308457711
Algebra,0.05,ept_bridge_out_strength,21,402,20,50.83805970149254
Algebra,0.05,ept_bridge_out_strength,21,402,21,57.47412935323383
Algebra,0.05,ept_bridge_out_strength,21,402,22,64.38830845771145
Algebra,0.05,ept_bridge_out_strength,21,402,23,71.52164179104477
Algebra,0.05,ept_bridge_out_strength,21,402,24,78.88109452736319
Algebra,0.05,ept_bridge_out_strength,21,402,25,86.26492537313433
Algebra,0.05,ept_bridge_out_strength_greedy,21,402,0,1
Algebra,0.05,ept_bridge_out_strength_greedy,21,402,1,1.4840796019900497
Algebra,0.05,ept_bridge_out_strength_greedy,21,402,2,1.845771144278607
Algebra,0.05,ept_bridge_out_strength_greedy,21,402,3,2.341542288557214
Algebra,0.05,ept_bridge_out_strength_greedy,21,402,4,2.9385572139303484
Algebra,0.05,ept_bridge_out_strength_greedy,21,402,5,3.62089552238806
Algebra,0.05,ept_bridge_out_strength_greedy,21,402,6,4.483084577114428
Algebra,0.05,ept_bridge_out_strength_greedy,21,402,7,5.529601990049751
Algebra,0.05,ept_bridge_out_strength_greedy,21,402,8,6.809203980099502
Algebra,0.05,ept_bridge_out_strength_greedy,21,402,9,8.3363184079602
Algebra,0.05,ept_bridge_out_strength_greedy,21,402,10,10.161194029850746
Algebra,0.05,ept_bridge_out_strength_greedy,21,402,11,12.270149253731343
Algebra,0.05,ept_bridge_out_strength_greedy,21,402,12,14.742786069651741
Algebra,0.05,ept_bridge_out_strength_greedy,21,402,13,17.605721393034827
Algebra,0.05,ept_bridge_out_strength_greedy,21,402,14,20.87039800995025
Algebra,0.05,ept_bridge_out_strength_greedy,21,402,15,24.661194029850748
Algebra,0.05,ept_bridge_out_strength_greedy,21,402,16,28.963930348258707
Algebra,0.05,ept_bridge_out_strength_greedy,21,402,17,33.718407960199
Algebra,0.05,ept_bridge_out_strength_greedy,21,402,18,38.94601990049751
Algebra,0.05,ept_bridge_out_strength_greedy,21,402,19,44.67338308457711
Algebra,0.05,ept_bridge_out_strength_greedy,21,402,20,50.83805970149254
Algebra,0.05,ept_bridge_out_strength_greedy,21,402,21,57.47412935323383
Algebra,0.05,ept_bridge_out_strength_greedy,21,402,22,64.38830845771145
Algebra,0.05,ept_bridge_out_strength_greedy,21,402,23,71.52164179104477
Algebra,0.05,ept_bridge_out_strength_greedy,21,402,24,78.88109452736319
Algebra,0.05,ept_bridge_out_strength_greedy,21,402,25,86.26492537313433
Algebra,0.05,ept_bridge_in_strength,21,402,0,1
Algebra,0.05,ept_bridge_in_strength,21,402,1,1.4450248756218906
Algebra,0.05,ept_bridge_in_strength,21,402,2,1.7808457711442787
Algebra,0.05,ept_bridge_in_strength,21,402,3,2.169402985074627
Algebra,0.05,ept_bridge_in_strength,21,402,4,2.6611940298507464
Algebra,0.05,ept_bridge_in_strength,21,402,5,3.245771144278607
Algebra,0.05,ept_bridge_in_strength,21,402,6,3.952487562189055
Algebra,0.05,ept_bridge_in_strength,21,402,7,4.778358208955224
Algebra,0.05,ept_bridge_in_strength,21,402,8,5.764925373134329
Algebra,0.05,ept_bridge_in_strength,21,402,9,6.92089552238806
Algebra,0.05,ept_bridge_in_strength,21,402,10,8.282587064676617
Algebra,0.05,ept_bridge_in_strength,21,402,11,9.873880597014926
Algebra,0.05,ept_bridge_in_strength,21,402,12,11.732835820895522
Algebra,0.05,ept_bridge_in_strength,21,402,13,13.873383084577114
Algebra,0.05,ept_bridge_in_strength,21,402,14,16.380597014925375
Algebra,0.05,ept_bridge_in_strength,21,402,15,19.201990049751245
Algebra,0.05,ept_bridge_in_strength,21,402,16,22.30323383084577
Algebra,0.05,ept_bridge_in_strength,21,402,17,25.843532338308457
Algebra,0.05,ept_bridge_in_strength,21,402,18,29.809701492537314
Algebra,0.05,ept_bridge_in_strength,21,402,19,34.07562189054726
Algebra,0.05,ept_bridge_in_strength,21,402,20,38.76965174129353
Algebra,0.05,ept_bridge_in_strength,21,402,21,43.78383084577114
Algebra,0.05,ept_bridge_in_strength,21,402,22,49.22661691542289
Algebra,0.05,ept_bridge_in_strength,21,402,23,54.896766169154226
Algebra,0.05,ept_bridge_in_strength,21,402,24,60.77014925373134
Algebra,0.05,ept_bridge_in_strength,21,402,25,66.8268656716418
Algebra,0.05,ept_bridge_in_strength_greedy,21,402,0,1
Algebra,0.05,ept_bridge_in_strength_greedy,21,402,1,1.4450248756218906
Algebra,0.05,ept_bridge_in_strength_greedy,21,402,2,1.7808457711442787
Algebra,0.05,ept_bridge_in_strength_greedy,21,402,3,2.169402985074627
Algebra,0.05,ept_bridge_in_strength_greedy,21,402,4,2.6611940298507464
Algebra,0.05,ept_bridge_in_strength_greedy,21,402,5,3.245771144278607
Algebra,0.05,ept_bridge_in_strength_greedy,21,402,6,3.952487562189055
Algebra,0.05,ept_bridge_in_strength_greedy,21,402,7,4.778358208955224
Algebra,0.05,ept_bridge_in_strength_greedy,21,402,8,5.764925373134329
Algebra,0.05,ept_bridge_in_strength_greedy,21,402,9,6.92089552238806
Algebra,0.05,ept_bridge_in_strength_greedy,21,402,10,8.282587064676617
Algebra,0.05,ept_bridge_in_strength_greedy,21,402,11,9.873880597014926
Algebra,0.05,ept_bridge_in_strength_greedy,21,402,12,11.732835820895522
Algebra,0.05,ept_bridge_in_strength_greedy,21,402,13,13.873383084577114
Algebra,0.05,ept_bridge_in_strength_greedy,21,402,14,16.380597014925375
Algebra,0.05,ept_bridge_in_strength_greedy,21,402,15,19.201990049751245
Algebra,0.05,ept_bridge_in_strength_greedy,21,402,16,22.30323383084577
Algebra,0.05,ept_bridge_in_strength_greedy,21,402,17,25.843532338308457
Algebra,0.05,ept_bridge_in_strength_greedy,21,402,18,29.809701492537314
Algebra,0.05,ept_bridge_in_strength_greedy,21,402,19,34.07562189054726
Algebra,0.05,ept_bridge_in_strength_greedy,21,402,20,38.76965174129353
Algebra,0.05,ept_bridge_in_strength_greedy,21,402,21,43.78383084577114
Algebra,0.05,ept_bridge_in_strength_greedy,21,402,22,49.22661691542289
Algebra,0.05,ept_bridge_in_strength_greedy,21,402,23,54.896766169154226
Algebra,0.05,ept_bridge_in_strength_greedy,21,402,24,60.77014925373134
Algebra,0.05,ept_bridge_in_strength_greedy,21,402,25,66.8268656716418
Algebra,0.05,ept_bridge_in_out_total,21,402,0,1
Algebra,0.05,ept_bridge_in_out_total,21,402,1,1.444278606965174
Algebra,0.05,ept_bridge_in_out_total,21,402,2,1.7736318407960199
Algebra,0.05,ept_bridge_in_out_total,21,402,3,2.1455223880597014
Algebra,0.05,ept_bridge_in_out_total,21,402,4,2.6276119402985074
Algebra,0.05,ept_bridge_in_out_total,21,402,5,3.199004975124378
Algebra,0.05,ept_bridge_in_out_total,21,402,6,3.880099502487562
Algebra,0.05,ept_bridge_in_out_total,21,402,7,4.7
Algebra,0.05,ept_bridge_in_out_total,21,402,8,5.647014925373134
Algebra,0.05,ept_bridge_in_out_total,21,402,9,6.76592039800995
Algebra,0.05,ept_bridge_in_out_total,21,402,10,8.084328358208955
Algebra,0.05,ept_bridge_in_out_total,21,402,11,9.677860696517413
Algebra,0.05,ept_bridge_in_out_total,21,402,12,11.50547263681592
Algebra,0.05,ept_bridge_in_out_total,21,402,13,13.584328358208955
Algebra,0.05,ept_bridge_in_out_total,21,402,14,15.962686567164178
Algebra,0.05,ept_bridge_in_out_total,21,402,15,18.671393034825872
Algebra,0.05,ept_bridge_in_out_total,21,402,16,21.726119402985073
Algebra,0.05,ept_bridge_in_out_total,21,402,17,25.155970149253733
Algebra,0.05,ept_bridge_in_out_total,21,402,18,29.012437810945272
Algebra,0.05,ept_bridge_in_out_total,21,402,19,33.275373134328355
Algebra,0.05,ept_bridge_in_out_total,21,402,20,37.797014925373134
Algebra,0.05,ept_bridge_in_out_total,21,402,21,42.766666666666666
Algebra,0.05,ept_bridge_in_out_total,21,402,22,48.027363184079604
Algebra,0.05,ept_bridge_in_out_total,21,402,23,53.53333333333333
Algebra,0.05,ept_bridge_in_out_total,21,402,24,59.34925373134328
Algebra,0.05,ept_bridge_in_out_total,21,402,25,65.39029850746269
Algebra,0.05,ept_bridge_in_out_total_greedy,21,402,0,1
Algebra,0.05,ept_bridge_in_out_total_greedy,21,402,1,1.444278606965174
Algebra,0.05,ept_bridge_in_out_total_greedy,21,402,2,1.7736318407960199
Algebra,0.05,ept_bridge_in_out_total_greedy,21,402,3,2.1455223880597014
Algebra,0.05,ept_bridge_in_out_total_greedy,21,402,4,2.6276119402985074
Algebra,0.05,ept_bridge_in_out_total_greedy,21,402,5,3.199004975124378
Algebra,0.05,ept_bridge_in_out_total_greedy,21,402,6,3.880099502487562
Algebra,0.05,ept_bridge_in_out_total_greedy,21,402,7,4.7
Algebra,0.05,ept_bridge_in_out_total_greedy,21,402,8,5.647014925373134
Algebra,0.05,ept_bridge_in_out_total_greedy,21,402,9,6.76592039800995
Algebra,0.05,ept_bridge_in_out_total_greedy,21,402,10,8.084328358208955
Algebra,0.05,ept_bridge_in_out_total_greedy,21,402,11,9.677860696517413
Algebra,0.05,ept_bridge_in_out_total_greedy,21,402,12,11.50547263681592
Algebra,0.05,ept_bridge_in_out_total_greedy,21,402,13,13.584328358208955
Algebra,0.05,ept_bridge_in_out_total_greedy,21,402,14,15.962686567164178
Algebra,0.05,ept_bridge_in_out_total_greedy,21,402,15,18.671393034825872
Algebra,0.05,ept_bridge_in_out_total_greedy,21,402,16,21.726119402985073
Algebra,0.05,ept_bridge_in_out_total_greedy,21,402,17,25.155970149253733
Algebra,0.05,ept_bridge_in_out_total_greedy,21,402,18,29.012437810945272
Algebra,0.05,ept_bridge_in_out_total_greedy,21,402,19,33.275373134328355
Algebra,0.05,ept_bridge_in_out_total_greedy,21,402,20,37.797014925373134
Algebra,0.05,ept_bridge_in_out_total_greedy,21,402,21,42.766666666666666
Algebra,0.05,ept_bridge_in_out_total_greedy,21,402,22,48.027363184079604
Algebra,0.05,ept_bridge_in_out_total_greedy,21,402,23,53.53333333333333
Algebra,0.05,ept_bridge_in_out_total_greedy,21,402,24,59.34925373134328
Algebra,0.05,ept_bridge_in_out_total_greedy,21,402,25,65.39029850746269
Algebra,0.05,ept_boundary_strength,21,402,0,1
Algebra,0.05,ept_boundary_strength,21,402,1,1.445771144278607
Algebra,0.05,ept_boundary_strength,21,402,2,1.7696517412935324
Algebra,0.05,ept_boundary_strength,21,402,3,2.133084577114428
Algebra,0.05,ept_boundary_strength,21,402,4,2.5955223880597016
Algebra,0.05,ept_boundary_strength,21,402,5,3.1766169154228856
Algebra,0.05,ept_boundary_strength,21,402,6,3.8567164179104476
Algebra,0.05,ept_boundary_strength,21,402,7,4.701492537313433
Algebra,0.05,ept_boundary_strength,21,402,8,5.664179104477612
Algebra,0.05,ept_boundary_strength,21,402,9,6.782835820895523
Algebra,0.05,ept_boundary_strength,21,402,10,8.116169154228857
Algebra,0.05,ept_boundary_strength,21,402,11,9.669900497512439
Algebra,0.05,ept_boundary_strength,21,402,12,11.427611940298508
Algebra,0.05,ept_boundary_strength,21,402,13,13.530348258706468
Algebra,0.05,ept_boundary_strength,21,402,14,15.911940298507462
Algebra,0.05,ept_boundary_strength,21,402,15,18.656467661691543
Algebra,0.05,ept_boundary_strength,21,402,16,21.817412935323382
Algebra,0.05,ept_boundary_strength,21,402,17,25.312935323383083
Algebra,0.05,ept_boundary_strength,21,402,18,29.225124378109452
Algebra,0.05,ept_boundary_strength,21,402,19,33.44601990049751
Algebra,0.05,ept_boundary_strength,21,402,20,38.07960199004975
Algebra,0.05,ept_boundary_strength,21,402,21,43.21417910447761
Algebra,0.05,ept_boundary_strength,21,402,22,48.46890547263681
Algebra,0.05,ept_boundary_strength,21,402,23,54.148258706467665
Algebra,0.05,ept_boundary_strength,21,402,24,60.06318407960199
Algebra,0.05,ept_boundary_strength,21,402,25,66.20995024875621
Algebra,0.05,ept_boundary_strength_greedy,21,402,0,1
Algebra,0.05,ept_boundary_strength_greedy,21,402,1,1.445771144278607
Algebra,0.05,ept_boundary_strength_greedy,21,402,2,1.7696517412935324
Algebra,0.05,ept_boundary_strength_greedy,21,402,3,2.133084577114428
Algebra,0.05,ept_boundary_strength_greedy,21,402,4,2.5955223880597016
Algebra,0.05,ept_boundary_strength_greedy,21,402,5,3.1766169154228856
Algebra,0.05,ept_boundary_strength_greedy,21,402,6,3.8567164179104476
Algebra,0.05,ept_boundary_strength_greedy,21,402,7,4.701492537313433
Algebra,0.05,ept_boundary_strength_greedy,21,402,8,5.664179104477612
Algebra,0.05,ept_boundary_strength_greedy,21,402,9,6.782835820895523
Algebra,0.05,ept_boundary_strength_greedy,21,402,10,8.116169154228857
Algebra,0.05,ept_boundary_strength_greedy,21,402,11,9.669900497512439
Algebra,0.05,ept_boundary_strength_greedy,21,402,12,11.427611940298508
Algebra,0.05,ept_boundary_strength_greedy,21,402,13,13.530348258706468
Algebra,0.05,ept_boundary_strength_greedy,21,402,14,15.911940298507462
Algebra,0.05,ept_boundary_strength_greedy,21,402,15,18.656467661691543
Algebra,0.05,ept_boundary_strength_greedy,21,402,16,21.817412935323382
Algebra,0.05,ept_boundary_strength_greedy,21,402,17,25.312935323383083
Algebra,0.05,ept_boundary_strength_greedy,21,402,18,29.225124378109452
Algebra,0.05,ept_boundary_strength_greedy,21,402,19,33.44601990049751
Algebra,0.05,ept_boundary_strength_greedy,21,402,20,38.07960199004975
Algebra,0.05,ept_boundary_strength_greedy,21,402,21,43.21417910447761
Algebra,0.05,ept_boundary_strength_greedy,21,402,22,48.46890547263681
Algebra,0.05,ept_boundary_strength_greedy,21,402,23,54.148258706467665
Algebra,0.05,ept_boundary_strength_greedy,21,402,24,60.06318407960199
Algebra,0.05,ept_boundary_strength_greedy,21,402,25,66.20995024875621
Algebra,0.05,ept_bridge_out_fraction,21,402,0,1
Algebra,0.05,ept_bridge_out_fraction,21,402,1,1.4967661691542289
Algebra,0.05,ept_bridge_out_fraction,21,402,2,1.8644278606965174
Algebra,0.05,ept_bridge_out_fraction,21,402,3,2.3601990049751245
Algebra,0.05,ept_bridge_out_fraction,21,402,4,2.9718905472636816
Algebra,0.05,ept_bridge_out_fraction,21,402,5,3.699004975124378
Algebra,0.05,ept_bridge_out_fraction,21,402,6,4.620149253731343
Algebra,0.05,ept_bridge_out_fraction,21,402,7,5.7029850746268655
Algebra,0.05,ept_bridge_out_fraction,21,402,8,7.029353233830846
Algebra,0.05,ept_bridge_out_fraction,21,402,9,8.564427860696517
Algebra,0.05,ept_bridge_out_fraction,21,402,10,10.401741293532337
Algebra,0.05,ept_bridge_out_fraction,21,402,11,12.57960199004975
Algebra,0.05,ept_bridge_out_fraction,21,402,12,15.126616915422886
Algebra,0.05,ept_bridge_out_fraction,21,402,13,18.046268656716418
Algebra,0.05,ept_bridge_out_fraction,21,402,14,21.36592039800995
Algebra,0.05,ept_bridge_out_fraction,21,402,15,25.136567164179105
Algebra,0.05,ept_bridge_out_fraction,21,402,16,29.423383084577114
Algebra,0.05,ept_bridge_out_fraction,21,402,17,34.21094527363184
Algebra,0.05,ept_bridge_out_fraction,21,402,18,39.438805970149254
Algebra,0.05,ept_bridge_out_fraction,21,402,19,45.146268656716416
Algebra,0.05,ept_bridge_out_fraction,21,402,20,51.22587064676617
Algebra,0.05,ept_bridge_out_fraction,21,402,21,57.70049751243781
Algebra,0.05,ept_bridge_out_fraction,21,402,22,64.42512437810946
Algebra,0.05,ept_bridge_out_fraction,21,402,23,71.3544776119403
Algebra,0.05,ept_bridge_out_fraction,21,402,24,78.53233830845771
Algebra,0.05,ept_bridge_out_fraction,21,402,25,85.78507462686566
Algebra,0.05,ept_bridge_out_fraction_greedy,21,402,0,1
Algebra,0.05,ept_bridge_out_fraction_greedy,21,402,1,1.5064676616915422
Algebra,0.05,ept_bridge_out_fraction_greedy,21,402,2,1.9022388059701492
Algebra,0.05,ept_bridge_out_fraction_greedy,21,402,3,2.443283582089552
Algebra,0.05,ept_bridge_out_fraction_greedy,21,402,4,3.0982587064676617
Algebra,0.05,ept_bridge_out_fraction_greedy,21,402,5,3.890547263681592
Algebra,0.05,ept_bridge_out_fraction_greedy,21,402,6,4.865671641791045
Algebra,0.05,ept_bridge_out_fraction_greedy,21,402,7,6.066169154228856
Algebra,0.05,ept_bridge_out_fraction_greedy,21,402,8,7.498009950248756
Algebra,0.05,ept_bridge_out_fraction_greedy,21,402,9,9.26865671641791
Algebra,0.05,ept_bridge_out_fraction_greedy,21,402,10,11.338557213930349
Algebra,0.05,ept_bridge_out_fraction_greedy,21,402,11,13.82412935323383
Algebra,0.05,ept_bridge_out_fraction_greedy,21,402,12,16.7044776119403
Algebra,0.05,ept_bridge_out_fraction_greedy,21,402,13,20.050746268656717
Algebra,0.05,ept_bridge_out_fraction_greedy,21,402,14,23.8363184079602
Algebra,0.05,ept_bridge_out_fraction_greedy,21,402,15,28.19726368159204
Algebra,0.05,ept_bridge_out_fraction_greedy,21,402,16,33.10970149253731
Algebra,0.05,ept_bridge_out_fraction_greedy,21,402,17,38.46890547263681
Algebra,0.05,ept_bridge_out_fraction_greedy,21,402,18,44.46417910447761
Algebra,0.05,ept_bridge_out_fraction_greedy,21,402,19,50.81169154228856
Algebra,0.05,ept_bridge_out_fraction_greedy,21,402,20,57.62910447761194
Algebra,0.05,ept_bridge_out_fraction_greedy,21,402,21,64.72487562189055
Algebra,0.05,ept_bridge_out_fraction_greedy,21,402,22,72.18109452736319
Algebra,0.05,ept_bridge_out_fraction_greedy,21,402,23,79.8179104477612
Algebra,0.05,ept_bridge_out_fraction_greedy,21,402,24,87.53582089552239
Algebra,0.05,ept_bridge_out_fraction_greedy,21,402,25,95.25721393034826
Algebra,0.05,ept_bridge_broker,21,402,0,1
Algebra,0.05,ept_bridge_broker,21,402,1,1.4587064676616917
Algebra,0.05,ept_bridge_broker,21,402,2,1.7962686567164179
Algebra,0.05,ept_bridge_broker,21,402,3,2.1893034825870648
Algebra,0.05,ept_bridge_broker,21,402,4,2.6731343283582087
Algebra,0.05,ept_bridge_broker,21,402,5,3.220398009950249
Algebra,0.05,ept_bridge_broker,21,402,6,3.8987562189054725
Algebra,0.05,ept_bridge_broker,21,402,7,4.703233830845771
Algebra,0.05,ept_bridge_broker,21,402,8,5.625870646766169
Algebra,0.05,ept_bridge_broker,21,402,9,6.732835820895523
Algebra,0.05,ept_bridge_broker,21,402,10,7.98681592039801
Algebra,0.05,ept_bridge_broker,21,402,11,9.467661691542288
Algebra,0.05,ept_bridge_broker,21,402,12,11.196517412935323
Algebra,0.05,ept_bridge_broker,21,402,13,13.178358208955224
Algebra,0.05,ept_bridge_broker,21,402,14,15.475124378109452
Algebra,0.05,ept_bridge_broker,21,402,15,18.096517412935324
Algebra,0.05,ept_bridge_broker,21,402,16,21.041293532338308
Algebra,0.05,ept_bridge_broker,21,402,17,24.331094527363184
Algebra,0.05,ept_bridge_broker,21,402,18,27.95223880597015
Algebra,0.05,ept_bridge_broker,21,402,19,32.014427860696514
Algebra,0.05,ept_bridge_broker,21,402,20,36.44800995024875
Algebra,0.05,ept_bridge_broker,21,402,21,41.26766169154229
Algebra,0.05,ept_bridge_broker,21,402,22,46.37587064676617
Algebra,0.05,ept_bridge_broker,21,402,23,51.84776119402985
Algebra,0.05,ept_bridge_broker,21,402,24,57.603731343283584
Algebra,0.05,ept_bridge_broker,21,402,25,63.69477611940299
Algebra,0.05,ept_bridge_broker_greedy,21,402,0,1
Algebra,0.05,ept_bridge_broker_greedy,21,402,1,1.458955223880597
Algebra,0.05,ept_bridge_broker_greedy,21,402,2,1.7937810945273631
Algebra,0.05,ept_bridge_broker_greedy,21,402,3,2.176865671641791
Algebra,0.05,ept_bridge_broker_greedy,21,402,4,2.6855721393034826
Algebra,0.05,ept_bridge_broker_greedy,21,402,5,3.270646766169154
Algebra,0.05,ept_bridge_broker_greedy,21,402,6,3.960945273631841
Algebra,0.05,ept_bridge_broker_greedy,21,402,7,4.801990049751244
Algebra,0.05,ept_bridge_broker_greedy,21,402,8,5.75
Algebra,0.05,ept_bridge_broker_greedy,21,402,9,6.898009950248756
Algebra,0.05,ept_bridge_broker_greedy,21,402,10,8.198507462686567
Algebra,0.05,ept_bridge_broker_greedy,21,402,11,9.758955223880598
Algebra,0.05,ept_bridge_broker_greedy,21,402,12,11.514925373134329
Algebra,0.05,ept_bridge_broker_greedy,21,402,13,13.59228855721393
Algebra,0.05,ept_bridge_broker_greedy,21,402,14,15.92636815920398
Algebra,0.05,ept_bridge_broker_greedy,21,402,15,18.585074626865673
Algebra,0.05,ept_bridge_broker_greedy,21,402,16,21.511194029850746
Algebra,0.05,ept_bridge_broker_greedy,21,402,17,24.824626865671643
Algebra,0.05,ept_bridge_broker_greedy,21,402,18,28.491044776119402
Algebra,0.05,ept_bridge_broker_greedy,21,402,19,32.54527363184079
Algebra,0.05,ept_bridge_broker_greedy,21,402,20,36.95373134328358
Algebra,0.05,ept_bridge_broker_greedy,21,402,21,41.72960199004975
Algebra,0.05,ept_bridge_broker_greedy,21,402,22,46.906965174129354
Algebra,0.05,ept_bridge_broker_greedy,21,402,23,52.40248756218905
Algebra,0.05,ept_bridge_broker_greedy,21,402,24,58.156716417910445
Algebra,0.05,ept_bridge_broker_greedy,21,402,25,64.17835820895522
Algebra,0.05,ept_boundary_ratio,21,402,0,1
Algebra,0.05,ept_boundary_ratio,21,402,1,1.4967661691542289
Algebra,0.05,ept_boundary_ratio,21,402,2,1.8644278606965174
Algebra,0.05,ept_boundary_ratio,21,402,3,2.3601990049751245
Algebra,0.05,ept_boundary_ratio,21,402,4,2.9718905472636816
Algebra,0.05,ept_boundary_ratio,21,402,5,3.699004975124378
Algebra,0.05,ept_boundary_ratio,21,402,6,4.620149253731343
Algebra,0.05,ept_boundary_ratio,21,402,7,5.7029850746268655
Algebra,0.05,ept_boundary_ratio,21,402,8,7.029353233830846
Algebra,0.05,ept_boundary_ratio,21,402,9,8.564427860696517
Algebra,0.05,ept_boundary_ratio,21,402,10,10.401741293532337
Algebra,0.05,ept_boundary_ratio,21,402,11,12.57960199004975
Algebra,0.05,ept_boundary_ratio,21,402,12,15.126616915422886
Algebra,0.05,ept_boundary_ratio,21,402,13,18.046268656716418
Algebra,0.05,ept_boundary_ratio,21,402,14,21.36592039800995
Algebra,0.05,ept_boundary_ratio,21,402,15,25.136567164179105
Algebra,0.05,ept_boundary_ratio,21,402,16,29.423383084577114
Algebra,0.05,ept_boundary_ratio,21,402,17,34.21094527363184
Algebra,0.05,ept_boundary_ratio,21,402,18,39.438805970149254
Algebra,0.05,ept_boundary_ratio,21,402,19,45.146268656716416
Algebra,0.05,ept_boundary_ratio,21,402,20,51.22587064676617
Algebra,0.05,ept_boundary_ratio,21,402,21,57.70049751243781
Algebra,0.05,ept_boundary_ratio,21,402,22,64.42512437810946
Algebra,0.05,ept_boundary_ratio,21,402,23,71.3544776119403
Algebra,0.05,ept_boundary_ratio,21,402,24,78.53233830845771
Algebra,0.05,ept_boundary_ratio,21,402,25,85.78507462686566
Algebra,0.05,ept_boundary_ratio_greedy,21,402,0,1
Algebra,0.05,ept_boundary_ratio_greedy,21,402,1,1.5064676616915422
Algebra,0.05,ept_boundary_ratio_greedy,21,402,2,1.9022388059701492
Algebra,0.05,ept_boundary_ratio_greedy,21,402,3,2.443283582089552
Algebra,0.05,ept_boundary_ratio_greedy,21,402,4,3.0982587064676617
Algebra,0.05,ept_boundary_ratio_greedy,21,402,5,3.890547263681592
Algebra,0.05,ept_boundary_ratio_greedy,21,402,6,4.865671641791045
Algebra,0.05,ept_boundary_ratio_greedy,21,402,7,6.066169154228856
Algebra,0.05,ept_boundary_ratio_greedy,21,402,8,7.498009950248756
Algebra,0.05,ept_boundary_ratio_greedy,21,402,9,9.26865671641791
Algebra,0.05,ept_boundary_ratio_greedy,21,402,10,11.338557213930349
Algebra,0.05,ept_boundary_ratio_greedy,21,402,11,13.82412935323383
Algebra,0.05,ept_boundary_ratio_greedy,21,402,12,16.7044776119403
Algebra,0.05,ept_boundary_ratio_greedy,21,402,13,20.050746268656717
Algebra,0.05,ept_boundary_ratio_greedy,21,402,14,23.8363184079602
Algebra,0.05,ept_boundary_ratio_greedy,21,402,15,28.19726368159204
Algebra,0.05,ept_boundary_ratio_greedy,21,402,16,33.10970149253731
Algebra,0.05,ept_boundary_ratio_greedy,21,402,17,38.46890547263681
Algebra,0.05,ept_boundary_ratio_greedy,21,402,18,44.46417910447761
Algebra,0.05,ept_boundary_ratio_greedy,21,402,19,50.81169154228856
Algebra,0.05,ept_boundary_ratio_greedy,21,402,20,57.62910447761194
Algebra,0.05,ept_boundary_ratio_greedy,21,402,21,64.72487562189055
Algebra,0.05,ept_boundary_ratio_greedy,21,402,22,72.18109452736319
Algebra,0.05,ept_boundary_ratio_greedy,21,402,23,79.8179104477612
Algebra,0.05,ept_boundary_ratio_greedy,21,402,24,87.53582089552239
Algebra,0.05,ept_boundary_ratio_greedy,21,402,25,95.25721393034826
Algebra,0.05,ept_broker_strength,21,402,0,1
Algebra,0.05,ept_broker_strength,21,402,1,1.4524875621890547
Algebra,0.05,ept_broker_strength,21,402,2,1.7798507462686568
Algebra,0.05,ept_broker_strength,21,402,3,2.166417910447761
Algebra,0.05,ept_broker_strength,21,402,4,2.6524875621890547
Algebra,0.05,ept_broker_strength,21,402,5,3.226119402985075
Algebra,0.05,ept_broker_strength,21,402,6,3.906467661691542
Algebra,0.05,ept_broker_strength,21,402,7,4.713681592039801
Algebra,0.05,ept_broker_strength,21,402,8,5.649004975124378
Algebra,0.05,ept_broker_strength,21,402,9,6.759950248756219
Algebra,0.05,ept_broker_strength,21,402,10,8.023880597014925
Algebra,0.05,ept_broker_strength,21,402,11,9.487562189054726
Algebra,0.05,ept_broker_strength,21,402,12,11.221641791044776
Algebra,0.05,ept_broker_strength,21,402,13,13.244278606965175
Algebra,0.05,ept_broker_strength,21,402,14,15.493283582089552
Algebra,0.05,ept_broker_strength,21,402,15,18.116666666666667
Algebra,0.05,ept_broker_strength,21,402,16,21.102985074626865
Algebra,0.05,ept_broker_strength,21,402,17,24.322388059701492
Algebra,0.05,ept_broker_strength,21,402,18,27.972388059701494
Algebra,0.05,ept_broker_strength,21,402,19,31.95
Algebra,0.05,ept_broker_strength,21,402,20,36.343034825870646
Algebra,0.05,ept_broker_strength,21,402,21,41.124378109452735
Algebra,0.05,ept_broker_strength,21,402,22,46.28333333333333
Algebra,0.05,ept_broker_strength,21,402,23,51.72089552238806
Algebra,0.05,ept_broker_strength,21,402,24,57.48681592039801
Algebra,0.05,ept_broker_strength,21,402,25,63.48084577114428
Algebra,0.05,ept_broker_strength_greedy,21,402,0,1
Algebra,0.05,ept_broker_strength_greedy,21,402,1,1.4524875621890547
Algebra,0.05,ept_broker_strength_greedy,21,402,2,1.7763681592039802
Algebra,0.05,ept_broker_strength_greedy,21,402,3,2.16592039800995
Algebra,0.05,ept_broker_strength_greedy,21,402,4,2.655721393034826
Algebra,0.05,ept_broker_strength_greedy,21,402,5,3.210945273631841
Algebra,0.05,ept_broker_strength_greedy,21,402,6,3.8840796019900496
Algebra,0.05,ept_broker_strength_greedy,21,402,7,4.693532338308458
Algebra,0.05,ept_broker_strength_greedy,21,402,8,5.636567164179104
Algebra,0.05,ept_broker_strength_greedy,21,402,9,6.75547263681592
Algebra,0.05,ept_broker_strength_greedy,21,402,10,7.997512437810945
Algebra,0.05,ept_broker_strength_greedy,21,402,11,9.438059701492538
Algebra,0.05,ept_broker_strength_greedy,21,402,12,11.116417910447762
Algebra,0.05,ept_broker_strength_greedy,21,402,13,13.118159203980099
Algebra,0.05,ept_broker_strength_greedy,21,402,14,15.361940298507463
Algebra,0.05,ept_broker_strength_greedy,21,402,15,17.975870646766168
Algebra,0.05,ept_broker_strength_greedy,21,402,16,20.900248756218904
Algebra,0.05,ept_broker_strength_greedy,21,402,17,24.087064676616915
Algebra,0.05,ept_broker_strength_greedy,21,402,18,27.72686567164179
Algebra,0.05,ept_broker_strength_greedy,21,402,19,31.6592039800995
Algebra,0.05,ept_broker_strength_greedy,21,402,20,36.07313432835821
Algebra,0.05,ept_broker_strength_greedy,21,402,21,40.854228855721395
Algebra,0.05,ept_broker_strength_greedy,21,402,22,46.02213930348259
Algebra,0.05,ept_broker_strength_greedy,21,402,23,51.431094527363186
Algebra,0.05,ept_broker_strength_greedy,21,402,24,57.223134328358206
Algebra,0.05,ept_broker_strength_greedy,21,402,25,63.23980099502488
Algebra,0.05,ept_pagerank,21,402,0,1
Algebra,0.05,ept_pagerank,21,402,1,1.4460199004975125
Algebra,0.05,ept_pagerank,21,402,2,1.771144278606965
Algebra,0.05,ept_pagerank,21,402,3,2.136318407960199
Algebra,0.05,ept_pagerank,21,402,4,2.575373134328358
Algebra,0.05,ept_pagerank,21,402,5,3.138308457711443
Algebra,0.05,ept_pagerank,21,402,6,3.8425373134328358
Algebra,0.05,ept_pagerank,21,402,7,4.636318407960199
Algebra,0.05,ept_pagerank,21,402,8,5.588059701492537
Algebra,0.05,ept_pagerank,21,402,9,6.72636815920398
Algebra,0.05,ept_pagerank,21,402,10,8.046766169154228
Algebra,0.05,ept_pagerank,21,402,11,9.572636815920397
Algebra,0.05,ept_pagerank,21,402,12,11.321641791044776
Algebra,0.05,ept_pagerank,21,402,13,13.411691542288557
Algebra,0.05,ept_pagerank,21,402,14,15.819900497512437
Algebra,0.05,ept_pagerank,21,402,15,18.495771144278606
Algebra,0.05,ept_pagerank,21,402,16,21.559701492537314
Algebra,0.05,ept_pagerank,21,402,17,25.00398009950249
Algebra,0.05,ept_pagerank,21,402,18,28.899502487562188
Algebra,0.05,ept_pagerank,21,402,19,33.05746268656716
Algebra,0.05,ept_pagerank,21,402,20,37.65223880597015
Algebra,0.05,ept_pagerank,21,402,21,42.56542288557214
Algebra,0.05,ept_pagerank,21,402,22,47.83606965174129
Algebra,0.05,ept_pagerank,21,402,23,53.34925373134328
Algebra,0.05,ept_pagerank,21,402,24,59.061940298507466
Algebra,0.05,ept_pagerank,21,402,25,65.03930348258706
Algebra,0.05,ept_pagerank_greedy,21,402,0,1
Algebra,0.05,ept_pagerank_greedy,21,402,1,1.4460199004975125
Algebra,0.05,ept_pagerank_greedy,21,402,2,1.771144278606965
Algebra,0.05,ept_pagerank_greedy,21,402,3,2.136318407960199
Algebra,0.05,ept_pagerank_greedy,21,402,4,2.575373134328358
Algebra,0.05,ept_pagerank_greedy,21,402,5,3.138308457711443
Algebra,0.05,ept_pagerank_greedy,21,402,6,3.8425373134328358
Algebra,0.05,ept_pagerank_greedy,21,402,7,4.636318407960199
Algebra,0.05,ept_pagerank_greedy,21,402,8,5.588059701492537
Algebra,0.05,ept_pagerank_greedy,21,402,9,6.72636815920398
Algebra,0.05,ept_pagerank_greedy,21,402,10,8.046766169154228
Algebra,0.05,ept_pagerank_greedy,21,402,11,9.572636815920397
Algebra,0.05,ept_pagerank_greedy,21,402,12,11.321641791044776
Algebra,0.05,ept_pagerank_greedy,21,402,13,13.411691542288557
Algebra,0.05,ept_pagerank_greedy,21,402,14,15.819900497512437
Algebra,0.05,ept_pagerank_greedy,21,402,15,18.495771144278606
Algebra,0.05,ept_pagerank_greedy,21,402,16,21.559701492537314
Algebra,0.05,ept_pagerank_greedy,21,402,17,25.00398009950249
Algebra,0.05,ept_pagerank_greedy,21,402,18,28.899502487562188
Algebra,0.05,ept_pagerank_greedy,21,402,19,33.05746268656716
Algebra,0.05,ept_pagerank_greedy,21,402,20,37.65223880597015
Algebra,0.05,ept_pagerank_greedy,21,402,21,42.56542288557214
Algebra,0.05,ept_pagerank_greedy,21,402,22,47.83606965174129
Algebra,0.05,ept_pagerank_greedy,21,402,23,53.34925373134328
Algebra,0.05,ept_pagerank_greedy,21,402,24,59.061940298507466
Algebra,0.05,ept_pagerank_greedy,21,402,25,65.03930348258706
Algebra,0.05,ept_total_strength,21,402,0,1
Algebra,0.05,ept_total_strength,21,402,1,1.4467661691542288
Algebra,0.05,ept_total_strength,21,402,2,1.7641791044776118
Algebra,0.05,ept_total_strength,21,402,3,2.1624378109452738
Algebra,0.05,ept_total_strength,21,402,4,2.6465174129353235
Algebra,0.05,ept_total_strength,21,402,5,3.2206467661691542
Algebra,0.05,ept_total_strength,21,402,6,3.9017412935323383
Algebra,0.05,ept_total_strength,21,402,7,4.720149253731344
Algebra,0.05,ept_total_strength,21,402,8,5.637064676616915
Algebra,0.05,ept_total_strength,21,402,9,6.716169154228855
Algebra,0.05,ept_total_strength,21,402,10,8.048009950248757
Algebra,0.05,ept_total_strength,21,402,11,9.503980099502488
Algebra,0.05,ept_total_strength,21,402,12,11.276616915422885
Algebra,0.05,ept_total_strength,21,402,13,13.351990049751244
Algebra,0.05,ept_total_strength,21,402,14,15.730845771144278
Algebra,0.05,ept_total_strength,21,402,15,18.432089552238807
Algebra,0.05,ept_total_strength,21,402,16,21.473880597014926
Algebra,0.05,ept_total_strength,21,402,17,24.88233830845771
Algebra,0.05,ept_total_strength,21,402,18,28.756218905472636
Algebra,0.05,ept_total_strength,21,402,19,32.98407960199005
Algebra,0.05,ept_total_strength,21,402,20,37.62139303482587
Algebra,0.05,ept_total_strength,21,402,21,42.62860696517413
Algebra,0.05,ept_total_strength,21,402,22,47.975124378109456
Algebra,0.05,ept_total_strength,21,402,23,53.7044776119403
Algebra,0.05,ept_total_strength,21,402,24,59.73582089552239
Algebra,0.05,ept_total_strength,21,402,25,65.9042288557214
Algebra,0.05,ept_total_strength_greedy,21,402,0,1
Algebra,0.05,ept_total_strength_greedy,21,402,1,1.445273631840796
Algebra,0.05,ept_total_strength_greedy,21,402,2,1.7626865671641792
Algebra,0.05,ept_total_strength_greedy,21,402,3,2.132089552238806
Algebra,0.05,ept_total_strength_greedy,21,402,4,2.601990049751244
Algebra,0.05,ept_total_strength_greedy,21,402,5,3.1639303482587064
Algebra,0.05,ept_total_strength_greedy,21,402,6,3.8059701492537314
Algebra,0.05,ept_total_strength_greedy,21,402,7,4.607960199004975
Algebra,0.05,ept_total_strength_greedy,21,402,8,5.505223880597015
Algebra,0.05,ept_total_strength_greedy,21,402,9,6.598756218905472
Algebra,0.05,ept_total_strength_greedy,21,402,10,7.92089552238806
Algebra,0.05,ept_total_strength_greedy,21,402,11,9.413930348258706
Algebra,0.05,ept_total_strength_greedy,21,402,12,11.148756218905472
Algebra,0.05,ept_total_strength_greedy,21,402,13,13.189054726368159
Algebra,0.05,ept_total_strength_greedy,21,402,14,15.530099502487563
Algebra,0.05,ept_total_strength_greedy,21,402,15,18.143532338308457
Algebra,0.05,ept_total_strength_greedy,21,402,16,21.18557213930348
Algebra,0.05,ept_total_strength_greedy,21,402,17,24.648507462686567
Algebra,0.05,ept_total_strength_greedy,21,402,18,28.49353233830846
Algebra,0.05,ept_total_strength_greedy,21,402,19,32.74850746268657
Algebra,0.05,ept_total_strength_greedy,21,402,20,37.4047263681592
Algebra,0.05,ept_total_strength_greedy,21,402,21,42.51890547263682
Algebra,0.05,ept_total_strength_greedy,21,402,22,47.86243781094527
Algebra,0.05,ept_total_strength_greedy,21,402,23,53.701243781094526
Algebra,0.05,ept_total_strength_greedy,21,402,24,59.80746268656716
Algebra,0.05,ept_total_strength_greedy,21,402,25,66.14577114427861
Algebra,0.05,ept_out_strength,21,402,0,1
Algebra,0.05,ept_out_strength,21,402,1,1.4813432835820894
Algebra,0.05,ept_out_strength,21,402,2,1.8430348258706468
Algebra,0.05,ept_out_strength,21,402,3,2.328109452736318
Algebra,0.05,ept_out_strength,21,402,4,2.922139303482587
Algebra,0.05,ept_out_strength,21,402,5,3.615174129353234
Algebra,0.05,ept_out_strength,21,402,6,4.473880597014926
Algebra,0.05,ept_out_strength,21,402,7,5.533084577114428
Algebra,0.05,ept_out_strength,21,402,8,6.766666666666667
Algebra,0.05,ept_out_strength,21,402,9,8.262437810945274
Algebra,0.05,ept_out_strength,21,402,10,10.047014925373134
Algebra,0.05,ept_out_strength,21,402,11,12.09228855721393
Algebra,0.05,ept_out_strength,21,402,12,14.493034825870646
Algebra,0.05,ept_out_strength,21,402,13,17.258208955223882
Algebra,0.05,ept_out_strength,21,402,14,20.461940298507464
Algebra,0.05,ept_out_strength,21,402,15,24.205721393034825
Algebra,0.05,ept_out_strength,21,402,16,28.387064676616916
Algebra,0.05,ept_out_strength,21,402,17,33.03084577114428
Algebra,0.05,ept_out_strength,21,402,18,38.18955223880597
Algebra,0.05,ept_out_strength,21,402,19,43.872139303482584
Algebra,0.05,ept_out_strength,21,402,20,49.982089552238804
Algebra,0.05,ept_out_strength,21,402,21,56.396268656716416
Algebra,0.05,ept_out_strength,21,402,22,63.25870646766169
Algebra,0.05,ept_out_strength,21,402,23,70.36840796019901
Algebra,0.05,ept_out_strength,21,402,24,77.64676616915423
Algebra,0.05,ept_out_strength,21,402,25,84.99278606965174
Algebra,0.05,ept_out_strength_greedy,21,402,0,1
Algebra,0.05,ept_out_strength_greedy,21,402,1,1.4865671641791045
Algebra,0.05,ept_out_strength_greedy,21,402,2,1.8497512437810946
Algebra,0.05,ept_out_strength_greedy,21,402,3,2.351990049751244
Algebra,0.05,ept_out_strength_greedy,21,402,4,2.9681592039800995
Algebra,0.05,ept_out_strength_greedy,21,402,5,3.665671641791045
Algebra,0.05,ept_out_strength_greedy,21,402,6,4.538805970149253
Algebra,0.05,ept_out_strength_greedy,21,402,7,5.589800995024875
Algebra,0.05,ept_out_strength_greedy,21,402,8,6.8696517412935325
Algebra,0.05,ept_out_strength_greedy,21,402,9,8.373134328358208
Algebra,0.05,ept_out_strength_greedy,21,402,10,10.15
Algebra,0.05,ept_out_strength_greedy,21,402,11,12.249253731343284
Algebra,0.05,ept_out_strength_greedy,21,402,12,14.668905472636816
Algebra,0.05,ept_out_strength_greedy,21,402,13,17.454228855721393
Algebra,0.05,ept_out_strength_greedy,21,402,14,20.698258706467662
Algebra,0.05,ept_out_strength_greedy,21,402,15,24.431094527363182
Algebra,0.05,ept_out_strength_greedy,21,402,16,28.60721393034826
Algebra,0.05,ept_out_strength_greedy,21,402,17,33.277114427860695
Algebra,0.05,ept_out_strength_greedy,21,402,18,38.41517412935323
Algebra,0.05,ept_out_strength_greedy,21,402,19,44.00223880597015
Algebra,0.05,ept_out_strength_greedy,21,402,20,50.04626865671642
Algebra,0.05,ept_out_strength_greedy,21,402,21,56.48457711442786
Algebra,0.05,ept_out_strength_greedy,21,402,22,63.24850746268657
Algebra,0.05,ept_out_strength_greedy,21,402,23,70.41368159203981
Algebra,0.05,ept_out_strength_greedy,21,402,24,77.61940298507463
Algebra,0.05,ept_out_strength_greedy,21,402,25,84.93009950248756
Algebra,0.1,degree,42,381,0,1
Algebra,0.1,degree,42,381,1,1.3887139107611548
Algebra,0.1,degree,42,381,2,1.6330708661417324
Algebra,0.1,degree,42,381,3,1.9249343832020998
Algebra,0.1,degree,42,381,4,2.241207349081365
Algebra,0.1,degree,42,381,5,2.6228346456692915
Algebra,0.1,degree,42,381,6,3.100787401574803
Algebra,0.1,degree,42,381,7,3.6451443569553805
Algebra,0.1,degree,42,381,8,4.257217847769029
Algebra,0.1,degree,42,381,9,4.936482939632546
Algebra,0.1,degree,42,381,10,5.746456692913386
Algebra,0.1,degree,42,381,11,6.667191601049868
Algebra,0.1,degree,42,381,12,7.746719160104987
Algebra,0.1,degree,42,381,13,8.938320209973753
Algebra,0.1,degree,42,381,14,10.213648293963255
Algebra,0.1,degree,42,381,15,11.631758530183728
Algebra,0.1,degree,42,381,16,13.262992125984251
Algebra,0.1,degree,42,381,17,15.01784776902887
Algebra,0.1,degree,42,381,18,16.983464566929133
Algebra,0.1,degree,42,381,19,19.165879265091863
Algebra,0.1,degree,42,381,20,21.447244094488187
Algebra,0.1,degree,42,381,21,23.99711286089239
Algebra,0.1,degree,42,381,22,26.716272965879266
Algebra,0.1,degree,42,381,23,29.670866141732283
Algebra,0.1,degree,42,381,24,32.859055118110234
Algebra,0.1,degree,42,381,25,36.19028871391076
Algebra,0.1,degree_greedy,42,381,0,1
Algebra,0.1,degree_greedy,42,381,1,1.3853018372703412
Algebra,0.1,degree_greedy,42,381,2,1.6325459317585302
Algebra,0.1,degree_greedy,42,381,3,1.9123359580052492
Algebra,0.1,degree_greedy,42,381,4,2.241207349081365
Algebra,0.1,degree_greedy,42,381,5,2.6404199475065617
Algebra,0.1,degree_greedy,42,381,6,3.083989501312336
Algebra,0.1,degree_greedy,42,381,7,3.625984251968504
Algebra,0.1,degree_greedy,42,381,8,4.2362204724409445
Algebra,0.1,degree_greedy,42,381,9,4.917060367454068
Algebra,0.1,degree_greedy,42,381,10,5.716535433070866
Algebra,0.1,degree_greedy,42,381,11,6.6286089238845145
Algebra,0.1,degree_greedy,42,381,12,7.69238845144357
Algebra,0.1,degree_greedy,42,381,13,8.83989501312336
Algebra,0.1,degree_greedy,42,381,14,10.15249343832021
Algebra,0.1,degree_greedy,42,381,15,11.631233595800525
Algebra,0.1,degree_greedy,42,381,16,13.240682414698163
Algebra,0.1,degree_greedy,42,381,17,15.045931758530184
Algebra,0.1,degree_greedy,42,381,18,17.04251968503937
Algebra,0.1,degree_greedy,42,381,19,19.23727034120735
Algebra,0.1,degree_greedy,42,381,20,21.595538057742782
Algebra,0.1,degree_greedy,42,381,21,24.186089238845145
Algebra,0.1,degree_greedy,42,381,22,27.00183727034121
Algebra,0.1,degree_greedy,42,381,23,30.063254593175852
Algebra,0.1,degree_greedy,42,381,24,33.27900262467192
Algebra,0.1,degree_greedy,42,381,25,36.698687664042
Algebra,0.1,hyperdegree,42,381,0,1
Algebra,0.1,hyperdegree,42,381,1,1.3992125984251969
Algebra,0.1,hyperdegree,42,381,2,1.6766404199475065
Algebra,0.1,hyperdegree,42,381,3,1.9622047244094487
Algebra,0.1,hyperdegree,42,381,4,2.3566929133858268
Algebra,0.1,hyperdegree,42,381,5,2.8230971128608924
Algebra,0.1,hyperdegree,42,381,6,3.3514435695538056
Algebra,0.1,hyperdegree,42,381,7,4.00761154855643
Algebra,0.1,hyperdegree,42,381,8,4.771916010498687
Algebra,0.1,hyperdegree,42,381,9,5.60498687664042
Algebra,0.1,hyperdegree,42,381,10,6.625196850393701
Algebra,0.1,hyperdegree,42,381,11,7.79501312335958
Algebra,0.1,hyperdegree,42,381,12,9.134383202099738
Algebra,0.1,hyperdegree,42,381,13,10.693700787401575
Algebra,0.1,hyperdegree,42,381,14,12.481364829396325
Algebra,0.1,hyperdegree,42,381,15,14.496062992125983
Algebra,0.1,hyperdegree,42,381,16,16.789763779527558
Algebra,0.1,hyperdegree,42,381,17,19.33280839895013
Algebra,0.1,hyperdegree,42,381,18,22.124146981627298
Algebra,0.1,hyperdegree,42,381,19,25.15485564304462
Algebra,0.1,hyperdegree,42,381,20,28.518897637795277
Algebra,0.1,hyperdegree,42,381,21,32.24514435695538
Algebra,0.1,hyperdegree,42,381,22,36.23727034120735
Algebra,0.1,hyperdegree,42,381,23,40.428346456692914
Algebra,0.1,hyperdegree,42,381,24,44.7997375328084
Algebra,0.1,hyperdegree,42,381,25,49.36062992125984
Algebra,0.1,hyperdegree_greedy,42,381,0,1
Algebra,0.1,hyperdegree_greedy,42,381,1,1.3992125984251969
Algebra,0.1,hyperdegree_greedy,42,381,2,1.6766404199475065
Algebra,0.1,hyperdegree_greedy,42,381,3,1.9622047244094487
Algebra,0.1,hyperdegree_greedy,42,381,4,2.3566929133858268
Algebra,0.1,hyperdegree_greedy,42,381,5,2.8230971128608924
Algebra,0.1,hyperdegree_greedy,42,381,6,3.3514435695538056
Algebra,0.1,hyperdegree_greedy,42,381,7,4.00761154855643
Algebra,0.1,hyperdegree_greedy,42,381,8,4.771916010498687
Algebra,0.1,hyperdegree_greedy,42,381,9,5.60498687664042
Algebra,0.1,hyperdegree_greedy,42,381,10,6.625196850393701
Algebra,0.1,hyperdegree_greedy,42,381,11,7.79501312335958
Algebra,0.1,hyperdegree_greedy,42,381,12,9.134383202099738
Algebra,0.1,hyperdegree_greedy,42,381,13,10.693700787401575
Algebra,0.1,hyperdegree_greedy,42,381,14,12.481364829396325
Algebra,0.1,hyperdegree_greedy,42,381,15,14.496062992125983
Algebra,0.1,hyperdegree_greedy,42,381,16,16.789763779527558
Algebra,0.1,hyperdegree_greedy,42,381,17,19.33280839895013
Algebra,0.1,hyperdegree_greedy,42,381,18,22.124146981627298
Algebra,0.1,hyperdegree_greedy,42,381,19,25.15485564304462
Algebra,0.1,hyperdegree_greedy,42,381,20,28.518897637795277
Algebra,0.1,hyperdegree_greedy,42,381,21,32.24514435695538
Algebra,0.1,hyperdegree_greedy,42,381,22,36.23727034120735
Algebra,0.1,hyperdegree_greedy,42,381,23,40.428346456692914
Algebra,0.1,hyperdegree_greedy,42,381,24,44.7997375328084
Algebra,0.1,hyperdegree_greedy,42,381,25,49.36062992125984
Algebra,0.1,random,42,381,0,1
Algebra,0.1,random,42,381,1,1.4813648293963255
Algebra,0.1,random,42,381,2,1.8338582677165354
Algebra,0.1,random,42,381,3,2.283727034120735
Algebra,0.1,random,42,381,4,2.8616797900262467
Algebra,0.1,random,42,381,5,3.5503937007874016
Algebra,0.1,random,42,381,6,4.40498687664042
Algebra,0.1,random,42,381,7,5.4648293963254595
Algebra,0.1,random,42,381,8,6.725984251968504
Algebra,0.1,random,42,381,9,8.180577427821522
Algebra,0.1,random,42,381,10,9.90971128608924
Algebra,0.1,random,42,381,11,11.875328083989501
Algebra,0.1,random,42,381,12,14.149081364829396
Algebra,0.1,random,42,381,13,16.85485564304462
Algebra,0.1,random,42,381,14,19.951706036745406
Algebra,0.1,random,42,381,15,23.380839895013125
Algebra,0.1,random,42,381,16,27.31968503937008
Algebra,0.1,random,42,381,17,31.653543307086615
Algebra,0.1,random,42,381,18,36.416797900262466
Algebra,0.1,random,42,381,19,41.54540682414698
Algebra,0.1,random,42,381,20,47.05958005249344
Algebra,0.1,random,42,381,21,52.96929133858268
Algebra,0.1,random,42,381,22,59.19448818897638
Algebra,0.1,random,42,381,23,65.59317585301837
Algebra,0.1,random,42,381,24,72.25564304461942
Algebra,0.1,random,42,381,25,78.83805774278215
Algebra,0.1,random_greedy,42,381,0,1
Algebra,0.1,random_greedy,42,381,1,1.4968503937007873
Algebra,0.1,random_greedy,42,381,2,1.8517060367454068
Algebra,0.1,random_greedy,42,381,3,2.3131233595800524
Algebra,0.1,random_greedy,42,381,4,2.9272965879265094
Algebra,0.1,random_greedy,42,381,5,3.6023622047244093
Algebra,0.1,random_greedy,42,381,6,4.449343832020998
Algebra,0.1,random_greedy,42,381,7,5.502887139107612
Algebra,0.1,random_greedy,42,381,8,6.70236220472441
Algebra,0.1,random_greedy,42,381,9,8.117060367454068
Algebra,0.1,random_greedy,42,381,10,9.834383202099737
Algebra,0.1,random_greedy,42,381,11,11.860629921259843
Algebra,0.1,random_greedy,42,381,12,14.18005249343832
Algebra,0.1,random_greedy,42,381,13,16.8
Algebra,0.1,random_greedy,42,381,14,19.813385826771654
Algebra,0.1,random_greedy,42,381,15,23.248818897637797
Algebra,0.1,random_greedy,42,381,16,26.991601049868766
Algebra,0.1,random_greedy,42,381,17,31.245406824146983
Algebra,0.1,random_greedy,42,381,18,35.94015748031496
Algebra,0.1,random_greedy,42,381,19,40.96719160104987
Algebra,0.1,random_greedy,42,381,20,46.48425196850393
Algebra,0.1,random_greedy,42,381,21,52.26509186351706
Algebra,0.1,random_greedy,42,381,22,58.372965879265095
Algebra,0.1,random_greedy,42,381,23,64.7485564304462
Algebra,0.1,random_greedy,42,381,24,71.31259842519685
Algebra,0.1,random_greedy,42,381,25,78.05800524934384
Algebra,0.1,avg_hyperedge_size,42,381,0,1
Algebra,0.1,avg_hyperedge_size,42,381,1,1.4559055118110236
Algebra,0.1,avg_hyperedge_size,42,381,2,1.7824146981627296
Algebra,0.1,avg_hyperedge_size,42,381,3,2.2065616797900263
Algebra,0.1,avg_hyperedge_size,42,381,4,2.7125984251968505
Algebra,0.1,avg_hyperedge_size,42,381,5,3.289238845144357
Algebra,0.1,avg_hyperedge_size,42,381,6,3.9979002624671915
Algebra,0.1,avg_hyperedge_size,42,381,7,4.859842519685039
Algebra,0.1,avg_hyperedge_size,42,381,8,5.850656167979003
Algebra,0.1,avg_hyperedge_size,42,381,9,7.070603674540682
Algebra,0.1,avg_hyperedge_size,42,381,10,8.430446194225722
Algebra,0.1,avg_hyperedge_size,42,381,11,10.024409448818897
Algebra,0.1,avg_hyperedge_size,42,381,12,11.841469816272966
Algebra,0.1,avg_hyperedge_size,42,381,13,13.963254593175852
Algebra,0.1,avg_hyperedge_size,42,381,14,16.3755905511811
Algebra,0.1,avg_hyperedge_size,42,381,15,19.120472440944884
Algebra,0.1,avg_hyperedge_size,42,381,16,22.201312335958004
Algebra,0.1,avg_hyperedge_size,42,381,17,25.66167979002625
Algebra,0.1,avg_hyperedge_size,42,381,18,29.520472440944882
Algebra,0.1,avg_hyperedge_size,42,381,19,33.80288713910761
Algebra,0.1,avg_hyperedge_size,42,381,20,38.45616797900262
Algebra,0.1,avg_hyperedge_size,42,381,21,43.45275590551181
Algebra,0.1,avg_hyperedge_size,42,381,22,48.70288713910761
Algebra,0.1,avg_hyperedge_size,42,381,23,54.281889763779525
Algebra,0.1,avg_hyperedge_size,42,381,24,60.14435695538058
Algebra,0.1,avg_hyperedge_size,42,381,25,66.24304461942258
Algebra,0.1,avg_hyperedge_size_greedy,42,381,0,1
Algebra,0.1,avg_hyperedge_size_greedy,42,381,1,1.4553805774278215
Algebra,0.1,avg_hyperedge_size_greedy,42,381,2,1.7858267716535432
Algebra,0.1,avg_hyperedge_size_greedy,42,381,3,2.211023622047244
Algebra,0.1,avg_hyperedge_size_greedy,42,381,4,2.716010498687664
Algebra,0.1,avg_hyperedge_size_greedy,42,381,5,3.294750656167979
Algebra,0.1,avg_hyperedge_size_greedy,42,381,6,4.008661417322835
Algebra,0.1,avg_hyperedge_size_greedy,42,381,7,4.88740157480315
Algebra,0.1,avg_hyperedge_size_greedy,42,381,8,5.905774278215223
Algebra,0.1,avg_hyperedge_size_greedy,42,381,9,7.1013123359580055
Algebra,0.1,avg_hyperedge_size_greedy,42,381,10,8.464304461942257
Algebra,0.1,avg_hyperedge_size_greedy,42,381,11,10.086351706036746
Algebra,0.1,avg_hyperedge_size_greedy,42,381,12,11.90997375328084
Algebra,0.1,avg_hyperedge_size_greedy,42,381,13,14.034645669291338
Algebra,0.1,avg_hyperedge_size_greedy,42,381,14,16.42755905511811
Algebra,0.1,avg_hyperedge_size_greedy,42,381,15,19.18477690288714
Algebra,0.1,avg_hyperedge_size_greedy,42,381,16,22.293963254593177
Algebra,0.1,avg_hyperedge_size_greedy,42,381,17,25.74199475065617
Algebra,0.1,avg_hyperedge_size_greedy,42,381,18,29.61023622047244
Algebra,0.1,avg_hyperedge_size_greedy,42,381,19,33.89737532808399
Algebra,0.1,avg_hyperedge_size_greedy,42,381,20,38.58188976377953
Algebra,0.1,avg_hyperedge_size_greedy,42,381,21,43.646719160104986
Algebra,0.1,avg_hyperedge_size_greedy,42,381,22,49.016535433070864
Algebra,0.1,avg_hyperedge_size_greedy,42,381,23,54.63412073490814
Algebra,0.1,avg_hyperedge_size_greedy,42,381,24,60.5265091863517
Algebra,0.1,avg_hyperedge_size_greedy,42,381,25,66.69291338582677
Algebra,0.1,count_communities_in_hedges,42,381,0,1
Algebra,0.1,count_communities_in_hedges,42,381,1,1.4349081364829397
Algebra,0.1,count_communities_in_hedges,42,381,2,1.7545931758530184
Algebra,0.1,count_communities_in_hedges,42,381,3,2.121259842519685
Algebra,0.1,count_communities_in_hedges,42,381,4,2.6194225721784776
Algebra,0.1,count_communities_in_hedges,42,381,5,3.1971128608923887
Algebra,0.1,count_communities_in_hedges,42,381,6,3.884514435695538
Algebra,0.1,count_communities_in_hedges,42,381,7,4.656955380577428
Algebra,0.1,count_communities_in_hedges,42,381,8,5.595800524934384
Algebra,0.1,count_communities_in_hedges,42,381,9,6.642257217847769
Algebra,0.1,count_communities_in_hedges,42,381,10,7.929658792650919
Algebra,0.1,count_communities_in_hedges,42,381,11,9.44750656167979
Algebra,0.1,count_communities_in_hedges,42,381,12,11.137007874015747
Algebra,0.1,count_communities_in_hedges,42,381,13,13.076377952755905
Algebra,0.1,count_communities_in_hedges,42,381,14,15.337007874015748
Algebra,0.1,count_communities_in_hedges,42,381,15,17.866141732283463
Algebra,0.1,count_communities_in_hedges,42,381,16,20.69238845144357
Algebra,0.1,count_communities_in_hedges,42,381,17,23.781364829396324
Algebra,0.1,count_communities_in_hedges,42,381,18,27.24199475065617
Algebra,0.1,count_communities_in_hedges,42,381,19,31.008398950131234
Algebra,0.1,count_communities_in_hedges,42,381,20,35.0259842519685
Algebra,0.1,count_communities_in_hedges,42,381,21,39.3249343832021
Algebra,0.1,count_communities_in_hedges,42,381,22,43.93333333333333
Algebra,0.1,count_communities_in_hedges,42,381,23,48.74461942257218
Algebra,0.1,count_communities_in_hedges,42,381,24,53.800524934383205
Algebra,0.1,count_communities_in_hedges,42,381,25,59.005511811023624
Algebra,0.1,count_communities_in_hedges_greedy,42,381,0,1
Algebra,0.1,count_communities_in_hedges_greedy,42,381,1,1.4330708661417322
Algebra,0.1,count_communities_in_hedges_greedy,42,381,2,1.7188976377952756
Algebra,0.1,count_communities_in_hedges_greedy,42,381,3,2.0811023622047244
Algebra,0.1,count_communities_in_hedges_greedy,42,381,4,2.5650918635170603
Algebra,0.1,count_communities_in_hedges_greedy,42,381,5,3.117322834645669
Algebra,0.1,count_communities_in_hedges_greedy,42,381,6,3.772178477690289
Algebra,0.1,count_communities_in_hedges_greedy,42,381,7,4.538582677165354
Algebra,0.1,count_communities_in_hedges_greedy,42,381,8,5.4230971128608925
Algebra,0.1,count_communities_in_hedges_greedy,42,381,9,6.513123359580052
Algebra,0.1,count_communities_in_hedges_greedy,42,381,10,7.7593175853018375
Algebra,0.1,count_communities_in_hedges_greedy,42,381,11,9.19002624671916
Algebra,0.1,count_communities_in_hedges_greedy,42,381,12,10.828346456692913
Algebra,0.1,count_communities_in_hedges_greedy,42,381,13,12.720997375328084
Algebra,0.1,count_communities_in_hedges_greedy,42,381,14,14.796062992125984
Algebra,0.1,count_communities_in_hedges_greedy,42,381,15,17.158792650918635
Algebra,0.1,count_communities_in_hedges_greedy,42,381,16,19.831496062992127
Algebra,0.1,count_communities_in_hedges_greedy,42,381,17,22.72729658792651
Algebra,0.1,count_communities_in_hedges_greedy,42,381,18,25.91811023622047
Algebra,0.1,count_communities_in_hedges_greedy,42,381,19,29.409186351706037
Algebra,0.1,count_communities_in_hedges_greedy,42,381,20,33.226509186351706
Algebra,0.1,count_communities_in_hedges_greedy,42,381,21,37.30997375328084
Algebra,0.1,count_communities_in_hedges_greedy,42,381,22,41.64488188976378
Algebra,0.1,count_communities_in_hedges_greedy,42,381,23,46.192125984251966
Algebra,0.1,count_communities_in_hedges_greedy,42,381,24,50.929396325459315
Algebra,0.1,count_communities_in_hedges_greedy,42,381,25,55.7498687664042
Algebra,0.1,count_ic_hedges,42,381,0,1
Algebra,0.1,count_ic_hedges,42,381,1,1.3853018372703412
Algebra,0.1,count_ic_hedges,42,381,2,1.6661417322834646
Algebra,0.1,count_ic_hedges,42,381,3,1.963254593175853
Algebra,0.1,count_ic_hedges,42,381,4,2.3438320209973753
Algebra,0.1,count_ic_hedges,42,381,5,2.774278215223097
Algebra,0.1,count_ic_hedges,42,381,6,3.310236220472441
Algebra,0.1,count_ic_hedges,42,381,7,3.9388451443569554
Algebra,0.1,count_ic_hedges,42,381,8,4.6430446194225725
Algebra,0.1,count_ic_hedges,42,381,9,5.469553805774278
Algebra,0.1,count_ic_hedges,42,381,10,6.441207349081365
Algebra,0.1,count_ic_hedges,42,381,11,7.583727034120735
Algebra,0.1,count_ic_hedges,42,381,12,8.826509186351705
Algebra,0.1,count_ic_hedges,42,381,13,10.284514435695538
Algebra,0.1,count_ic_hedges,42,381,14,11.954593175853018
Algebra,0.1,count_ic_hedges,42,381,15,13.855380577427821
Algebra,0.1,count_ic_hedges,42,381,16,15.976377952755906
Algebra,0.1,count_ic_hedges,42,381,17,18.339107611548556
Algebra,0.1,count_ic_hedges,42,381,18,21.01259842519685
Algebra,0.1,count_ic_hedges,42,381,19,23.858792650918634
Algebra,0.1,count_ic_hedges,42,381,20,27.055118110236222
Algebra,0.1,count_ic_hedges,42,381,21,30.393438320209974
Algebra,0.1,count_ic_hedges,42,381,22,34.049343832020995
Algebra,0.1,count_ic_hedges,42,381,23,37.88845144356955
Algebra,0.1,count_ic_hedges,42,381,24,41.926771653543305
Algebra,0.1,count_ic_hedges,42,381,25,46.160892388451444
Algebra,0.1,count_ic_hedges_greedy,42,381,0,1
Algebra,0.1,count_ic_hedges_greedy,42,381,1,1.3868766404199475
Algebra,0.1,count_ic_hedges_greedy,42,381,2,1.6517060367454068
Algebra,0.1,count_ic_hedges_greedy,42,381,3,1.963254593175853
Algebra,0.1,count_ic_hedges_greedy,42,381,4,2.348556430446194
Algebra,0.1,count_ic_hedges_greedy,42,381,5,2.792913385826772
Algebra,0.1,count_ic_hedges_greedy,42,381,6,3.3225721784776905
Algebra,0.1,count_ic_hedges_greedy,42,381,7,3.925984251968504
Algebra,0.1,count_ic_hedges_greedy,42,381,8,4.641732283464567
Algebra,0.1,count_ic_hedges_greedy,42,381,9,5.459317585301838
Algebra,0.1,count_ic_hedges_greedy,42,381,10,6.4060367454068246
Algebra,0.1,count_ic_hedges_greedy,42,381,11,7.518110236220473
Algebra,0.1,count_ic_hedges_greedy,42,381,12,8.814698162729659
Algebra,0.1,count_ic_hedges_greedy,42,381,13,10.28267716535433
Algebra,0.1,count_ic_hedges_greedy,42,381,14,11.918110236220473
Algebra,0.1,count_ic_hedges_greedy,42,381,15,13.793963254593177
Algebra,0.1,count_ic_hedges_greedy,42,381,16,15.858530183727034
Algebra,0.1,count_ic_hedges_greedy,42,381,17,18.17979002624672
Algebra,0.1,count_ic_hedges_greedy,42,381,18,20.751706036745407
Algebra,0.1,count_ic_hedges_greedy,42,381,19,23.590813648293963
Algebra,0.1,count_ic_hedges_greedy,42,381,20,26.7254593175853
Algebra,0.1,count_ic_hedges_greedy,42,381,21,30.074015748031496
Algebra,0.1,count_ic_hedges_greedy,42,381,22,33.62965879265092
Algebra,0.1,count_ic_hedges_greedy,42,381,23,37.538320209973755
Algebra,0.1,count_ic_hedges_greedy,42,381,24,41.59081364829397
Algebra,0.1,count_ic_hedges_greedy,42,381,25,45.93517060367454
Algebra,0.1,responsibility_weighted_hdeg,42,381,0,1
Algebra,0.1,responsibility_weighted_hdeg,42,381,1,1.3992125984251969
Algebra,0.1,responsibility_weighted_hdeg,42,381,2,1.6766404199475065
Algebra,0.1,responsibility_weighted_hdeg,42,381,3,1.9622047244094487
Algebra,0.1,responsibility_weighted_hdeg,42,381,4,2.3566929133858268
Algebra,0.1,responsibility_weighted_hdeg,42,381,5,2.8230971128608924
Algebra,0.1,responsibility_weighted_hdeg,42,381,6,3.3514435695538056
Algebra,0.1,responsibility_weighted_hdeg,42,381,7,4.00761154855643
Algebra,0.1,responsibility_weighted_hdeg,42,381,8,4.771916010498687
Algebra,0.1,responsibility_weighted_hdeg,42,381,9,5.60498687664042
Algebra,0.1,responsibility_weighted_hdeg,42,381,10,6.625196850393701
Algebra,0.1,responsibility_weighted_hdeg,42,381,11,7.79501312335958
Algebra,0.1,responsibility_weighted_hdeg,42,381,12,9.134383202099738
Algebra,0.1,responsibility_weighted_hdeg,42,381,13,10.693700787401575
Algebra,0.1,responsibility_weighted_hdeg,42,381,14,12.481364829396325
Algebra,0.1,responsibility_weighted_hdeg,42,381,15,14.496062992125983
Algebra,0.1,responsibility_weighted_hdeg,42,381,16,16.789763779527558
Algebra,0.1,responsibility_weighted_hdeg,42,381,17,19.33280839895013
Algebra,0.1,responsibility_weighted_hdeg,42,381,18,22.124146981627298
Algebra,0.1,responsibility_weighted_hdeg,42,381,19,25.15485564304462
Algebra,0.1,responsibility_weighted_hdeg,42,381,20,28.518897637795277
Algebra,0.1,responsibility_weighted_hdeg,42,381,21,32.24514435695538
Algebra,0.1,responsibility_weighted_hdeg,42,381,22,36.23727034120735
Algebra,0.1,responsibility_weighted_hdeg,42,381,23,40.428346456692914
Algebra,0.1,responsibility_weighted_hdeg,42,381,24,44.7997375328084
Algebra,0.1,responsibility_weighted_hdeg,42,381,25,49.36062992125984
Algebra,0.1,responsibility_weighted_hdeg_greedy,42,381,0,1
Algebra,0.1,responsibility_weighted_hdeg_greedy,42,381,1,1.3992125984251969
Algebra,0.1,responsibility_weighted_hdeg_greedy,42,381,2,1.6766404199475065
Algebra,0.1,responsibility_weighted_hdeg_greedy,42,381,3,1.9622047244094487
Algebra,0.1,responsibility_weighted_hdeg_greedy,42,381,4,2.3566929133858268
Algebra,0.1,responsibility_weighted_hdeg_greedy,42,381,5,2.8230971128608924
Algebra,0.1,responsibility_weighted_hdeg_greedy,42,381,6,3.3514435695538056
Algebra,0.1,responsibility_weighted_hdeg_greedy,42,381,7,4.00761154855643
Algebra,0.1,responsibility_weighted_hdeg_greedy,42,381,8,4.771916010498687
Algebra,0.1,responsibility_weighted_hdeg_greedy,42,381,9,5.60498687664042
Algebra,0.1,responsibility_weighted_hdeg_greedy,42,381,10,6.625196850393701
Algebra,0.1,responsibility_weighted_hdeg_greedy,42,381,11,7.79501312335958
Algebra,0.1,responsibility_weighted_hdeg_greedy,42,381,12,9.134383202099738
Algebra,0.1,responsibility_weighted_hdeg_greedy,42,381,13,10.693700787401575
Algebra,0.1,responsibility_weighted_hdeg_greedy,42,381,14,12.481364829396325
Algebra,0.1,responsibility_weighted_hdeg_greedy,42,381,15,14.496062992125983
Algebra,0.1,responsibility_weighted_hdeg_greedy,42,381,16,16.789763779527558
Algebra,0.1,responsibility_weighted_hdeg_greedy,42,381,17,19.33280839895013
Algebra,0.1,responsibility_weighted_hdeg_greedy,42,381,18,22.124146981627298
Algebra,0.1,responsibility_weighted_hdeg_greedy,42,381,19,25.15485564304462
Algebra,0.1,responsibility_weighted_hdeg_greedy,42,381,20,28.518897637795277
Algebra,0.1,responsibility_weighted_hdeg_greedy,42,381,21,32.24514435695538
Algebra,0.1,responsibility_weighted_hdeg_greedy,42,381,22,36.23727034120735
Algebra,0.1,responsibility_weighted_hdeg_greedy,42,381,23,40.428346456692914
Algebra,0.1,responsibility_weighted_hdeg_greedy,42,381,24,44.7997375328084
Algebra,0.1,responsibility_weighted_hdeg_greedy,42,381,25,49.36062992125984
Algebra,0.1,filtered_hyperdegree,42,381,0,1
Algebra,0.1,filtered_hyperdegree,42,381,1,1.3992125984251969
Algebra,0.1,filtered_hyperdegree,42,381,2,1.6766404199475065
Algebra,0.1,filtered_hyperdegree,42,381,3,1.9622047244094487
Algebra,0.1,filtered_hyperdegree,42,381,4,2.3566929133858268
Algebra,0.1,filtered_hyperdegree,42,381,5,2.8230971128608924
Algebra,0.1,filtered_hyperdegree,42,381,6,3.3514435695538056
Algebra,0.1,filtered_hyperdegree,42,381,7,4.00761154855643
Algebra,0.1,filtered_hyperdegree,42,381,8,4.771916010498687
Algebra,0.1,filtered_hyperdegree,42,381,9,5.60498687664042
Algebra,0.1,filtered_hyperdegree,42,381,10,6.625196850393701
Algebra,0.1,filtered_hyperdegree,42,381,11,7.79501312335958
Algebra,0.1,filtered_hyperdegree,42,381,12,9.134383202099738
Algebra,0.1,filtered_hyperdegree,42,381,13,10.693700787401575
Algebra,0.1,filtered_hyperdegree,42,381,14,12.481364829396325
Algebra,0.1,filtered_hyperdegree,42,381,15,14.496062992125983
Algebra,0.1,filtered_hyperdegree,42,381,16,16.789763779527558
Algebra,0.1,filtered_hyperdegree,42,381,17,19.33280839895013
Algebra,0.1,filtered_hyperdegree,42,381,18,22.124146981627298
Algebra,0.1,filtered_hyperdegree,42,381,19,25.15485564304462
Algebra,0.1,filtered_hyperdegree,42,381,20,28.518897637795277
Algebra,0.1,filtered_hyperdegree,42,381,21,32.24514435695538
Algebra,0.1,filtered_hyperdegree,42,381,22,36.23727034120735
Algebra,0.1,filtered_hyperdegree,42,381,23,40.428346456692914
Algebra,0.1,filtered_hyperdegree,42,381,24,44.7997375328084
Algebra,0.1,filtered_hyperdegree,42,381,25,49.36062992125984
Algebra,0.1,filtered_hyperdegree_greedy,42,381,0,1
Algebra,0.1,filtered_hyperdegree_greedy,42,381,1,1.3992125984251969
Algebra,0.1,filtered_hyperdegree_greedy,42,381,2,1.6766404199475065
Algebra,0.1,filtered_hyperdegree_greedy,42,381,3,1.9622047244094487
Algebra,0.1,filtered_hyperdegree_greedy,42,381,4,2.3566929133858268
Algebra,0.1,filtered_hyperdegree_greedy,42,381,5,2.8230971128608924
Algebra,0.1,filtered_hyperdegree_greedy,42,381,6,3.3514435695538056
Algebra,0.1,filtered_hyperdegree_greedy,42,381,7,4.00761154855643
Algebra,0.1,filtered_hyperdegree_greedy,42,381,8,4.771916010498687
Algebra,0.1,filtered_hyperdegree_greedy,42,381,9,5.60498687664042
Algebra,0.1,filtered_hyperdegree_greedy,42,381,10,6.625196850393701
Algebra,0.1,filtered_hyperdegree_greedy,42,381,11,7.79501312335958
Algebra,0.1,filtered_hyperdegree_greedy,42,381,12,9.134383202099738
Algebra,0.1,filtered_hyperdegree_greedy,42,381,13,10.693700787401575
Algebra,0.1,filtered_hyperdegree_greedy,42,381,14,12.481364829396325
Algebra,0.1,filtered_hyperdegree_greedy,42,381,15,14.496062992125983
Algebra,0.1,filtered_hyperdegree_greedy,42,381,16,16.789763779527558
Algebra,0.1,filtered_hyperdegree_greedy,42,381,17,19.33280839895013
Algebra,0.1,filtered_hyperdegree_greedy,42,381,18,22.124146981627298
Algebra,0.1,filtered_hyperdegree_greedy,42,381,19,25.15485564304462
Algebra,0.1,filtered_hyperdegree_greedy,42,381,20,28.518897637795277
Algebra,0.1,filtered_hyperdegree_greedy,42,381,21,32.24514435695538
Algebra,0.1,filtered_hyperdegree_greedy,42,381,22,36.23727034120735
Algebra,0.1,filtered_hyperdegree_greedy,42,381,23,40.428346456692914
Algebra,0.1,filtered_hyperdegree_greedy,42,381,24,44.7997375328084
Algebra,0.1,filtered_hyperdegree_greedy,42,381,25,49.36062992125984
Algebra,0.1,ept_bridge_out_strength,42,381,0,1
Algebra,0.1,ept_bridge_out_strength,42,381,1,1.453018372703412
Algebra,0.1,ept_bridge_out_strength,42,381,2,1.783989501312336
Algebra,0.1,ept_bridge_out_strength,42,381,3,2.2181102362204723
Algebra,0.1,ept_bridge_out_strength,42,381,4,2.746981627296588
Algebra,0.1,ept_bridge_out_strength,42,381,5,3.3566929133858268
Algebra,0.1,ept_bridge_out_strength,42,381,6,4.086089238845144
Algebra,0.1,ept_bridge_out_strength,42,381,7,4.959317585301838
Algebra,0.1,ept_bridge_out_strength,42,381,8,5.995275590551181
Algebra,0.1,ept_bridge_out_strength,42,381,9,7.202099737532809
Algebra,0.1,ept_bridge_out_strength,42,381,10,8.618110236220472
Algebra,0.1,ept_bridge_out_strength,42,381,11,10.333858267716536
Algebra,0.1,ept_bridge_out_strength,42,381,12,12.298687664041994
Algebra,0.1,ept_bridge_out_strength,42,381,13,14.53727034120735
Algebra,0.1,ept_bridge_out_strength,42,381,14,17.07716535433071
Algebra,0.1,ept_bridge_out_strength,42,381,15,19.921259842519685
Algebra,0.1,ept_bridge_out_strength,42,381,16,23.18976377952756
Algebra,0.1,ept_bridge_out_strength,42,381,17,26.88923884514436
Algebra,0.1,ept_bridge_out_strength,42,381,18,30.93989501312336
Algebra,0.1,ept_bridge_out_strength,42,381,19,35.35669291338583
Algebra,0.1,ept_bridge_out_strength,42,381,20,40.2758530183727
Algebra,0.1,ept_bridge_out_strength,42,381,21,45.544619422572175
Algebra,0.1,ept_bridge_out_strength,42,381,22,51.09580052493438
Algebra,0.1,ept_bridge_out_strength,42,381,23,56.98136482939633
Algebra,0.1,ept_bridge_out_strength,42,381,24,63.13622047244095
Algebra,0.1,ept_bridge_out_strength,42,381,25,69.29868766404199
Algebra,0.1,ept_bridge_out_strength_greedy,42,381,0,1
Algebra,0.1,ept_bridge_out_strength_greedy,42,381,1,1.4538057742782151
Algebra,0.1,ept_bridge_out_strength_greedy,42,381,2,1.7929133858267716
Algebra,0.1,ept_bridge_out_strength_greedy,42,381,3,2.2385826771653545
Algebra,0.1,ept_bridge_out_strength_greedy,42,381,4,2.773753280839895
Algebra,0.1,ept_bridge_out_strength_greedy,42,381,5,3.4062992125984253
Algebra,0.1,ept_bridge_out_strength_greedy,42,381,6,4.1559055118110235
Algebra,0.1,ept_bridge_out_strength_greedy,42,381,7,5.0740157480314965
Algebra,0.1,ept_bridge_out_strength_greedy,42,381,8,6.142782152230971
Algebra,0.1,ept_bridge_out_strength_greedy,42,381,9,7.3958005249343834
Algebra,0.1,ept_bridge_out_strength_greedy,42,381,10,8.858530183727034
Algebra,0.1,ept_bridge_out_strength_greedy,42,381,11,10.551181102362206
Algebra,0.1,ept_bridge_out_strength_greedy,42,381,12,12.548556430446194
Algebra,0.1,ept_bridge_out_strength_greedy,42,381,13,14.828608923884515
Algebra,0.1,ept_bridge_out_strength_greedy,42,381,14,17.3753280839895
Algebra,0.1,ept_bridge_out_strength_greedy,42,381,15,20.286876640419948
Algebra,0.1,ept_bridge_out_strength_greedy,42,381,16,23.626509186351704
Algebra,0.1,ept_bridge_out_strength_greedy,42,381,17,27.362204724409448
Algebra,0.1,ept_bridge_out_strength_greedy,42,381,18,31.473228346456693
Algebra,0.1,ept_bridge_out_strength_greedy,42,381,19,36.0010498687664
Algebra,0.1,ept_bridge_out_strength_greedy,42,381,20,40.90682414698163
Algebra,0.1,ept_bridge_out_strength_greedy,42,381,21,46.178477690288716
Algebra,0.1,ept_bridge_out_strength_greedy,42,381,22,51.7501312335958
Algebra,0.1,ept_bridge_out_strength_greedy,42,381,23,57.63595800524934
Algebra,0.1,ept_bridge_out_strength_greedy,42,381,24,63.6496062992126
Algebra,0.1,ept_bridge_out_strength_greedy,42,381,25,69.9517060367454
Algebra,0.1,ept_bridge_in_strength,42,381,0,1
Algebra,0.1,ept_bridge_in_strength,42,381,1,1.3782152230971128
Algebra,0.1,ept_bridge_in_strength,42,381,2,1.6448818897637796
Algebra,0.1,ept_bridge_in_strength,42,381,3,1.9490813648293963
Algebra,0.1,ept_bridge_in_strength,42,381,4,2.3023622047244094
Algebra,0.1,ept_bridge_in_strength,42,381,5,2.7359580052493437
Algebra,0.1,ept_bridge_in_strength,42,381,6,3.2286089238845146
Algebra,0.1,ept_bridge_in_strength,42,381,7,3.805511811023622
Algebra,0.1,ept_bridge_in_strength,42,381,8,4.474278215223097
Algebra,0.1,ept_bridge_in_strength,42,381,9,5.2146981627296585
Algebra,0.1,ept_bridge_in_strength,42,381,10,6.092388451443569
Algebra,0.1,ept_bridge_in_strength,42,381,11,7.064829396325459
Algebra,0.1,ept_bridge_in_strength,42,381,12,8.231758530183727
Algebra,0.1,ept_bridge_in_strength,42,381,13,9.527296587926509
Algebra,0.1,ept_bridge_in_strength,42,381,14,11.009448818897638
Algebra,0.1,ept_bridge_in_strength,42,381,15,12.639370078740157
Algebra,0.1,ept_bridge_in_strength,42,381,16,14.486876640419947
Algebra,0.1,ept_bridge_in_strength,42,381,17,16.53254593175853
Algebra,0.1,ept_bridge_in_strength,42,381,18,18.778740157480314
Algebra,0.1,ept_bridge_in_strength,42,381,19,21.261679790026246
Algebra,0.1,ept_bridge_in_strength,42,381,20,23.933070866141733
Algebra,0.1,ept_bridge_in_strength,42,381,21,26.84540682414698
Algebra,0.1,ept_bridge_in_strength,42,381,22,30.012860892388453
Algebra,0.1,ept_bridge_in_strength,42,381,23,33.37244094488189
Algebra,0.1,ept_bridge_in_strength,42,381,24,36.9748031496063
Algebra,0.1,ept_bridge_in_strength,42,381,25,40.79160104986877
Algebra,0.1,ept_bridge_in_strength_greedy,42,381,0,1
Algebra,0.1,ept_bridge_in_strength_greedy,42,381,1,1.379790026246719
Algebra,0.1,ept_bridge_in_strength_greedy,42,381,2,1.6385826771653544
Algebra,0.1,ept_bridge_in_strength_greedy,42,381,3,1.9414698162729658
Algebra,0.1,ept_bridge_in_strength_greedy,42,381,4,2.293700787401575
Algebra,0.1,ept_bridge_in_strength_greedy,42,381,5,2.7083989501312336
Algebra,0.1,ept_bridge_in_strength_greedy,42,381,6,3.222047244094488
Algebra,0.1,ept_bridge_in_strength_greedy,42,381,7,3.8039370078740156
Algebra,0.1,ept_bridge_in_strength_greedy,42,381,8,4.438320209973753
Algebra,0.1,ept_bridge_in_strength_greedy,42,381,9,5.195538057742782
Algebra,0.1,ept_bridge_in_strength_greedy,42,381,10,6.054068241469817
Algebra,0.1,ept_bridge_in_strength_greedy,42,381,11,7.063254593175853
Algebra,0.1,ept_bridge_in_strength_greedy,42,381,12,8.199737532808399
Algebra,0.1,ept_bridge_in_strength_greedy,42,381,13,9.474278215223098
Algebra,0.1,ept_bridge_in_strength_greedy,42,381,14,10.943832020997375
Algebra,0.1,ept_bridge_in_strength_greedy,42,381,15,12.53779527559055
Algebra,0.1,ept_bridge_in_strength_greedy,42,381,16,14.35223097112861
Algebra,0.1,ept_bridge_in_strength_greedy,42,381,17,16.369028871391077
Algebra,0.1,ept_bridge_in_strength_greedy,42,381,18,18.630708661417323
Algebra,0.1,ept_bridge_in_strength_greedy,42,381,19,21.128083989501313
Algebra,0.1,ept_bridge_in_strength_greedy,42,381,20,23.89028871391076
Algebra,0.1,ept_bridge_in_strength_greedy,42,381,21,26.81181102362205
Algebra,0.1,ept_bridge_in_strength_greedy,42,381,22,29.99553805774278
Algebra,0.1,ept_bridge_in_strength_greedy,42,381,23,33.342782152230974
Algebra,0.1,ept_bridge_in_strength_greedy,42,381,24,36.97664041994751
Algebra,0.1,ept_bridge_in_strength_greedy,42,381,25,40.78976377952756
Algebra,0.1,ept_bridge_in_out_total,42,381,0,1
Algebra,0.1,ept_bridge_in_out_total,42,381,1,1.3779527559055118
Algebra,0.1,ept_bridge_in_out_total,42,381,2,1.6356955380577427
Algebra,0.1,ept_bridge_in_out_total,42,381,3,1.935958005249344
Algebra,0.1,ept_bridge_in_out_total,42,381,4,2.2766404199475065
Algebra,0.1,ept_bridge_in_out_total,42,381,5,2.6648293963254592
Algebra,0.1,ept_bridge_in_out_total,42,381,6,3.1191601049868765
Algebra,0.1,ept_bridge_in_out_total,42,381,7,3.6433070866141732
Algebra,0.1,ept_bridge_in_out_total,42,381,8,4.254068241469816
Algebra,0.1,ept_bridge_in_out_total,42,381,9,4.936482939632546
Algebra,0.1,ept_bridge_in_out_total,42,381,10,5.7406824146981625
Algebra,0.1,ept_bridge_in_out_total,42,381,11,6.64488188976378
Algebra,0.1,ept_bridge_in_out_total,42,381,12,7.666404199475066
Algebra,0.1,ept_bridge_in_out_total,42,381,13,8.83228346456693
Algebra,0.1,ept_bridge_in_out_total,42,381,14,10.154593175853018
Algebra,0.1,ept_bridge_in_out_total,42,381,15,11.639107611548557
Algebra,0.1,ept_bridge_in_out_total,42,381,16,13.298425196850394
Algebra,0.1,ept_bridge_in_out_total,42,381,17,15.127296587926509
Algebra,0.1,ept_bridge_in_out_total,42,381,18,17.120997375328084
Algebra,0.1,ept_bridge_in_out_total,42,381,19,19.325459317585302
Algebra,0.1,ept_bridge_in_out_total,42,381,20,21.750656167979002
Algebra,0.1,ept_bridge_in_out_total,42,381,21,24.39448818897638
Algebra,0.1,ept_bridge_in_out_total,42,381,22,27.22335958005249
Algebra,0.1,ept_bridge_in_out_total,42,381,23,30.332283464566927
Algebra,0.1,ept_bridge_in_out_total,42,381,24,33.63700787401575
Algebra,0.1,ept_bridge_in_out_total,42,381,25,37.08188976377953
Algebra,0.1,ept_bridge_in_out_total_greedy,42,381,0,1
Algebra,0.1,ept_bridge_in_out_total_greedy,42,381,1,1.3737532808398951
Algebra,0.1,ept_bridge_in_out_total_greedy,42,381,2,1.6194225721784776
Algebra,0.1,ept_bridge_in_out_total_greedy,42,381,3,1.9099737532808398
Algebra,0.1,ept_bridge_in_out_total_greedy,42,381,4,2.253018372703412
Algebra,0.1,ept_bridge_in_out_total_greedy,42,381,5,2.6635170603674543
Algebra,0.1,ept_bridge_in_out_total_greedy,42,381,6,3.1354330708661418
Algebra,0.1,ept_bridge_in_out_total_greedy,42,381,7,3.679527559055118
Algebra,0.1,ept_bridge_in_out_total_greedy,42,381,8,4.275590551181103
Algebra,0.1,ept_bridge_in_out_total_greedy,42,381,9,4.995538057742782
Algebra,0.1,ept_bridge_in_out_total_greedy,42,381,10,5.8498687664041995
Algebra,0.1,ept_bridge_in_out_total_greedy,42,381,11,6.7923884514435695
Algebra,0.1,ept_bridge_in_out_total_greedy,42,381,12,7.8556430446194225
Algebra,0.1,ept_bridge_in_out_total_greedy,42,381,13,9.088451443569554
Algebra,0.1,ept_bridge_in_out_total_greedy,42,381,14,10.5
Algebra,0.1,ept_bridge_in_out_total_greedy,42,381,15,12.071916010498688
Algebra,0.1,ept_bridge_in_out_total_greedy,42,381,16,13.79501312335958
Algebra,0.1,ept_bridge_in_out_total_greedy,42,381,17,15.759055118110236
Algebra,0.1,ept_bridge_in_out_total_greedy,42,381,18,17.88293963254593
Algebra,0.1,ept_bridge_in_out_total_greedy,42,381,19,20.20262467191601
Algebra,0.1,ept_bridge_in_out_total_greedy,42,381,20,22.76272965879265
Algebra,0.1,ept_bridge_in_out_total_greedy,42,381,21,25.58267716535433
Algebra,0.1,ept_bridge_in_out_total_greedy,42,381,22,28.556167979002623
Algebra,0.1,ept_bridge_in_out_total_greedy,42,381,23,31.76561679790026
Algebra,0.1,ept_bridge_in_out_total_greedy,42,381,24,35.19816272965879
Algebra,0.1,ept_bridge_in_out_total_greedy,42,381,25,38.83254593175853
Algebra,0.1,ept_boundary_strength,42,381,0,1
Algebra,0.1,ept_boundary_strength,42,381,1,1.3874015748031496
Algebra,0.1,ept_boundary_strength,42,381,2,1.6178477690288713
Algebra,0.1,ept_boundary_strength,42,381,3,1.8829396325459318
Algebra,0.1,ept_boundary_strength,42,381,4,2.211286089238845
Algebra,0.1,ept_boundary_strength,42,381,5,2.600787401574803
Algebra,0.1,ept_boundary_strength,42,381,6,3.0280839895013125
Algebra,0.1,ept_boundary_strength,42,381,7,3.5338582677165356
Algebra,0.1,ept_boundary_strength,42,381,8,4.110761154855643
Algebra,0.1,ept_boundary_strength,42,381,9,4.776115485564304
Algebra,0.1,ept_boundary_strength,42,381,10,5.494225721784777
Algebra,0.1,ept_boundary_strength,42,381,11,6.373490813648294
Algebra,0.1,ept_boundary_strength,42,381,12,7.368503937007874
Algebra,0.1,ept_boundary_strength,42,381,13,8.481889763779527
Algebra,0.1,ept_boundary_strength,42,381,14,9.706036745406823
Algebra,0.1,ept_boundary_strength,42,381,15,11.095538057742782
Algebra,0.1,ept_boundary_strength,42,381,16,12.699475065616799
Algebra,0.1,ept_boundary_strength,42,381,17,14.485301837270342
Algebra,0.1,ept_boundary_strength,42,381,18,16.39475065616798
Algebra,0.1,ept_boundary_strength,42,381,19,18.61496062992126
Algebra,0.1,ept_boundary_strength,42,381,20,20.946456692913387
Algebra,0.1,ept_boundary_strength,42,381,21,23.623097112860894
Algebra,0.1,ept_boundary_strength,42,381,22,26.523359580052492
Algebra,0.1,ept_boundary_strength,42,381,23,29.57217847769029
Algebra,0.1,ept_boundary_strength,42,381,24,32.84225721784777
Algebra,0.1,ept_boundary_strength,42,381,25,36.36062992125984
Algebra,0.1,ept_boundary_strength_greedy,42,381,0,1
Algebra,0.1,ept_boundary_strength_greedy,42,381,1,1.3874015748031496
Algebra,0.1,ept_boundary_strength_greedy,42,381,2,1.6251968503937009
Algebra,0.1,ept_boundary_strength_greedy,42,381,3,1.9015748031496063
Algebra,0.1,ept_boundary_strength_greedy,42,381,4,2.2451443569553806
Algebra,0.1,ept_boundary_strength_greedy,42,381,5,2.6509186351706036
Algebra,0.1,ept_boundary_strength_greedy,42,381,6,3.1076115485564304
Algebra,0.1,ept_boundary_strength_greedy,42,381,7,3.6018372703412074
Algebra,0.1,ept_boundary_strength_greedy,42,381,8,4.210236220472441
Algebra,0.1,ept_boundary_strength_greedy,42,381,9,4.884514435695538
Algebra,0.1,ept_boundary_strength_greedy,42,381,10,5.63753280839895
Algebra,0.1,ept_boundary_strength_greedy,42,381,11,6.493175853018372
Algebra,0.1,ept_boundary_strength_greedy,42,381,12,7.493963254593176
Algebra,0.1,ept_boundary_strength_greedy,42,381,13,8.588451443569554
Algebra,0.1,ept_boundary_strength_greedy,42,381,14,9.829396325459317
Algebra,0.1,ept_boundary_strength_greedy,42,381,15,11.241469816272966
Algebra,0.1,ept_boundary_strength_greedy,42,381,16,12.788188976377953
Algebra,0.1,ept_boundary_strength_greedy,42,381,17,14.500787401574803
Algebra,0.1,ept_boundary_strength_greedy,42,381,18,16.412073490813647
Algebra,0.1,ept_boundary_strength_greedy,42,381,19,18.602099737532807
Algebra,0.1,ept_boundary_strength_greedy,42,381,20,20.996587926509186
Algebra,0.1,ept_boundary_strength_greedy,42,381,21,23.596062992125983
Algebra,0.1,ept_boundary_strength_greedy,42,381,22,26.405511811023622
Algebra,0.1,ept_boundary_strength_greedy,42,381,23,29.42204724409449
Algebra,0.1,ept_boundary_strength_greedy,42,381,24,32.65433070866142
Algebra,0.1,ept_boundary_strength_greedy,42,381,25,36.19658792650919
Algebra,0.1,ept_bridge_out_fraction,42,381,0,1
Algebra,0.1,ept_bridge_out_fraction,42,381,1,1.4745406824146983
Algebra,0.1,ept_bridge_out_fraction,42,381,2,1.8199475065616797
Algebra,0.1,ept_bridge_out_fraction,42,381,3,2.269553805774278
Algebra,0.1,ept_bridge_out_fraction,42,381,4,2.8026246719160106
Algebra,0.1,ept_bridge_out_fraction,42,381,5,3.442782152230971
Algebra,0.1,ept_bridge_out_fraction,42,381,6,4.198425196850394
Algebra,0.1,ept_bridge_out_fraction,42,381,7,5.11732283464567
Algebra,0.1,ept_bridge_out_fraction,42,381,8,6.205249343832021
Algebra,0.1,ept_bridge_out_fraction,42,381,9,7.462729658792651
Algebra,0.1,ept_bridge_out_fraction,42,381,10,8.925459317585302
Algebra,0.1,ept_bridge_out_fraction,42,381,11,10.659055118110237
Algebra,0.1,ept_bridge_out_fraction,42,381,12,12.694225721784777
Algebra,0.1,ept_bridge_out_fraction,42,381,13,15.003674540682415
Algebra,0.1,ept_bridge_out_fraction,42,381,14,17.583464566929134
Algebra,0.1,ept_bridge_out_fraction,42,381,15,20.51469816272966
Algebra,0.1,ept_bridge_out_fraction,42,381,16,23.817847769028873
Algebra,0.1,ept_bridge_out_fraction,42,381,17,27.53490813648294
Algebra,0.1,ept_bridge_out_fraction,42,381,18,31.573753280839895
Algebra,0.1,ept_bridge_out_fraction,42,381,19,35.981627296587924
Algebra,0.1,ept_bridge_out_fraction,42,381,20,40.781889763779525
Algebra,0.1,ept_bridge_out_fraction,42,381,21,45.93595800524935
Algebra,0.1,ept_bridge_out_fraction,42,381,22,51.398687664041994
Algebra,0.1,ept_bridge_out_fraction,42,381,23,57.02703412073491
Algebra,0.1,ept_bridge_out_fraction,42,381,24,62.94750656167979
Algebra,0.1,ept_bridge_out_fraction,42,381,25,68.98608923884514
Algebra,0.1,ept_bridge_out_fraction_greedy,42,381,0,1
Algebra,0.1,ept_bridge_out_fraction_greedy,42,381,1,1.4839895013123359
Algebra,0.1,ept_bridge_out_fraction_greedy,42,381,2,1.8270341207349081
Algebra,0.1,ept_bridge_out_fraction_greedy,42,381,3,2.303674540682415
Algebra,0.1,ept_bridge_out_fraction_greedy,42,381,4,2.8926509186351708
Algebra,0.1,ept_bridge_out_fraction_greedy,42,381,5,3.5556430446194227
Algebra,0.1,ept_bridge_out_fraction_greedy,42,381,6,4.376640419947506
Algebra,0.1,ept_bridge_out_fraction_greedy,42,381,7,5.353280839895013
Algebra,0.1,ept_bridge_out_fraction_greedy,42,381,8,6.5149606299212595
Algebra,0.1,ept_bridge_out_fraction_greedy,42,381,9,7.911548556430446
Algebra,0.1,ept_bridge_out_fraction_greedy,42,381,10,9.515748031496063
Algebra,0.1,ept_bridge_out_fraction_greedy,42,381,11,11.424146981627297
Algebra,0.1,ept_bridge_out_fraction_greedy,42,381,12,13.543569553805774
Algebra,0.1,ept_bridge_out_fraction_greedy,42,381,13,16.015748031496063
Algebra,0.1,ept_bridge_out_fraction_greedy,42,381,14,18.827296587926508
Algebra,0.1,ept_bridge_out_fraction_greedy,42,381,15,22.020734908136482
Algebra,0.1,ept_bridge_out_fraction_greedy,42,381,16,25.660629921259844
Algebra,0.1,ept_bridge_out_fraction_greedy,42,381,17,29.68818897637795
Algebra,0.1,ept_bridge_out_fraction_greedy,42,381,18,34.0498687664042
Algebra,0.1,ept_bridge_out_fraction_greedy,42,381,19,38.854330708661415
Algebra,0.1,ept_bridge_out_fraction_greedy,42,381,20,43.99160104986877
Algebra,0.1,ept_bridge_out_fraction_greedy,42,381,21,49.53595800524934
Algebra,0.1,ept_bridge_out_fraction_greedy,42,381,22,55.28871391076115
Algebra,0.1,ept_bridge_out_fraction_greedy,42,381,23,61.2501312335958
Algebra,0.1,ept_bridge_out_fraction_greedy,42,381,24,67.52020997375328
Algebra,0.1,ept_bridge_out_fraction_greedy,42,381,25,73.78792650918635
Algebra,0.1,ept_bridge_broker,42,381,0,1
Algebra,0.1,ept_bridge_broker,42,381,1,1.3971128608923884
Algebra,0.1,ept_bridge_broker,42,381,2,1.6341207349081366
Algebra,0.1,ept_bridge_broker,42,381,3,1.9238845144356955
Algebra,0.1,ept_bridge_broker,42,381,4,2.286089238845144
Algebra,0.1,ept_bridge_broker,42,381,5,2.688188976377953
Algebra,0.1,ept_bridge_broker,42,381,6,3.1603674540682416
Algebra,0.1,ept_bridge_broker,42,381,7,3.6981627296587924
Algebra,0.1,ept_bridge_broker,42,381,8,4.306299212598425
Algebra,0.1,ept_bridge_broker,42,381,9,5.041732283464567
Algebra,0.1,ept_bridge_broker,42,381,10,5.861942257217848
Algebra,0.1,ept_bridge_broker,42,381,11,6.767979002624672
Algebra,0.1,ept_bridge_broker,42,381,12,7.790813648293963
Algebra,0.1,ept_bridge_broker,42,381,13,8.970603674540682
Algebra,0.1,ept_bridge_broker,42,381,14,10.267191601049868
Algebra,0.1,ept_bridge_broker,42,381,15,11.723622047244094
Algebra,0.1,ept_bridge_broker,42,381,16,13.391338582677164
Algebra,0.1,ept_bridge_broker,42,381,17,15.223097112860893
Algebra,0.1,ept_bridge_broker,42,381,18,17.248031496062993
Algebra,0.1,ept_bridge_broker,42,381,19,19.503937007874015
Algebra,0.1,ept_bridge_broker,42,381,20,21.968503937007874
Algebra,0.1,ept_bridge_broker,42,381,21,24.637007874015747
Algebra,0.1,ept_bridge_broker,42,381,22,27.51207349081365
Algebra,0.1,ept_bridge_broker,42,381,23,30.631233595800524
Algebra,0.1,ept_bridge_broker,42,381,24,33.91653543307087
Algebra,0.1,ept_bridge_broker,42,381,25,37.4509186351706
Algebra,0.1,ept_bridge_broker_greedy,42,381,0,1
Algebra,0.1,ept_bridge_broker_greedy,42,381,1,1.389238845144357
Algebra,0.1,ept_bridge_broker_greedy,42,381,2,1.6346456692913385
Algebra,0.1,ept_bridge_broker_greedy,42,381,3,1.9307086614173228
Algebra,0.1,ept_bridge_broker_greedy,42,381,4,2.2855643044619423
Algebra,0.1,ept_bridge_broker_greedy,42,381,5,2.6871391076115487
Algebra,0.1,ept_bridge_broker_greedy,42,381,6,3.126246719160105
Algebra,0.1,ept_bridge_broker_greedy,42,381,7,3.6493438320209974
Algebra,0.1,ept_bridge_broker_greedy,42,381,8,4.244094488188976
Algebra,0.1,ept_bridge_broker_greedy,42,381,9,4.943832020997375
Algebra,0.1,ept_bridge_broker_greedy,42,381,10,5.747769028871391
Algebra,0.1,ept_bridge_broker_greedy,42,381,11,6.637795275590551
Algebra,0.1,ept_bridge_broker_greedy,42,381,12,7.724146981627297
Algebra,0.1,ept_bridge_broker_greedy,42,381,13,8.939632545931758
Algebra,0.1,ept_bridge_broker_greedy,42,381,14,10.267191601049868
Algebra,0.1,ept_bridge_broker_greedy,42,381,15,11.780839895013123
Algebra,0.1,ept_bridge_broker_greedy,42,381,16,13.464304461942257
Algebra,0.1,ept_bridge_broker_greedy,42,381,17,15.317060367454069
Algebra,0.1,ept_bridge_broker_greedy,42,381,18,17.38713910761155
Algebra,0.1,ept_bridge_broker_greedy,42,381,19,19.66430446194226
Algebra,0.1,ept_bridge_broker_greedy,42,381,20,22.07795275590551
Algebra,0.1,ept_bridge_broker_greedy,42,381,21,24.758792650918636
Algebra,0.1,ept_bridge_broker_greedy,42,381,22,27.616797900262466
Algebra,0.1,ept_bridge_broker_greedy,42,381,23,30.80288713910761
Algebra,0.1,ept_bridge_broker_greedy,42,381,24,34.127034120734905
Algebra,0.1,ept_bridge_broker_greedy,42,381,25,37.64461942257218
Algebra,0.1,ept_boundary_ratio,42,381,0,1
Algebra,0.1,ept_boundary_ratio,42,381,1,1.4745406824146983
Algebra,0.1,ept_boundary_ratio,42,381,2,1.8199475065616797
Algebra,0.1,ept_boundary_ratio,42,381,3,2.269553805774278
Algebra,0.1,ept_boundary_ratio,42,381,4,2.8026246719160106
Algebra,0.1,ept_boundary_ratio,42,381,5,3.442782152230971
Algebra,0.1,ept_boundary_ratio,42,381,6,4.198425196850394
Algebra,0.1,ept_boundary_ratio,42,381,7,5.11732283464567
Algebra,0.1,ept_boundary_ratio,42,381,8,6.205249343832021
Algebra,0.1,ept_boundary_ratio,42,381,9,7.462729658792651
Algebra,0.1,ept_boundary_ratio,42,381,10,8.925459317585302
Algebra,0.1,ept_boundary_ratio,42,381,11,10.659055118110237
Algebra,0.1,ept_boundary_ratio,42,381,12,12.694225721784777
Algebra,0.1,ept_boundary_ratio,42,381,13,15.003674540682415
Algebra,0.1,ept_boundary_ratio,42,381,14,17.583464566929134
Algebra,0.1,ept_boundary_ratio,42,381,15,20.51469816272966
Algebra,0.1,ept_boundary_ratio,42,381,16,23.817847769028873
Algebra,0.1,ept_boundary_ratio,42,381,17,27.53490813648294
Algebra,0.1,ept_boundary_ratio,42,381,18,31.573753280839895
Algebra,0.1,ept_boundary_ratio,42,381,19,35.981627296587924
Algebra,0.1,ept_boundary_ratio,42,381,20,40.781889763779525
Algebra,0.1,ept_boundary_ratio,42,381,21,45.93595800524935
Algebra,0.1,ept_boundary_ratio,42,381,22,51.398687664041994
Algebra,0.1,ept_boundary_ratio,42,381,23,57.02703412073491
Algebra,0.1,ept_boundary_ratio,42,381,24,62.94750656167979
Algebra,0.1,ept_boundary_ratio,42,381,25,68.98608923884514
Algebra,0.1,ept_boundary_ratio_greedy,42,381,0,1
Algebra,0.1,ept_boundary_ratio_greedy,42,381,1,1.4839895013123359
Algebra,0.1,ept_boundary_ratio_greedy,42,381,2,1.8270341207349081
Algebra,0.1,ept_boundary_ratio_greedy,42,381,3,2.303674540682415
Algebra,0.1,ept_boundary_ratio_greedy,42,381,4,2.8926509186351708
Algebra,0.1,ept_boundary_ratio_greedy,42,381,5,3.5556430446194227
Algebra,0.1,ept_boundary_ratio_greedy,42,381,6,4.376640419947506
Algebra,0.1,ept_boundary_ratio_greedy,42,381,7,5.353280839895013
Algebra,0.1,ept_boundary_ratio_greedy,42,381,8,6.5149606299212595
Algebra,0.1,ept_boundary_ratio_greedy,42,381,9,7.911548556430446
Algebra,0.1,ept_boundary_ratio_greedy,42,381,10,9.515748031496063
Algebra,0.1,ept_boundary_ratio_greedy,42,381,11,11.424146981627297
Algebra,0.1,ept_boundary_ratio_greedy,42,381,12,13.543569553805774
Algebra,0.1,ept_boundary_ratio_greedy,42,381,13,16.015748031496063
Algebra,0.1,ept_boundary_ratio_greedy,42,381,14,18.827296587926508
Algebra,0.1,ept_boundary_ratio_greedy,42,381,15,22.020734908136482
Algebra,0.1,ept_boundary_ratio_greedy,42,381,16,25.660629921259844
Algebra,0.1,ept_boundary_ratio_greedy,42,381,17,29.68818897637795
Algebra,0.1,ept_boundary_ratio_greedy,42,381,18,34.0498687664042
Algebra,0.1,ept_boundary_ratio_greedy,42,381,19,38.854330708661415
Algebra,0.1,ept_boundary_ratio_greedy,42,381,20,43.99160104986877
Algebra,0.1,ept_boundary_ratio_greedy,42,381,21,49.53595800524934
Algebra,0.1,ept_boundary_ratio_greedy,42,381,22,55.28871391076115
Algebra,0.1,ept_boundary_ratio_greedy,42,381,23,61.2501312335958
Algebra,0.1,ept_boundary_ratio_greedy,42,381,24,67.52020997375328
Algebra,0.1,ept_boundary_ratio_greedy,42,381,25,73.78792650918635
Algebra,0.1,ept_broker_strength,42,381,0,1
Algebra,0.1,ept_broker_strength,42,381,1,1.395538057742782
Algebra,0.1,ept_broker_strength,42,381,2,1.6167979002624673
Algebra,0.1,ept_broker_strength,42,381,3,1.872703412073491
Algebra,0.1,ept_broker_strength,42,381,4,2.1968503937007875
Algebra,0.1,ept_broker_strength,42,381,5,2.5611548556430446
Algebra,0.1,ept_broker_strength,42,381,6,2.993438320209974
Algebra,0.1,ept_broker_strength,42,381,7,3.469291338582677
Algebra,0.1,ept_broker_strength,42,381,8,4.026509186351706
Algebra,0.1,ept_broker_strength,42,381,9,4.634120734908136
Algebra,0.1,ept_broker_strength,42,381,10,5.327296587926509
Algebra,0.1,ept_broker_strength,42,381,11,6.156167979002625
Algebra,0.1,ept_broker_strength,42,381,12,7.070603674540682
Algebra,0.1,ept_broker_strength,42,381,13,8.111811023622048
Algebra,0.1,ept_broker_strength,42,381,14,9.24488188976378
Algebra,0.1,ept_broker_strength,42,381,15,10.577952755905512
Algebra,0.1,ept_broker_strength,42,381,16,11.980839895013123
Algebra,0.1,ept_broker_strength,42,381,17,13.600524934383202
Algebra,0.1,ept_broker_strength,42,381,18,15.44461942257218
Algebra,0.1,ept_broker_strength,42,381,19,17.440682414698163
Algebra,0.1,ept_broker_strength,42,381,20,19.595538057742782
Algebra,0.1,ept_broker_strength,42,381,21,22.017847769028872
Algebra,0.1,ept_broker_strength,42,381,22,24.632020997375328
Algebra,0.1,ept_broker_strength,42,381,23,27.450918635170602
Algebra,0.1,ept_broker_strength,42,381,24,30.477952755905513
Algebra,0.1,ept_broker_strength,42,381,25,33.77847769028872
Algebra,0.1,ept_broker_strength_greedy,42,381,0,1
Algebra,0.1,ept_broker_strength_greedy,42,381,1,1.3923884514435696
Algebra,0.1,ept_broker_strength_greedy,42,381,2,1.632283464566929
Algebra,0.1,ept_broker_strength_greedy,42,381,3,1.8776902887139109
Algebra,0.1,ept_broker_strength_greedy,42,381,4,2.172178477690289
Algebra,0.1,ept_broker_strength_greedy,42,381,5,2.5341207349081363
Algebra,0.1,ept_broker_strength_greedy,42,381,6,2.9653543307086614
Algebra,0.1,ept_broker_strength_greedy,42,381,7,3.4238845144356955
Algebra,0.1,ept_broker_strength_greedy,42,381,8,3.974803149606299
Algebra,0.1,ept_broker_strength_greedy,42,381,9,4.588713910761155
Algebra,0.1,ept_broker_strength_greedy,42,381,10,5.290813648293963
Algebra,0.1,ept_broker_strength_greedy,42,381,11,6.121784776902887
Algebra,0.1,ept_broker_strength_greedy,42,381,12,7.0194225721784775
Algebra,0.1,ept_broker_strength_greedy,42,381,13,8.068766404199476
Algebra,0.1,ept_broker_strength_greedy,42,381,14,9.28976377952756
Algebra,0.1,ept_broker_strength_greedy,42,381,15,10.658530183727034
Algebra,0.1,ept_broker_strength_greedy,42,381,16,12.1498687664042
Algebra,0.1,ept_broker_strength_greedy,42,381,17,13.78005249343832
Algebra,0.1,ept_broker_strength_greedy,42,381,18,15.551443569553806
Algebra,0.1,ept_broker_strength_greedy,42,381,19,17.536745406824146
Algebra,0.1,ept_broker_strength_greedy,42,381,20,19.813648293963254
Algebra,0.1,ept_broker_strength_greedy,42,381,21,22.23228346456693
Algebra,0.1,ept_broker_strength_greedy,42,381,22,24.955905511811025
Algebra,0.1,ept_broker_strength_greedy,42,381,23,27.871653543307087
Algebra,0.1,ept_broker_strength_greedy,42,381,24,31.031496062992126
Algebra,0.1,ept_broker_strength_greedy,42,381,25,34.34619422572178
Algebra,0.1,ept_pagerank,42,381,0,1
Algebra,0.1,ept_pagerank,42,381,1,1.379002624671916
Algebra,0.1,ept_pagerank,42,381,2,1.626509186351706
Algebra,0.1,ept_pagerank,42,381,3,1.9354330708661418
Algebra,0.1,ept_pagerank,42,381,4,2.2874015748031495
Algebra,0.1,ept_pagerank,42,381,5,2.7023622047244094
Algebra,0.1,ept_pagerank,42,381,6,3.188713910761155
Algebra,0.1,ept_pagerank,42,381,7,3.7719160104986877
Algebra,0.1,ept_pagerank,42,381,8,4.438320209973753
Algebra,0.1,ept_pagerank,42,381,9,5.232808398950131
Algebra,0.1,ept_pagerank,42,381,10,6.141994750656168
Algebra,0.1,ept_pagerank,42,381,11,7.190551181102363
Algebra,0.1,ept_pagerank,42,381,12,8.380839895013123
Algebra,0.1,ept_pagerank,42,381,13,9.728871391076115
Algebra,0.1,ept_pagerank,42,381,14,11.233070866141732
Algebra,0.1,ept_pagerank,42,381,15,13.008923884514436
Algebra,0.1,ept_pagerank,42,381,16,14.970603674540682
Algebra,0.1,ept_pagerank,42,381,17,17.155643044619424
Algebra,0.1,ept_pagerank,42,381,18,19.6496062992126
Algebra,0.1,ept_pagerank,42,381,19,22.331233595800526
Algebra,0.1,ept_pagerank,42,381,20,25.224146981627296
Algebra,0.1,ept_pagerank,42,381,21,28.438057742782153
Algebra,0.1,ept_pagerank,42,381,22,31.846719160104985
Algebra,0.1,ept_pagerank,42,381,23,35.481627296587924
Algebra,0.1,ept_pagerank,42,381,24,39.339107611548556
Algebra,0.1,ept_pagerank,42,381,25,43.39580052493438
Algebra,0.1,ept_pagerank_greedy,42,381,0,1
Algebra,0.1,ept_pagerank_greedy,42,381,1,1.3769028871391076
Algebra,0.1,ept_pagerank_greedy,42,381,2,1.6167979002624673
Algebra,0.1,ept_pagerank_greedy,42,381,3,1.911023622047244
Algebra,0.1,ept_pagerank_greedy,42,381,4,2.253805774278215
Algebra,0.1,ept_pagerank_greedy,42,381,5,2.6784776902887137
Algebra,0.1,ept_pagerank_greedy,42,381,6,3.15249343832021
Algebra,0.1,ept_pagerank_greedy,42,381,7,3.7149606299212596
Algebra,0.1,ept_pagerank_greedy,42,381,8,4.336220472440945
Algebra,0.1,ept_pagerank_greedy,42,381,9,5.090813648293963
Algebra,0.1,ept_pagerank_greedy,42,381,10,5.913385826771654
Algebra,0.1,ept_pagerank_greedy,42,381,11,6.9073490813648295
Algebra,0.1,ept_pagerank_greedy,42,381,12,8.022834645669292
Algebra,0.1,ept_pagerank_greedy,42,381,13,9.280839895013123
Algebra,0.1,ept_pagerank_greedy,42,381,14,10.793438320209974
Algebra,0.1,ept_pagerank_greedy,42,381,15,12.420472440944883
Algebra,0.1,ept_pagerank_greedy,42,381,16,14.278477690288714
Algebra,0.1,ept_pagerank_greedy,42,381,17,16.339370078740156
Algebra,0.1,ept_pagerank_greedy,42,381,18,18.6246719160105
Algebra,0.1,ept_pagerank_greedy,42,381,19,21.091076115485563
Algebra,0.1,ept_pagerank_greedy,42,381,20,23.833858267716536
Algebra,0.1,ept_pagerank_greedy,42,381,21,26.85485564304462
Algebra,0.1,ept_pagerank_greedy,42,381,22,30.082939632545934
Algebra,0.1,ept_pagerank_greedy,42,381,23,33.47322834645669
Algebra,0.1,ept_pagerank_greedy,42,381,24,37.163517060367454
Algebra,0.1,ept_pagerank_greedy,42,381,25,41.02335958005249
Algebra,0.1,ept_total_strength,42,381,0,1
Algebra,0.1,ept_total_strength,42,381,1,1.3931758530183727
Algebra,0.1,ept_total_strength,42,381,2,1.625721784776903
Algebra,0.1,ept_total_strength,42,381,3,1.8816272965879266
Algebra,0.1,ept_total_strength,42,381,4,2.206036745406824
Algebra,0.1,ept_total_strength,42,381,5,2.5761154855643045
Algebra,0.1,ept_total_strength,42,381,6,3.0018372703412073
Algebra,0.1,ept_total_strength,42,381,7,3.5070866141732284
Algebra,0.1,ept_total_strength,42,381,8,4.061154855643045
Algebra,0.1,ept_total_strength,42,381,9,4.7005249343832025
Algebra,0.1,ept_total_strength,42,381,10,5.439632545931759
Algebra,0.1,ept_total_strength,42,381,11,6.261154855643045
Algebra,0.1,ept_total_strength,42,381,12,7.260892388451444
Algebra,0.1,ept_total_strength,42,381,13,8.306824146981628
Algebra,0.1,ept_total_strength,42,381,14,9.516535433070866
Algebra,0.1,ept_total_strength,42,381,15,10.876902887139108
Algebra,0.1,ept_total_strength,42,381,16,12.391601049868767
Algebra,0.1,ept_total_strength,42,381,17,14.11286089238845
Algebra,0.1,ept_total_strength,42,381,18,16.056955380577428
Algebra,0.1,ept_total_strength,42,381,19,18.209186351706037
Algebra,0.1,ept_total_strength,42,381,20,20.520472440944882
Algebra,0.1,ept_total_strength,42,381,21,23.06272965879265
Algebra,0.1,ept_total_strength,42,381,22,25.868766404199476
Algebra,0.1,ept_total_strength,42,381,23,28.91758530183727
Algebra,0.1,ept_total_strength,42,381,24,32.14199475065617
Algebra,0.1,ept_total_strength,42,381,25,35.647769028871394
Algebra,0.1,ept_total_strength_greedy,42,381,0,1
Algebra,0.1,ept_total_strength_greedy,42,381,1,1.3881889763779527
Algebra,0.1,ept_total_strength_greedy,42,381,2,1.625721784776903
Algebra,0.1,ept_total_strength_greedy,42,381,3,1.879790026246719
Algebra,0.1,ept_total_strength_greedy,42,381,4,2.1973753280839894
Algebra,0.1,ept_total_strength_greedy,42,381,5,2.562204724409449
Algebra,0.1,ept_total_strength_greedy,42,381,6,2.9824146981627297
Algebra,0.1,ept_total_strength_greedy,42,381,7,3.445931758530184
Algebra,0.1,ept_total_strength_greedy,42,381,8,4.005249343832021
Algebra,0.1,ept_total_strength_greedy,42,381,9,4.64251968503937
Algebra,0.1,ept_total_strength_greedy,42,381,10,5.390813648293963
Algebra,0.1,ept_total_strength_greedy,42,381,11,6.24251968503937
Algebra,0.1,ept_total_strength_greedy,42,381,12,7.149343832020997
Algebra,0.1,ept_total_strength_greedy,42,381,13,8.240682414698163
Algebra,0.1,ept_total_strength_greedy,42,381,14,9.461417322834645
Algebra,0.1,ept_total_strength_greedy,42,381,15,10.801574803149606
Algebra,0.1,ept_total_strength_greedy,42,381,16,12.370866141732284
Algebra,0.1,ept_total_strength_greedy,42,381,17,14.086614173228346
Algebra,0.1,ept_total_strength_greedy,42,381,18,15.969816272965879
Algebra,0.1,ept_total_strength_greedy,42,381,19,18.07795275590551
Algebra,0.1,ept_total_strength_greedy,42,381,20,20.443832020997377
Algebra,0.1,ept_total_strength_greedy,42,381,21,22.996850393700786
Algebra,0.1,ept_total_strength_greedy,42,381,22,25.770866141732284
Algebra,0.1,ept_total_strength_greedy,42,381,23,28.81942257217848
Algebra,0.1,ept_total_strength_greedy,42,381,24,32.01758530183727
Algebra,0.1,ept_total_strength_greedy,42,381,25,35.48057742782152
Algebra,0.1,ept_out_strength,42,381,0,1
Algebra,0.1,ept_out_strength,42,381,1,1.4559055118110236
Algebra,0.1,ept_out_strength,42,381,2,1.7824146981627296
Algebra,0.1,ept_out_strength,42,381,3,2.2065616797900263
Algebra,0.1,ept_out_strength,42,381,4,2.7125984251968505
Algebra,0.1,ept_out_strength,42,381,5,3.289238845144357
Algebra,0.1,ept_out_strength,42,381,6,3.9979002624671915
Algebra,0.1,ept_out_strength,42,381,7,4.859842519685039
Algebra,0.1,ept_out_strength,42,381,8,5.850656167979003
Algebra,0.1,ept_out_strength,42,381,9,7.070603674540682
Algebra,0.1,ept_out_strength,42,381,10,8.430446194225722
Algebra,0.1,ept_out_strength,42,381,11,10.024409448818897
Algebra,0.1,ept_out_strength,42,381,12,11.841469816272966
Algebra,0.1,ept_out_strength,42,381,13,13.963254593175852
Algebra,0.1,ept_out_strength,42,381,14,16.3755905511811
Algebra,0.1,ept_out_strength,42,381,15,19.120472440944884
Algebra,0.1,ept_out_strength,42,381,16,22.201312335958004
Algebra,0.1,ept_out_strength,42,381,17,25.66167979002625
Algebra,0.1,ept_out_strength,42,381,18,29.520472440944882
Algebra,0.1,ept_out_strength,42,381,19,33.80288713910761
Algebra,0.1,ept_out_strength,42,381,20,38.45616797900262
Algebra,0.1,ept_out_strength,42,381,21,43.45275590551181
Algebra,0.1,ept_out_strength,42,381,22,48.70288713910761
Algebra,0.1,ept_out_strength,42,381,23,54.281889763779525
Algebra,0.1,ept_out_strength,42,381,24,60.14435695538058
Algebra,0.1,ept_out_strength,42,381,25,66.24304461942258
Algebra,0.1,ept_out_strength_greedy,42,381,0,1
Algebra,0.1,ept_out_strength_greedy,42,381,1,1.4553805774278215
Algebra,0.1,ept_out_strength_greedy,42,381,2,1.7858267716535432
Algebra,0.1,ept_out_strength_greedy,42,381,3,2.211023622047244
Algebra,0.1,ept_out_strength_greedy,42,381,4,2.716010498687664
Algebra,0.1,ept_out_strength_greedy,42,381,5,3.294750656167979
Algebra,0.1,ept_out_strength_greedy,42,381,6,4.008661417322835
Algebra,0.1,ept_out_strength_greedy,42,381,7,4.88740157480315
Algebra,0.1,ept_out_strength_greedy,42,381,8,5.905774278215223
Algebra,0.1,ept_out_strength_greedy,42,381,9,7.1013123359580055
Algebra,0.1,ept_out_strength_greedy,42,381,10,8.464304461942257
Algebra,0.1,ept_out_strength_greedy,42,381,11,10.086351706036746
Algebra,0.1,ept_out_strength_greedy,42,381,12,11.90997375328084
Algebra,0.1,ept_out_strength_greedy,42,381,13,14.034645669291338
Algebra,0.1,ept_out_strength_greedy,42,381,14,16.42755905511811
Algebra,0.1,ept_out_strength_greedy,42,381,15,19.18477690288714
Algebra,0.1,ept_out_strength_greedy,42,381,16,22.293963254593177
Algebra,0.1,ept_out_strength_greedy,42,381,17,25.74199475065617
Algebra,0.1,ept_out_strength_greedy,42,381,18,29.61023622047244
Algebra,0.1,ept_out_strength_greedy,42,381,19,33.89737532808399
Algebra,0.1,ept_out_strength_greedy,42,381,20,38.58188976377953
Algebra,0.1,ept_out_strength_greedy,42,381,21,43.646719160104986
Algebra,0.1,ept_out_strength_greedy,42,381,22,49.016535433070864
Algebra,0.1,ept_out_strength_greedy,42,381,23,54.63412073490814
Algebra,0.1,ept_out_strength_greedy,42,381,24,60.5265091863517
Algebra,0.1,ept_out_strength_greedy,42,381,25,66.69291338582677
Algebra,0.2,degree,84,339,0,1
Algebra,0.2,degree,84,339,1,1.2772861356932153
Algebra,0.2,degree,84,339,2,1.4262536873156342
Algebra,0.2,degree,84,339,3,1.6339233038348082
Algebra,0.2,degree,84,339,4,1.836283185840708
Algebra,0.2,degree,84,339,5,2.0793510324483777
Algebra,0.2,degree,84,339,6,2.352802359882006
Algebra,0.2,degree,84,339,7,2.636283185840708
Algebra,0.2,degree,84,339,8,2.9572271386430677
Algebra,0.2,degree,84,339,9,3.288495575221239
Algebra,0.2,degree,84,339,10,3.646312684365782
Algebra,0.2,degree,84,339,11,4.059882005899705
Algebra,0.2,degree,84,339,12,4.523893805309735
Algebra,0.2,degree,84,339,13,5.018289085545723
Algebra,0.2,degree,84,339,14,5.564896755162242
Algebra,0.2,degree,84,339,15,6.155457227138643
Algebra,0.2,degree,84,339,16,6.832153392330383
Algebra,0.2,degree,84,339,17,7.546017699115044
Algebra,0.2,degree,84,339,18,8.285250737463127
Algebra,0.2,degree,84,339,19,9.088790560471976
Algebra,0.2,degree,84,339,20,9.91150442477876
Algebra,0.2,degree,84,339,21,10.823598820058997
Algebra,0.2,degree,84,339,22,11.77905604719764
Algebra,0.2,degree,84,339,23,12.775221238938054
Algebra,0.2,degree,84,339,24,13.862241887905604
Algebra,0.2,degree,84,339,25,14.97787610619469
Algebra,0.2,degree_greedy,84,339,0,1
Algebra,0.2,degree_greedy,84,339,1,1.2772861356932153
Algebra,0.2,degree_greedy,84,339,2,1.4333333333333333
Algebra,0.2,degree_greedy,84,339,3,1.6392330383480826
Algebra,0.2,degree_greedy,84,339,4,1.8533923303834807
Algebra,0.2,degree_greedy,84,339,5,2.0920353982300885
Algebra,0.2,degree_greedy,84,339,6,2.348672566371681
Algebra,0.2,degree_greedy,84,339,7,2.6368731563421828
Algebra,0.2,degree_greedy,84,339,8,2.949262536873156
Algebra,0.2,degree_greedy,84,339,9,3.299410029498525
Algebra,0.2,degree_greedy,84,339,10,3.647197640117994
Algebra,0.2,degree_greedy,84,339,11,4.076106194690266
Algebra,0.2,degree_greedy,84,339,12,4.520353982300885
Algebra,0.2,degree_greedy,84,339,13,5.012684365781711
Algebra,0.2,degree_greedy,84,339,14,5.56283185840708
Algebra,0.2,degree_greedy,84,339,15,6.15811209439528
Algebra,0.2,degree_greedy,84,339,16,6.772861356932153
Algebra,0.2,degree_greedy,84,339,17,7.45457227138643
Algebra,0.2,degree_greedy,84,339,18,8.184070796460176
Algebra,0.2,degree_greedy,84,339,19,8.986135693215338
Algebra,0.2,degree_greedy,84,339,20,9.797050147492625
Algebra,0.2,degree_greedy,84,339,21,10.685250737463127
Algebra,0.2,degree_greedy,84,339,22,11.606784660766962
Algebra,0.2,degree_greedy,84,339,23,12.595870206489675
Algebra,0.2,degree_greedy,84,339,24,13.623598820058998
Algebra,0.2,degree_greedy,84,339,25,14.66401179941003
Algebra,0.2,hyperdegree,84,339,0,1
Algebra,0.2,hyperdegree,84,339,1,1.3079646017699116
Algebra,0.2,hyperdegree,84,339,2,1.4790560471976402
Algebra,0.2,hyperdegree,84,339,3,1.7194690265486725
Algebra,0.2,hyperdegree,84,339,4,1.9991150442477876
Algebra,0.2,hyperdegree,84,339,5,2.303244837758112
Algebra,0.2,hyperdegree,84,339,6,2.651032448377581
Algebra,0.2,hyperdegree,84,339,7,3.0306784660766963
Algebra,0.2,hyperdegree,84,339,8,3.4911504424778763
Algebra,0.2,hyperdegree,84,339,9,3.9973451327433627
Algebra,0.2,hyperdegree,84,339,10,4.5410029498525075
Algebra,0.2,hyperdegree,84,339,11,5.20117994100295
Algebra,0.2,hyperdegree,84,339,12,5.898525073746312
Algebra,0.2,hyperdegree,84,339,13,6.706784660766962
Algebra,0.2,hyperdegree,84,339,14,7.594985250737463
Algebra,0.2,hyperdegree,84,339,15,8.597935103244838
Algebra,0.2,hyperdegree,84,339,16,9.666076696165192
Algebra,0.2,hyperdegree,84,339,17,10.854867256637169
Algebra,0.2,hyperdegree,84,339,18,12.192330383480826
Algebra,0.2,hyperdegree,84,339,19,13.623893805309734
Algebra,0.2,hyperdegree,84,339,20,15.093510324483775
Algebra,0.2,hyperdegree,84,339,21,16.743362831858406
Algebra,0.2,hyperdegree,84,339,22,18.566666666666666
Algebra,0.2,hyperdegree,84,339,23,20.521533923303835
Algebra,0.2,hyperdegree,84,339,24,22.58141592920354
Algebra,0.2,hyperdegree,84,339,25,24.72802359882006
Algebra,0.2,hyperdegree_greedy,84,339,0,1
Algebra,0.2,hyperdegree_greedy,84,339,1,1.3079646017699116
Algebra,0.2,hyperdegree_greedy,84,339,2,1.4790560471976402
Algebra,0.2,hyperdegree_greedy,84,339,3,1.7194690265486725
Algebra,0.2,hyperdegree_greedy,84,339,4,1.9991150442477876
Algebra,0.2,hyperdegree_greedy,84,339,5,2.303244837758112
Algebra,0.2,hyperdegree_greedy,84,339,6,2.651032448377581
Algebra,0.2,hyperdegree_greedy,84,339,7,3.0306784660766963
Algebra,0.2,hyperdegree_greedy,84,339,8,3.4911504424778763
Algebra,0.2,hyperdegree_greedy,84,339,9,3.9973451327433627
Algebra,0.2,hyperdegree_greedy,84,339,10,4.5410029498525075
Algebra,0.2,hyperdegree_greedy,84,339,11,5.20117994100295
Algebra,0.2,hyperdegree_greedy,84,339,12,5.898525073746312
Algebra,0.2,hyperdegree_greedy,84,339,13,6.706784660766962
Algebra,0.2,hyperdegree_greedy,84,339,14,7.594985250737463
Algebra,0.2,hyperdegree_greedy,84,339,15,8.597935103244838
Algebra,0.2,hyperdegree_greedy,84,339,16,9.666076696165192
Algebra,0.2,hyperdegree_greedy,84,339,17,10.854867256637169
Algebra,0.2,hyperdegree_greedy,84,339,18,12.192330383480826
Algebra,0.2,hyperdegree_greedy,84,339,19,13.623893805309734
Algebra,0.2,hyperdegree_greedy,84,339,20,15.093510324483775
Algebra,0.2,hyperdegree_greedy,84,339,21,16.743362831858406
Algebra,0.2,hyperdegree_greedy,84,339,22,18.566666666666666
Algebra,0.2,hyperdegree_greedy,84,339,23,20.521533923303835
Algebra,0.2,hyperdegree_greedy,84,339,24,22.58141592920354
Algebra,0.2,hyperdegree_greedy,84,339,25,24.72802359882006
Algebra,0.2,random,84,339,0,1
Algebra,0.2,random,84,339,1,1.4657817109144542
Algebra,0.2,random,84,339,2,1.8144542772861356
Algebra,0.2,random,84,339,3,2.2265486725663717
Algebra,0.2,random,84,339,4,2.736873156342183
Algebra,0.2,random,84,339,5,3.3079646017699114
Algebra,0.2,random,84,339,6,4.032743362831859
Algebra,0.2,random,84,339,7,4.896755162241888
Algebra,0.2,random,84,339,8,5.880825958702065
Algebra,0.2,random,84,339,9,7.0451327433628315
Algebra,0.2,random,84,339,10,8.405604719764012
Algebra,0.2,random,84,339,11,9.974041297935104
Algebra,0.2,random,84,339,12,11.756342182890856
Algebra,0.2,random,84,339,13,13.770501474926254
Algebra,0.2,random,84,339,14,16.098230088495576
Algebra,0.2,random,84,339,15,18.720353982300885
Algebra,0.2,random,84,339,16,21.63362831858407
Algebra,0.2,random,84,339,17,24.833628318584072
Algebra,0.2,random,84,339,18,28.42536873156342
Algebra,0.2,random,84,339,19,32.233038348082594
Algebra,0.2,random,84,339,20,36.37492625368731
Algebra,0.2,random,84,339,21,40.80383480825959
Algebra,0.2,random,84,339,22,45.54601769911505
Algebra,0.2,random,84,339,23,50.41681415929204
Algebra,0.2,random,84,339,24,55.62300884955752
Algebra,0.2,random,84,339,25,60.9165191740413
Algebra,0.2,random_greedy,84,339,0,1
Algebra,0.2,random_greedy,84,339,1,1.464306784660767
Algebra,0.2,random_greedy,84,339,2,1.7882005899705016
Algebra,0.2,random_greedy,84,339,3,2.207669616519174
Algebra,0.2,random_greedy,84,339,4,2.7117994100294984
Algebra,0.2,random_greedy,84,339,5,3.33952802359882
Algebra,0.2,random_greedy,84,339,6,4.080530973451327
Algebra,0.2,random_greedy,84,339,7,4.959882005899705
Algebra,0.2,random_greedy,84,339,8,5.962536873156342
Algebra,0.2,random_greedy,84,339,9,7.142772861356932
Algebra,0.2,random_greedy,84,339,10,8.505604719764012
Algebra,0.2,random_greedy,84,339,11,10.11858407079646
Algebra,0.2,random_greedy,84,339,12,11.938643067846607
Algebra,0.2,random_greedy,84,339,13,14.02212389380531
Algebra,0.2,random_greedy,84,339,14,16.391740412979352
Algebra,0.2,random_greedy,84,339,15,18.928023598820058
Algebra,0.2,random_greedy,84,339,16,21.83392330383481
Algebra,0.2,random_greedy,84,339,17,25.11533923303835
Algebra,0.2,random_greedy,84,339,18,28.565191740412978
Algebra,0.2,random_greedy,84,339,19,32.33008849557522
Algebra,0.2,random_greedy,84,339,20,36.335398230088494
Algebra,0.2,random_greedy,84,339,21,40.611209439528025
Algebra,0.2,random_greedy,84,339,22,45.12182890855457
Algebra,0.2,random_greedy,84,339,23,49.86814159292035
Algebra,0.2,random_greedy,84,339,24,54.743657817109145
Algebra,0.2,random_greedy,84,339,25,59.83510324483776
Algebra,0.2,avg_hyperedge_size,84,339,0,1
Algebra,0.2,avg_hyperedge_size,84,339,1,1.4109144542772862
Algebra,0.2,avg_hyperedge_size,84,339,2,1.6622418879056047
Algebra,0.2,avg_hyperedge_size,84,339,3,1.996165191740413
Algebra,0.2,avg_hyperedge_size,84,339,4,2.382300884955752
Algebra,0.2,avg_hyperedge_size,84,339,5,2.808849557522124
Algebra,0.2,avg_hyperedge_size,84,339,6,3.28141592920354
Algebra,0.2,avg_hyperedge_size,84,339,7,3.865486725663717
Algebra,0.2,avg_hyperedge_size,84,339,8,4.5451327433628315
Algebra,0.2,avg_hyperedge_size,84,339,9,5.362241887905605
Algebra,0.2,avg_hyperedge_size,84,339,10,6.241002949852508
Algebra,0.2,avg_hyperedge_size,84,339,11,7.25339233038348
Algebra,0.2,avg_hyperedge_size,84,339,12,8.400589970501475
Algebra,0.2,avg_hyperedge_size,84,339,13,9.700884955752212
Algebra,0.2,avg_hyperedge_size,84,339,14,11.16047197640118
Algebra,0.2,avg_hyperedge_size,84,339,15,12.81386430678466
Algebra,0.2,avg_hyperedge_size,84,339,16,14.640117994100295
Algebra,0.2,avg_hyperedge_size,84,339,17,16.614454277286136
Algebra,0.2,avg_hyperedge_size,84,339,18,18.821828908554572
Algebra,0.2,avg_hyperedge_size,84,339,19,21.248377581120945
Algebra,0.2,avg_hyperedge_size,84,339,20,23.91504424778761
Algebra,0.2,avg_hyperedge_size,84,339,21,26.777286135693217
Algebra,0.2,avg_hyperedge_size,84,339,22,29.8811209439528
Algebra,0.2,avg_hyperedge_size,84,339,23,33.25870206489675
Algebra,0.2,avg_hyperedge_size,84,339,24,36.84542772861357
Algebra,0.2,avg_hyperedge_size,84,339,25,40.64218289085546
Algebra,0.2,avg_hyperedge_size_greedy,84,339,0,1
Algebra,0.2,avg_hyperedge_size_greedy,84,339,1,1.4141592920353983
Algebra,0.2,avg_hyperedge_size_greedy,84,339,2,1.6781710914454278
Algebra,0.2,avg_hyperedge_size_greedy,84,339,3,2.028613569321534
Algebra,0.2,avg_hyperedge_size_greedy,84,339,4,2.424778761061947
Algebra,0.2,avg_hyperedge_size_greedy,84,339,5,2.8631268436578172
Algebra,0.2,avg_hyperedge_size_greedy,84,339,6,3.3740412979351033
Algebra,0.2,avg_hyperedge_size_greedy,84,339,7,3.989675516224189
Algebra,0.2,avg_hyperedge_size_greedy,84,339,8,4.709734513274336
Algebra,0.2,avg_hyperedge_size_greedy,84,339,9,5.5336283185840704
Algebra,0.2,avg_hyperedge_size_greedy,84,339,10,6.457817109144543
Algebra,0.2,avg_hyperedge_size_greedy,84,339,11,7.500884955752213
Algebra,0.2,avg_hyperedge_size_greedy,84,339,12,8.694985250737464
Algebra,0.2,avg_hyperedge_size_greedy,84,339,13,10.032743362831859
Algebra,0.2,avg_hyperedge_size_greedy,84,339,14,11.561061946902655
Algebra,0.2,avg_hyperedge_size_greedy,84,339,15,13.205604719764011
Algebra,0.2,avg_hyperedge_size_greedy,84,339,16,15.101474926253687
Algebra,0.2,avg_hyperedge_size_greedy,84,339,17,17.159882005899703
Algebra,0.2,avg_hyperedge_size_greedy,84,339,18,19.408849557522124
Algebra,0.2,avg_hyperedge_size_greedy,84,339,19,21.860176991150443
Algebra,0.2,avg_hyperedge_size_greedy,84,339,20,24.548082595870206
Algebra,0.2,avg_hyperedge_size_greedy,84,339,21,27.56047197640118
Algebra,0.2,avg_hyperedge_size_greedy,84,339,22,30.684070796460176
Algebra,0.2,avg_hyperedge_size_greedy,84,339,23,34.06017699115044
Algebra,0.2,avg_hyperedge_size_greedy,84,339,24,37.651032448377585
Algebra,0.2,avg_hyperedge_size_greedy,84,339,25,41.48407079646018
Algebra,0.2,count_communities_in_hedges,84,339,0,1
Algebra,0.2,count_communities_in_hedges,84,339,1,1.3575221238938053
Algebra,0.2,count_communities_in_hedges,84,339,2,1.6053097345132743
Algebra,0.2,count_communities_in_hedges,84,339,3,1.8752212389380531
Algebra,0.2,count_communities_in_hedges,84,339,4,2.207079646017699
Algebra,0.2,count_communities_in_hedges,84,339,5,2.607669616519174
Algebra,0.2,count_communities_in_hedges,84,339,6,3.0825958702064895
Algebra,0.2,count_communities_in_hedges,84,339,7,3.602064896755162
Algebra,0.2,count_communities_in_hedges,84,339,8,4.236578171091446
Algebra,0.2,count_communities_in_hedges,84,339,9,4.963716814159292
Algebra,0.2,count_communities_in_hedges,84,339,10,5.767846607669616
Algebra,0.2,count_communities_in_hedges,84,339,11,6.698525073746313
Algebra,0.2,count_communities_in_hedges,84,339,12,7.721533923303835
Algebra,0.2,count_communities_in_hedges,84,339,13,8.877876106194691
Algebra,0.2,count_communities_in_hedges,84,339,14,10.139823008849557
Algebra,0.2,count_communities_in_hedges,84,339,15,11.570206489675517
Algebra,0.2,count_communities_in_hedges,84,339,16,13.102949852507374
Algebra,0.2,count_communities_in_hedges,84,339,17,14.858997050147492
Algebra,0.2,count_communities_in_hedges,84,339,18,16.720353982300885
Algebra,0.2,count_communities_in_hedges,84,339,19,18.6976401179941
Algebra,0.2,count_communities_in_hedges,84,339,20,20.810324483775812
Algebra,0.2,count_communities_in_hedges,84,339,21,23.03628318584071
Algebra,0.2,count_communities_in_hedges,84,339,22,25.37581120943953
Algebra,0.2,count_communities_in_hedges,84,339,23,27.85221238938053
Algebra,0.2,count_communities_in_hedges,84,339,24,30.441002949852507
Algebra,0.2,count_communities_in_hedges,84,339,25,33.11209439528024
Algebra,0.2,count_communities_in_hedges_greedy,84,339,0,1
Algebra,0.2,count_communities_in_hedges_greedy,84,339,1,1.3495575221238938
Algebra,0.2,count_communities_in_hedges_greedy,84,339,2,1.5646017699115045
Algebra,0.2,count_communities_in_hedges_greedy,84,339,3,1.8359882005899706
Algebra,0.2,count_communities_in_hedges_greedy,84,339,4,2.1436578171091445
Algebra,0.2,count_communities_in_hedges_greedy,84,339,5,2.50117994100295
Algebra,0.2,count_communities_in_hedges_greedy,84,339,6,2.8911504424778762
Algebra,0.2,count_communities_in_hedges_greedy,84,339,7,3.348967551622419
Algebra,0.2,count_communities_in_hedges_greedy,84,339,8,3.8566371681415927
Algebra,0.2,count_communities_in_hedges_greedy,84,339,9,4.436578171091446
Algebra,0.2,count_communities_in_hedges_greedy,84,339,10,5.132153392330384
Algebra,0.2,count_communities_in_hedges_greedy,84,339,11,5.921533923303834
Algebra,0.2,count_communities_in_hedges_greedy,84,339,12,6.776991150442478
Algebra,0.2,count_communities_in_hedges_greedy,84,339,13,7.735693215339233
Algebra,0.2,count_communities_in_hedges_greedy,84,339,14,8.742772861356933
Algebra,0.2,count_communities_in_hedges_greedy,84,339,15,9.932743362831859
Algebra,0.2,count_communities_in_hedges_greedy,84,339,16,11.179941002949853
Algebra,0.2,count_communities_in_hedges_greedy,84,339,17,12.49321533923304
Algebra,0.2,count_communities_in_hedges_greedy,84,339,18,14.014749262536872
Algebra,0.2,count_communities_in_hedges_greedy,84,339,19,15.665781710914453
Algebra,0.2,count_communities_in_hedges_greedy,84,339,20,17.36253687315634
Algebra,0.2,count_communities_in_hedges_greedy,84,339,21,19.125958702064896
Algebra,0.2,count_communities_in_hedges_greedy,84,339,22,21.03274336283186
Algebra,0.2,count_communities_in_hedges_greedy,84,339,23,23.028318584070796
Algebra,0.2,count_communities_in_hedges_greedy,84,339,24,25.110914454277285
Algebra,0.2,count_communities_in_hedges_greedy,84,339,25,27.222418879056047
Algebra,0.2,count_ic_hedges,84,339,0,1
Algebra,0.2,count_ic_hedges,84,339,1,1.2979351032448379
Algebra,0.2,count_ic_hedges,84,339,2,1.4634218289085545
Algebra,0.2,count_ic_hedges,84,339,3,1.696165191740413
Algebra,0.2,count_ic_hedges,84,339,4,1.946607669616519
Algebra,0.2,count_ic_hedges,84,339,5,2.223008849557522
Algebra,0.2,count_ic_hedges,84,339,6,2.5587020648967553
Algebra,0.2,count_ic_hedges,84,339,7,2.9185840707964603
Algebra,0.2,count_ic_hedges,84,339,8,3.321533923303835
Algebra,0.2,count_ic_hedges,84,339,9,3.7834808259587023
Algebra,0.2,count_ic_hedges,84,339,10,4.287020648967552
Algebra,0.2,count_ic_hedges,84,339,11,4.848967551622419
Algebra,0.2,count_ic_hedges,84,339,12,5.489380530973452
Algebra,0.2,count_ic_hedges,84,339,13,6.216814159292035
Algebra,0.2,count_ic_hedges,84,339,14,7.0150442477876105
Algebra,0.2,count_ic_hedges,84,339,15,7.87905604719764
Algebra,0.2,count_ic_hedges,84,339,16,8.85014749262537
Algebra,0.2,count_ic_hedges,84,339,17,9.941592920353981
Algebra,0.2,count_ic_hedges,84,339,18,11.14070796460177
Algebra,0.2,count_ic_hedges,84,339,19,12.431858407079647
Algebra,0.2,count_ic_hedges,84,339,20,13.807964601769912
Algebra,0.2,count_ic_hedges,84,339,21,15.317109144542773
Algebra,0.2,count_ic_hedges,84,339,22,16.95339233038348
Algebra,0.2,count_ic_hedges,84,339,23,18.67079646017699
Algebra,0.2,count_ic_hedges,84,339,24,20.537463126843658
Algebra,0.2,count_ic_hedges,84,339,25,22.51622418879056
Algebra,0.2,count_ic_hedges_greedy,84,339,0,1
Algebra,0.2,count_ic_hedges_greedy,84,339,1,1.2946902654867256
Algebra,0.2,count_ic_hedges_greedy,84,339,2,1.4492625368731564
Algebra,0.2,count_ic_hedges_greedy,84,339,3,1.6938053097345134
Algebra,0.2,count_ic_hedges_greedy,84,339,4,1.9147492625368732
Algebra,0.2,count_ic_hedges_greedy,84,339,5,2.1672566371681414
Algebra,0.2,count_ic_hedges_greedy,84,339,6,2.4690265486725664
Algebra,0.2,count_ic_hedges_greedy,84,339,7,2.814749262536873
Algebra,0.2,count_ic_hedges_greedy,84,339,8,3.190265486725664
Algebra,0.2,count_ic_hedges_greedy,84,339,9,3.6238938053097347
Algebra,0.2,count_ic_hedges_greedy,84,339,10,4.08023598820059
Algebra,0.2,count_ic_hedges_greedy,84,339,11,4.597935103244838
Algebra,0.2,count_ic_hedges_greedy,84,339,12,5.162536873156342
Algebra,0.2,count_ic_hedges_greedy,84,339,13,5.829793510324484
Algebra,0.2,count_ic_hedges_greedy,84,339,14,6.5410029498525075
Algebra,0.2,count_ic_hedges_greedy,84,339,15,7.364601769911505
Algebra,0.2,count_ic_hedges_greedy,84,339,16,8.203834808259588
Algebra,0.2,count_ic_hedges_greedy,84,339,17,9.138938053097345
Algebra,0.2,count_ic_hedges_greedy,84,339,18,10.153687315634219
Algebra,0.2,count_ic_hedges_greedy,84,339,19,11.25339233038348
Algebra,0.2,count_ic_hedges_greedy,84,339,20,12.436283185840708
Algebra,0.2,count_ic_hedges_greedy,84,339,21,13.699705014749263
Algebra,0.2,count_ic_hedges_greedy,84,339,22,15.087905604719763
Algebra,0.2,count_ic_hedges_greedy,84,339,23,16.55339233038348
Algebra,0.2,count_ic_hedges_greedy,84,339,24,18.194690265486727
Algebra,0.2,count_ic_hedges_greedy,84,339,25,19.907374631268436
Algebra,0.2,responsibility_weighted_hdeg,84,339,0,1
Algebra,0.2,responsibility_weighted_hdeg,84,339,1,1.308259587020649
Algebra,0.2,responsibility_weighted_hdeg,84,339,2,1.4755162241887905
Algebra,0.2,responsibility_weighted_hdeg,84,339,3,1.707669616519174
Algebra,0.2,responsibility_weighted_hdeg,84,339,4,1.972566371681416
Algebra,0.2,responsibility_weighted_hdeg,84,339,5,2.28141592920354
Algebra,0.2,responsibility_weighted_hdeg,84,339,6,2.6200589970501476
Algebra,0.2,responsibility_weighted_hdeg,84,339,7,3.006194690265487
Algebra,0.2,responsibility_weighted_hdeg,84,339,8,3.4442477876106197
Algebra,0.2,responsibility_weighted_hdeg,84,339,9,3.926548672566372
Algebra,0.2,responsibility_weighted_hdeg,84,339,10,4.4489675516224185
Algebra,0.2,responsibility_weighted_hdeg,84,339,11,5.060766961651917
Algebra,0.2,responsibility_weighted_hdeg,84,339,12,5.777581120943953
Algebra,0.2,responsibility_weighted_hdeg,84,339,13,6.575221238938053
Algebra,0.2,responsibility_weighted_hdeg,84,339,14,7.420353982300885
Algebra,0.2,responsibility_weighted_hdeg,84,339,15,8.41858407079646
Algebra,0.2,responsibility_weighted_hdeg,84,339,16,9.491150442477876
Algebra,0.2,responsibility_weighted_hdeg,84,339,17,10.629793510324484
Algebra,0.2,responsibility_weighted_hdeg,84,339,18,11.914159292035398
Algebra,0.2,responsibility_weighted_hdeg,84,339,19,13.304424778761062
Algebra,0.2,responsibility_weighted_hdeg,84,339,20,14.814159292035399
Algebra,0.2,responsibility_weighted_hdeg,84,339,21,16.447197640117995
Algebra,0.2,responsibility_weighted_hdeg,84,339,22,18.2070796460177
Algebra,0.2,responsibility_weighted_hdeg,84,339,23,20.127433628318585
Algebra,0.2,responsibility_weighted_hdeg,84,339,24,22.183480825958704
Algebra,0.2,responsibility_weighted_hdeg,84,339,25,24.31150442477876
Algebra,0.2,responsibility_weighted_hdeg_greedy,84,339,0,1
Algebra,0.2,responsibility_weighted_hdeg_greedy,84,339,1,1.308259587020649
Algebra,0.2,responsibility_weighted_hdeg_greedy,84,339,2,1.4755162241887905
Algebra,0.2,responsibility_weighted_hdeg_greedy,84,339,3,1.707669616519174
Algebra,0.2,responsibility_weighted_hdeg_greedy,84,339,4,1.972566371681416
Algebra,0.2,responsibility_weighted_hdeg_greedy,84,339,5,2.28141592920354
Algebra,0.2,responsibility_weighted_hdeg_greedy,84,339,6,2.6200589970501476
Algebra,0.2,responsibility_weighted_hdeg_greedy,84,339,7,3.006194690265487
Algebra,0.2,responsibility_weighted_hdeg_greedy,84,339,8,3.4442477876106197
Algebra,0.2,responsibility_weighted_hdeg_greedy,84,339,9,3.926548672566372
Algebra,0.2,responsibility_weighted_hdeg_greedy,84,339,10,4.4489675516224185
Algebra,0.2,responsibility_weighted_hdeg_greedy,84,339,11,5.060766961651917
Algebra,0.2,responsibility_weighted_hdeg_greedy,84,339,12,5.777581120943953
Algebra,0.2,responsibility_weighted_hdeg_greedy,84,339,13,6.575221238938053
Algebra,0.2,responsibility_weighted_hdeg_greedy,84,339,14,7.420353982300885
Algebra,0.2,responsibility_weighted_hdeg_greedy,84,339,15,8.41858407079646
Algebra,0.2,responsibility_weighted_hdeg_greedy,84,339,16,9.491150442477876
Algebra,0.2,responsibility_weighted_hdeg_greedy,84,339,17,10.629793510324484
Algebra,0.2,responsibility_weighted_hdeg_greedy,84,339,18,11.914159292035398
Algebra,0.2,responsibility_weighted_hdeg_greedy,84,339,19,13.304424778761062
Algebra,0.2,responsibility_weighted_hdeg_greedy,84,339,20,14.814159292035399
Algebra,0.2,responsibility_weighted_hdeg_greedy,84,339,21,16.447197640117995
Algebra,0.2,responsibility_weighted_hdeg_greedy,84,339,22,18.2070796460177
Algebra,0.2,responsibility_weighted_hdeg_greedy,84,339,23,20.127433628318585
Algebra,0.2,responsibility_weighted_hdeg_greedy,84,339,24,22.183480825958704
Algebra,0.2,responsibility_weighted_hdeg_greedy,84,339,25,24.31150442477876
Algebra,0.2,filtered_hyperdegree,84,339,0,1
Algebra,0.2,filtered_hyperdegree,84,339,1,1.308259587020649
Algebra,0.2,filtered_hyperdegree,84,339,2,1.4755162241887905
Algebra,0.2,filtered_hyperdegree,84,339,3,1.707669616519174
Algebra,0.2,filtered_hyperdegree,84,339,4,1.972566371681416
Algebra,0.2,filtered_hyperdegree,84,339,5,2.28141592920354
Algebra,0.2,filtered_hyperdegree,84,339,6,2.6200589970501476
Algebra,0.2,filtered_hyperdegree,84,339,7,3.006194690265487
Algebra,0.2,filtered_hyperdegree,84,339,8,3.4442477876106197
Algebra,0.2,filtered_hyperdegree,84,339,9,3.926548672566372
Algebra,0.2,filtered_hyperdegree,84,339,10,4.4489675516224185
Algebra,0.2,filtered_hyperdegree,84,339,11,5.060766961651917
Algebra,0.2,filtered_hyperdegree,84,339,12,5.777581120943953
Algebra,0.2,filtered_hyperdegree,84,339,13,6.575221238938053
Algebra,0.2,filtered_hyperdegree,84,339,14,7.420353982300885
Algebra,0.2,filtered_hyperdegree,84,339,15,8.41858407079646
Algebra,0.2,filtered_hyperdegree,84,339,16,9.491150442477876
Algebra,0.2,filtered_hyperdegree,84,339,17,10.629793510324484
Algebra,0.2,filtered_hyperdegree,84,339,18,11.914159292035398
Algebra,0.2,filtered_hyperdegree,84,339,19,13.304424778761062
Algebra,0.2,filtered_hyperdegree,84,339,20,14.814159292035399
Algebra,0.2,filtered_hyperdegree,84,339,21,16.447197640117995
Algebra,0.2,filtered_hyperdegree,84,339,22,18.2070796460177
Algebra,0.2,filtered_hyperdegree,84,339,23,20.127433628318585
Algebra,0.2,filtered_hyperdegree,84,339,24,22.183480825958704
Algebra,0.2,filtered_hyperdegree,84,339,25,24.31150442477876
Algebra,0.2,filtered_hyperdegree_greedy,84,339,0,1
Algebra,0.2,filtered_hyperdegree_greedy,84,339,1,1.308259587020649
Algebra,0.2,filtered_hyperdegree_greedy,84,339,2,1.4755162241887905
Algebra,0.2,filtered_hyperdegree_greedy,84,339,3,1.707669616519174
Algebra,0.2,filtered_hyperdegree_greedy,84,339,4,1.972566371681416
Algebra,0.2,filtered_hyperdegree_greedy,84,339,5,2.28141592920354
Algebra,0.2,filtered_hyperdegree_greedy,84,339,6,2.6200589970501476
Algebra,0.2,filtered_hyperdegree_greedy,84,339,7,3.006194690265487
Algebra,0.2,filtered_hyperdegree_greedy,84,339,8,3.4442477876106197
Algebra,0.2,filtered_hyperdegree_greedy,84,339,9,3.926548672566372
Algebra,0.2,filtered_hyperdegree_greedy,84,339,10,4.4489675516224185
Algebra,0.2,filtered_hyperdegree_greedy,84,339,11,5.060766961651917
Algebra,0.2,filtered_hyperdegree_greedy,84,339,12,5.777581120943953
Algebra,0.2,filtered_hyperdegree_greedy,84,339,13,6.575221238938053
Algebra,0.2,filtered_hyperdegree_greedy,84,339,14,7.420353982300885
Algebra,0.2,filtered_hyperdegree_greedy,84,339,15,8.41858407079646
Algebra,0.2,filtered_hyperdegree_greedy,84,339,16,9.491150442477876
Algebra,0.2,filtered_hyperdegree_greedy,84,339,17,10.629793510324484
Algebra,0.2,filtered_hyperdegree_greedy,84,339,18,11.914159292035398
Algebra,0.2,filtered_hyperdegree_greedy,84,339,19,13.304424778761062
Algebra,0.2,filtered_hyperdegree_greedy,84,339,20,14.814159292035399
Algebra,0.2,filtered_hyperdegree_greedy,84,339,21,16.447197640117995
Algebra,0.2,filtered_hyperdegree_greedy,84,339,22,18.2070796460177
Algebra,0.2,filtered_hyperdegree_greedy,84,339,23,20.127433628318585
Algebra,0.2,filtered_hyperdegree_greedy,84,339,24,22.183480825958704
Algebra,0.2,filtered_hyperdegree_greedy,84,339,25,24.31150442477876
Algebra,0.2,ept_bridge_out_strength,84,339,0,1
Algebra,0.2,ept_bridge_out_strength,84,339,1,1.4061946902654867
Algebra,0.2,ept_bridge_out_strength,84,339,2,1.6601769911504425
Algebra,0.2,ept_bridge_out_strength,84,339,3,2.0073746312684366
Algebra,0.2,ept_bridge_out_strength,84,339,4,2.3790560471976403
Algebra,0.2,ept_bridge_out_strength,84,339,5,2.7908554572271385
Algebra,0.2,ept_bridge_out_strength,84,339,6,3.269616519174041
Algebra,0.2,ept_bridge_out_strength,84,339,7,3.833038348082596
Algebra,0.2,ept_bridge_out_strength,84,339,8,4.505604719764012
Algebra,0.2,ept_bridge_out_strength,84,339,9,5.303244837758112
Algebra,0.2,ept_bridge_out_strength,84,339,10,6.15929203539823
Algebra,0.2,ept_bridge_out_strength,84,339,11,7.144542772861357
Algebra,0.2,ept_bridge_out_strength,84,339,12,8.243952802359882
Algebra,0.2,ept_bridge_out_strength,84,339,13,9.56637168141593
Algebra,0.2,ept_bridge_out_strength,84,339,14,11.028318584070796
Algebra,0.2,ept_bridge_out_strength,84,339,15,12.605309734513275
Algebra,0.2,ept_bridge_out_strength,84,339,16,14.4023598820059
Algebra,0.2,ept_bridge_out_strength,84,339,17,16.30324483775811
Algebra,0.2,ept_bridge_out_strength,84,339,18,18.39882005899705
Algebra,0.2,ept_bridge_out_strength,84,339,19,20.72890855457227
Algebra,0.2,ept_bridge_out_strength,84,339,20,23.324778761061946
Algebra,0.2,ept_bridge_out_strength,84,339,21,26.080825958702064
Algebra,0.2,ept_bridge_out_strength,84,339,22,29.136873156342183
Algebra,0.2,ept_bridge_out_strength,84,339,23,32.3740412979351
Algebra,0.2,ept_bridge_out_strength,84,339,24,35.76401179941003
Algebra,0.2,ept_bridge_out_strength,84,339,25,39.34100294985251
Algebra,0.2,ept_bridge_out_strength_greedy,84,339,0,1
Algebra,0.2,ept_bridge_out_strength_greedy,84,339,1,1.412684365781711
Algebra,0.2,ept_bridge_out_strength_greedy,84,339,2,1.6790560471976401
Algebra,0.2,ept_bridge_out_strength_greedy,84,339,3,2.0233038348082597
Algebra,0.2,ept_bridge_out_strength_greedy,84,339,4,2.414749262536873
Algebra,0.2,ept_bridge_out_strength_greedy,84,339,5,2.843952802359882
Algebra,0.2,ept_bridge_out_strength_greedy,84,339,6,3.3321533923303837
Algebra,0.2,ept_bridge_out_strength_greedy,84,339,7,3.903244837758112
Algebra,0.2,ept_bridge_out_strength_greedy,84,339,8,4.614749262536873
Algebra,0.2,ept_bridge_out_strength_greedy,84,339,9,5.3952802359882
Algebra,0.2,ept_bridge_out_strength_greedy,84,339,10,6.300884955752212
Algebra,0.2,ept_bridge_out_strength_greedy,84,339,11,7.294690265486726
Algebra,0.2,ept_bridge_out_strength_greedy,84,339,12,8.435988200589971
Algebra,0.2,ept_bridge_out_strength_greedy,84,339,13,9.732153392330384
Algebra,0.2,ept_bridge_out_strength_greedy,84,339,14,11.184070796460176
Algebra,0.2,ept_bridge_out_strength_greedy,84,339,15,12.789380530973451
Algebra,0.2,ept_bridge_out_strength_greedy,84,339,16,14.633628318584071
Algebra,0.2,ept_bridge_out_strength_greedy,84,339,17,16.61740412979351
Algebra,0.2,ept_bridge_out_strength_greedy,84,339,18,18.82212389380531
Algebra,0.2,ept_bridge_out_strength_greedy,84,339,19,21.246312684365783
Algebra,0.2,ept_bridge_out_strength_greedy,84,339,20,23.82772861356932
Algebra,0.2,ept_bridge_out_strength_greedy,84,339,21,26.625073746312683
Algebra,0.2,ept_bridge_out_strength_greedy,84,339,22,29.729498525073748
Algebra,0.2,ept_bridge_out_strength_greedy,84,339,23,33.021533923303835
Algebra,0.2,ept_bridge_out_strength_greedy,84,339,24,36.444837758112094
Algebra,0.2,ept_bridge_out_strength_greedy,84,339,25,40.10884955752213
Algebra,0.2,ept_bridge_in_strength,84,339,0,1
Algebra,0.2,ept_bridge_in_strength,84,339,1,1.2828908554572271
Algebra,0.2,ept_bridge_in_strength,84,339,2,1.432448377581121
Algebra,0.2,ept_bridge_in_strength,84,339,3,1.648967551622419
Algebra,0.2,ept_bridge_in_strength,84,339,4,1.8722713864306784
Algebra,0.2,ept_bridge_in_strength,84,339,5,2.111504424778761
Algebra,0.2,ept_bridge_in_strength,84,339,6,2.387905604719764
Algebra,0.2,ept_bridge_in_strength,84,339,7,2.7200589970501476
Algebra,0.2,ept_bridge_in_strength,84,339,8,3.06047197640118
Algebra,0.2,ept_bridge_in_strength,84,339,9,3.4463126843657816
Algebra,0.2,ept_bridge_in_strength,84,339,10,3.8640117994100294
Algebra,0.2,ept_bridge_in_strength,84,339,11,4.327138643067847
Algebra,0.2,ept_bridge_in_strength,84,339,12,4.833038348082596
Algebra,0.2,ept_bridge_in_strength,84,339,13,5.38023598820059
Algebra,0.2,ept_bridge_in_strength,84,339,14,5.968731563421829
Algebra,0.2,ept_bridge_in_strength,84,339,15,6.6516224188790565
Algebra,0.2,ept_bridge_in_strength,84,339,16,7.382005899705015
Algebra,0.2,ept_bridge_in_strength,84,339,17,8.197935103244838
Algebra,0.2,ept_bridge_in_strength,84,339,18,9.063716814159292
Algebra,0.2,ept_bridge_in_strength,84,339,19,10.007669616519173
Algebra,0.2,ept_bridge_in_strength,84,339,20,10.996165191740413
Algebra,0.2,ept_bridge_in_strength,84,339,21,12.085250737463127
Algebra,0.2,ept_bridge_in_strength,84,339,22,13.199410029498525
Algebra,0.2,ept_bridge_in_strength,84,339,23,14.406784660766961
Algebra,0.2,ept_bridge_in_strength,84,339,24,15.66401179941003
Algebra,0.2,ept_bridge_in_strength,84,339,25,17.016814159292036
Algebra,0.2,ept_bridge_in_strength_greedy,84,339,0,1
Algebra,0.2,ept_bridge_in_strength_greedy,84,339,1,1.2905604719764012
Algebra,0.2,ept_bridge_in_strength_greedy,84,339,2,1.4448377581120944
Algebra,0.2,ept_bridge_in_strength_greedy,84,339,3,1.6530973451327433
Algebra,0.2,ept_bridge_in_strength_greedy,84,339,4,1.8876106194690265
Algebra,0.2,ept_bridge_in_strength_greedy,84,339,5,2.135103244837758
Algebra,0.2,ept_bridge_in_strength_greedy,84,339,6,2.426253687315634
Algebra,0.2,ept_bridge_in_strength_greedy,84,339,7,2.728613569321534
Algebra,0.2,ept_bridge_in_strength_greedy,84,339,8,3.075221238938053
Algebra,0.2,ept_bridge_in_strength_greedy,84,339,9,3.46165191740413
Algebra,0.2,ept_bridge_in_strength_greedy,84,339,10,3.8976401179941003
Algebra,0.2,ept_bridge_in_strength_greedy,84,339,11,4.388200589970501
Algebra,0.2,ept_bridge_in_strength_greedy,84,339,12,4.930678466076696
Algebra,0.2,ept_bridge_in_strength_greedy,84,339,13,5.491150442477876
Algebra,0.2,ept_bridge_in_strength_greedy,84,339,14,6.115929203539823
Algebra,0.2,ept_bridge_in_strength_greedy,84,339,15,6.832448377581121
Algebra,0.2,ept_bridge_in_strength_greedy,84,339,16,7.6200589970501476
Algebra,0.2,ept_bridge_in_strength_greedy,84,339,17,8.440117994100294
Algebra,0.2,ept_bridge_in_strength_greedy,84,339,18,9.291740412979351
Algebra,0.2,ept_bridge_in_strength_greedy,84,339,19,10.27669616519174
Algebra,0.2,ept_bridge_in_strength_greedy,84,339,20,11.354277286135693
Algebra,0.2,ept_bridge_in_strength_greedy,84,339,21,12.49882005899705
Algebra,0.2,ept_bridge_in_strength_greedy,84,339,22,13.731563421828909
Algebra,0.2,ept_bridge_in_strength_greedy,84,339,23,14.995870206489675
Algebra,0.2,ept_bridge_in_strength_greedy,84,339,24,16.38053097345133
Algebra,0.2,ept_bridge_in_strength_greedy,84,339,25,17.853687315634218
Algebra,0.2,ept_bridge_in_out_total,84,339,0,1
Algebra,0.2,ept_bridge_in_out_total,84,339,1,1.2743362831858407
Algebra,0.2,ept_bridge_in_out_total,84,339,2,1.4058997050147493
Algebra,0.2,ept_bridge_in_out_total,84,339,3,1.5823008849557523
Algebra,0.2,ept_bridge_in_out_total,84,339,4,1.7775811209439527
Algebra,0.2,ept_bridge_in_out_total,84,339,5,1.9648967551622418
Algebra,0.2,ept_bridge_in_out_total,84,339,6,2.1823008849557524
Algebra,0.2,ept_bridge_in_out_total,84,339,7,2.408849557522124
Algebra,0.2,ept_bridge_in_out_total,84,339,8,2.669026548672566
Algebra,0.2,ept_bridge_in_out_total,84,339,9,2.956047197640118
Algebra,0.2,ept_bridge_in_out_total,84,339,10,3.2690265486725663
Algebra,0.2,ept_bridge_in_out_total,84,339,11,3.6327433628318584
Algebra,0.2,ept_bridge_in_out_total,84,339,12,3.971386430678466
Algebra,0.2,ept_bridge_in_out_total,84,339,13,4.364601769911505
Algebra,0.2,ept_bridge_in_out_total,84,339,14,4.812979351032449
Algebra,0.2,ept_bridge_in_out_total,84,339,15,5.284955752212389
Algebra,0.2,ept_bridge_in_out_total,84,339,16,5.804424778761062
Algebra,0.2,ept_bridge_in_out_total,84,339,17,6.3613569321533925
Algebra,0.2,ept_bridge_in_out_total,84,339,18,6.95457227138643
Algebra,0.2,ept_bridge_in_out_total,84,339,19,7.584365781710915
Algebra,0.2,ept_bridge_in_out_total,84,339,20,8.251327433628319
Algebra,0.2,ept_bridge_in_out_total,84,339,21,8.99882005899705
Algebra,0.2,ept_bridge_in_out_total,84,339,22,9.772861356932154
Algebra,0.2,ept_bridge_in_out_total,84,339,23,10.582890855457228
Algebra,0.2,ept_bridge_in_out_total,84,339,24,11.430088495575221
Algebra,0.2,ept_bridge_in_out_total,84,339,25,12.292625368731564
Algebra,0.2,ept_bridge_in_out_total_greedy,84,339,0,1
Algebra,0.2,ept_bridge_in_out_total_greedy,84,339,1,1.2699115044247788
Algebra,0.2,ept_bridge_in_out_total_greedy,84,339,2,1.4056047197640118
Algebra,0.2,ept_bridge_in_out_total_greedy,84,339,3,1.5938053097345133
Algebra,0.2,ept_bridge_in_out_total_greedy,84,339,4,1.7790560471976402
Algebra,0.2,ept_bridge_in_out_total_greedy,84,339,5,1.9775811209439529
Algebra,0.2,ept_bridge_in_out_total_greedy,84,339,6,2.2112094395280235
Algebra,0.2,ept_bridge_in_out_total_greedy,84,339,7,2.4601769911504423
Algebra,0.2,ept_bridge_in_out_total_greedy,84,339,8,2.7383480825958704
Algebra,0.2,ept_bridge_in_out_total_greedy,84,339,9,3.0194690265486726
Algebra,0.2,ept_bridge_in_out_total_greedy,84,339,10,3.3451327433628317
Algebra,0.2,ept_bridge_in_out_total_greedy,84,339,11,3.718289085545723
Algebra,0.2,ept_bridge_in_out_total_greedy,84,339,12,4.108849557522124
Algebra,0.2,ept_bridge_in_out_total_greedy,84,339,13,4.542772861356932
Algebra,0.2,ept_bridge_in_out_total_greedy,84,339,14,4.99882005899705
Algebra,0.2,ept_bridge_in_out_total_greedy,84,339,15,5.503834808259587
Algebra,0.2,ept_bridge_in_out_total_greedy,84,339,16,6.03598820058997
Algebra,0.2,ept_bridge_in_out_total_greedy,84,339,17,6.61976401179941
Algebra,0.2,ept_bridge_in_out_total_greedy,84,339,18,7.264306784660767
Algebra,0.2,ept_bridge_in_out_total_greedy,84,339,19,7.967846607669617
Algebra,0.2,ept_bridge_in_out_total_greedy,84,339,20,8.641297935103244
Algebra,0.2,ept_bridge_in_out_total_greedy,84,339,21,9.384660766961652
Algebra,0.2,ept_bridge_in_out_total_greedy,84,339,22,10.152507374631268
Algebra,0.2,ept_bridge_in_out_total_greedy,84,339,23,10.985250737463128
Algebra,0.2,ept_bridge_in_out_total_greedy,84,339,24,11.839823008849558
Algebra,0.2,ept_bridge_in_out_total_greedy,84,339,25,12.76401179941003
Algebra,0.2,ept_boundary_strength,84,339,0,1
Algebra,0.2,ept_boundary_strength,84,339,1,1.2784660766961653
Algebra,0.2,ept_boundary_strength,84,339,2,1.4259587020648967
Algebra,0.2,ept_boundary_strength,84,339,3,1.6106194690265487
Algebra,0.2,ept_boundary_strength,84,339,4,1.8144542772861356
Algebra,0.2,ept_boundary_strength,84,339,5,2.0191740412979353
Algebra,0.2,ept_boundary_strength,84,339,6,2.269321533923304
Algebra,0.2,ept_boundary_strength,84,339,7,2.5412979351032448
Algebra,0.2,ept_boundary_strength,84,339,8,2.8233038348082595
Algebra,0.2,ept_boundary_strength,84,339,9,3.1250737463126845
Algebra,0.2,ept_boundary_strength,84,339,10,3.4589970501474925
Algebra,0.2,ept_boundary_strength,84,339,11,3.840117994100295
Algebra,0.2,ept_boundary_strength,84,339,12,4.251622418879056
Algebra,0.2,ept_boundary_strength,84,339,13,4.676401179941003
Algebra,0.2,ept_boundary_strength,84,339,14,5.140117994100295
Algebra,0.2,ept_boundary_strength,84,339,15,5.632448377581121
Algebra,0.2,ept_boundary_strength,84,339,16,6.184365781710914
Algebra,0.2,ept_boundary_strength,84,339,17,6.779646017699115
Algebra,0.2,ept_boundary_strength,84,339,18,7.427728613569322
Algebra,0.2,ept_boundary_strength,84,339,19,8.135103244837758
Algebra,0.2,ept_boundary_strength,84,339,20,8.882890855457227
Algebra,0.2,ept_boundary_strength,84,339,21,9.676106194690265
Algebra,0.2,ept_boundary_strength,84,339,22,10.521238938053097
Algebra,0.2,ept_boundary_strength,84,339,23,11.412389380530973
Algebra,0.2,ept_boundary_strength,84,339,24,12.363716814159291
Algebra,0.2,ept_boundary_strength,84,339,25,13.414749262536873
Algebra,0.2,ept_boundary_strength_greedy,84,339,0,1
Algebra,0.2,ept_boundary_strength_greedy,84,339,1,1.2740412979351032
Algebra,0.2,ept_boundary_strength_greedy,84,339,2,1.4230088495575222
Algebra,0.2,ept_boundary_strength_greedy,84,339,3,1.6132743362831858
Algebra,0.2,ept_boundary_strength_greedy,84,339,4,1.828613569321534
Algebra,0.2,ept_boundary_strength_greedy,84,339,5,2.0359882005899705
Algebra,0.2,ept_boundary_strength_greedy,84,339,6,2.288495575221239
Algebra,0.2,ept_boundary_strength_greedy,84,339,7,2.5539823008849556
Algebra,0.2,ept_boundary_strength_greedy,84,339,8,2.8392330383480826
Algebra,0.2,ept_boundary_strength_greedy,84,339,9,3.1601769911504425
Algebra,0.2,ept_boundary_strength_greedy,84,339,10,3.4799410029498525
Algebra,0.2,ept_boundary_strength_greedy,84,339,11,3.866371681415929
Algebra,0.2,ept_boundary_strength_greedy,84,339,12,4.282890855457227
Algebra,0.2,ept_boundary_strength_greedy,84,339,13,4.752507374631269
Algebra,0.2,ept_boundary_strength_greedy,84,339,14,5.241002949852508
Algebra,0.2,ept_boundary_strength_greedy,84,339,15,5.78141592920354
Algebra,0.2,ept_boundary_strength_greedy,84,339,16,6.417699115044248
Algebra,0.2,ept_boundary_strength_greedy,84,339,17,7.108259587020649
Algebra,0.2,ept_boundary_strength_greedy,84,339,18,7.850147492625369
Algebra,0.2,ept_boundary_strength_greedy,84,339,19,8.63598820058997
Algebra,0.2,ept_boundary_strength_greedy,84,339,20,9.438938053097345
Algebra,0.2,ept_boundary_strength_greedy,84,339,21,10.341297935103245
Algebra,0.2,ept_boundary_strength_greedy,84,339,22,11.264601769911504
Algebra,0.2,ept_boundary_strength_greedy,84,339,23,12.232448377581122
Algebra,0.2,ept_boundary_strength_greedy,84,339,24,13.28495575221239
Algebra,0.2,ept_boundary_strength_greedy,84,339,25,14.395280235988201
Algebra,0.2,ept_bridge_out_fraction,84,339,0,1
Algebra,0.2,ept_bridge_out_fraction,84,339,1,1.426843657817109
Algebra,0.2,ept_bridge_out_fraction,84,339,2,1.7041297935103246
Algebra,0.2,ept_bridge_out_fraction,84,339,3,2.0141592920353983
Algebra,0.2,ept_bridge_out_fraction,84,339,4,2.382890855457227
Algebra,0.2,ept_bridge_out_fraction,84,339,5,2.830973451327434
Algebra,0.2,ept_bridge_out_fraction,84,339,6,3.351622418879056
Algebra,0.2,ept_bridge_out_fraction,84,339,7,3.9424778761061945
Algebra,0.2,ept_bridge_out_fraction,84,339,8,4.633628318584071
Algebra,0.2,ept_bridge_out_fraction,84,339,9,5.420648967551623
Algebra,0.2,ept_bridge_out_fraction,84,339,10,6.337463126843658
Algebra,0.2,ept_bridge_out_fraction,84,339,11,7.3657817109144545
Algebra,0.2,ept_bridge_out_fraction,84,339,12,8.496165191740413
Algebra,0.2,ept_bridge_out_fraction,84,339,13,9.844542772861358
Algebra,0.2,ept_bridge_out_fraction,84,339,14,11.291150442477877
Algebra,0.2,ept_bridge_out_fraction,84,339,15,12.906194690265487
Algebra,0.2,ept_bridge_out_fraction,84,339,16,14.754277286135693
Algebra,0.2,ept_bridge_out_fraction,84,339,17,16.756342182890855
Algebra,0.2,ept_bridge_out_fraction,84,339,18,19.04188790560472
Algebra,0.2,ept_bridge_out_fraction,84,339,19,21.452507374631267
Algebra,0.2,ept_bridge_out_fraction,84,339,20,24.094985250737462
Algebra,0.2,ept_bridge_out_fraction,84,339,21,26.94424778761062
Algebra,0.2,ept_bridge_out_fraction,84,339,22,29.98643067846608
Algebra,0.2,ept_bridge_out_fraction,84,339,23,33.15840707964602
Algebra,0.2,ept_bridge_out_fraction,84,339,24,36.531563421828906
Algebra,0.2,ept_bridge_out_fraction,84,339,25,40.14572271386431
Algebra,0.2,ept_bridge_out_fraction_greedy,84,339,0,1
Algebra,0.2,ept_bridge_out_fraction_greedy,84,339,1,1.4448377581120944
Algebra,0.2,ept_bridge_out_fraction_greedy,84,339,2,1.7551622418879056
Algebra,0.2,ept_bridge_out_fraction_greedy,84,339,3,2.1551622418879055
Algebra,0.2,ept_bridge_out_fraction_greedy,84,339,4,2.624188790560472
Algebra,0.2,ept_bridge_out_fraction_greedy,84,339,5,3.1480825958702066
Algebra,0.2,ept_bridge_out_fraction_greedy,84,339,6,3.791150442477876
Algebra,0.2,ept_bridge_out_fraction_greedy,84,339,7,4.565781710914454
Algebra,0.2,ept_bridge_out_fraction_greedy,84,339,8,5.465486725663717
Algebra,0.2,ept_bridge_out_fraction_greedy,84,339,9,6.497050147492625
Algebra,0.2,ept_bridge_out_fraction_greedy,84,339,10,7.697345132743362
Algebra,0.2,ept_bridge_out_fraction_greedy,84,339,11,9.048377581120944
Algebra,0.2,ept_bridge_out_fraction_greedy,84,339,12,10.607374631268437
Algebra,0.2,ept_bridge_out_fraction_greedy,84,339,13,12.38377581120944
Algebra,0.2,ept_bridge_out_fraction_greedy,84,339,14,14.399410029498526
Algebra,0.2,ept_bridge_out_fraction_greedy,84,339,15,16.600589970501474
Algebra,0.2,ept_bridge_out_fraction_greedy,84,339,16,19.025663716814158
Algebra,0.2,ept_bridge_out_fraction_greedy,84,339,17,21.683185840707964
Algebra,0.2,ept_bridge_out_fraction_greedy,84,339,18,24.64778761061947
Algebra,0.2,ept_bridge_out_fraction_greedy,84,339,19,27.789970501474926
Algebra,0.2,ept_bridge_out_fraction_greedy,84,339,20,31.19321533923304
Algebra,0.2,ept_bridge_out_fraction_greedy,84,339,21,34.93834808259587
Algebra,0.2,ept_bridge_out_fraction_greedy,84,339,22,38.7858407079646
Algebra,0.2,ept_bridge_out_fraction_greedy,84,339,23,42.86371681415929
Algebra,0.2,ept_bridge_out_fraction_greedy,84,339,24,47.10206489675516
Algebra,0.2,ept_bridge_out_fraction_greedy,84,339,25,51.38613569321534
Algebra,0.2,ept_bridge_broker,84,339,0,1
Algebra,0.2,ept_bridge_broker,84,339,1,1.2825958702064897
Algebra,0.2,ept_bridge_broker,84,339,2,1.4218289085545723
Algebra,0.2,ept_bridge_broker,84,339,3,1.6150442477876106
Algebra,0.2,ept_bridge_broker,84,339,4,1.8112094395280236
Algebra,0.2,ept_bridge_broker,84,339,5,2.0129793510324485
Algebra,0.2,ept_bridge_broker,84,339,6,2.2607669616519175
Algebra,0.2,ept_bridge_broker,84,339,7,2.5404129793510326
Algebra,0.2,ept_bridge_broker,84,339,8,2.8430678466076698
Algebra,0.2,ept_bridge_broker,84,339,9,3.1486725663716815
Algebra,0.2,ept_bridge_broker,84,339,10,3.495575221238938
Algebra,0.2,ept_bridge_broker,84,339,11,3.8728613569321535
Algebra,0.2,ept_bridge_broker,84,339,12,4.271091445427729
Algebra,0.2,ept_bridge_broker,84,339,13,4.700884955752213
Algebra,0.2,ept_bridge_broker,84,339,14,5.187610619469027
Algebra,0.2,ept_bridge_broker,84,339,15,5.717109144542773
Algebra,0.2,ept_bridge_broker,84,339,16,6.306489675516224
Algebra,0.2,ept_bridge_broker,84,339,17,6.929793510324484
Algebra,0.2,ept_bridge_broker,84,339,18,7.567256637168142
Algebra,0.2,ept_bridge_broker,84,339,19,8.289380530973451
Algebra,0.2,ept_bridge_broker,84,339,20,9.061946902654867
Algebra,0.2,ept_bridge_broker,84,339,21,9.926843657817109
Algebra,0.2,ept_bridge_broker,84,339,22,10.812094395280235
Algebra,0.2,ept_bridge_broker,84,339,23,11.728318584070797
Algebra,0.2,ept_bridge_broker,84,339,24,12.682890855457227
Algebra,0.2,ept_bridge_broker,84,339,25,13.720648967551622
Algebra,0.2,ept_bridge_broker_greedy,84,339,0,1
Algebra,0.2,ept_bridge_broker_greedy,84,339,1,1.2820058997050148
Algebra,0.2,ept_bridge_broker_greedy,84,339,2,1.4333333333333333
Algebra,0.2,ept_bridge_broker_greedy,84,339,3,1.6519174041297935
Algebra,0.2,ept_bridge_broker_greedy,84,339,4,1.8761061946902655
Algebra,0.2,ept_bridge_broker_greedy,84,339,5,2.0870206489675516
Algebra,0.2,ept_bridge_broker_greedy,84,339,6,2.347197640117994
Algebra,0.2,ept_bridge_broker_greedy,84,339,7,2.6533923303834808
Algebra,0.2,ept_bridge_broker_greedy,84,339,8,2.96165191740413
Algebra,0.2,ept_bridge_broker_greedy,84,339,9,3.3176991150442476
Algebra,0.2,ept_bridge_broker_greedy,84,339,10,3.679351032448378
Algebra,0.2,ept_bridge_broker_greedy,84,339,11,4.062241887905604
Algebra,0.2,ept_bridge_broker_greedy,84,339,12,4.51976401179941
Algebra,0.2,ept_bridge_broker_greedy,84,339,13,4.991445427728614
Algebra,0.2,ept_bridge_broker_greedy,84,339,14,5.521238938053098
Algebra,0.2,ept_bridge_broker_greedy,84,339,15,6.133628318584071
Algebra,0.2,ept_bridge_broker_greedy,84,339,16,6.771386430678466
Algebra,0.2,ept_bridge_broker_greedy,84,339,17,7.478761061946902
Algebra,0.2,ept_bridge_broker_greedy,84,339,18,8.207079646017698
Algebra,0.2,ept_bridge_broker_greedy,84,339,19,9.014749262536872
Algebra,0.2,ept_bridge_broker_greedy,84,339,20,9.886430678466077
Algebra,0.2,ept_bridge_broker_greedy,84,339,21,10.778761061946902
Algebra,0.2,ept_bridge_broker_greedy,84,339,22,11.73952802359882
Algebra,0.2,ept_bridge_broker_greedy,84,339,23,12.815339233038348
Algebra,0.2,ept_bridge_broker_greedy,84,339,24,13.91504424778761
Algebra,0.2,ept_bridge_broker_greedy,84,339,25,15.130383480825959
Algebra,0.2,ept_boundary_ratio,84,339,0,1
Algebra,0.2,ept_boundary_ratio,84,339,1,1.426843657817109
Algebra,0.2,ept_boundary_ratio,84,339,2,1.7041297935103246
Algebra,0.2,ept_boundary_ratio,84,339,3,2.0141592920353983
Algebra,0.2,ept_boundary_ratio,84,339,4,2.382890855457227
Algebra,0.2,ept_boundary_ratio,84,339,5,2.830973451327434
Algebra,0.2,ept_boundary_ratio,84,339,6,3.351622418879056
Algebra,0.2,ept_boundary_ratio,84,339,7,3.9424778761061945
Algebra,0.2,ept_boundary_ratio,84,339,8,4.633628318584071
Algebra,0.2,ept_boundary_ratio,84,339,9,5.420648967551623
Algebra,0.2,ept_boundary_ratio,84,339,10,6.337463126843658
Algebra,0.2,ept_boundary_ratio,84,339,11,7.3657817109144545
Algebra,0.2,ept_boundary_ratio,84,339,12,8.496165191740413
Algebra,0.2,ept_boundary_ratio,84,339,13,9.844542772861358
Algebra,0.2,ept_boundary_ratio,84,339,14,11.291150442477877
Algebra,0.2,ept_boundary_ratio,84,339,15,12.906194690265487
Algebra,0.2,ept_boundary_ratio,84,339,16,14.754277286135693
Algebra,0.2,ept_boundary_ratio,84,339,17,16.756342182890855
Algebra,0.2,ept_boundary_ratio,84,339,18,19.04188790560472
Algebra,0.2,ept_boundary_ratio,84,339,19,21.452507374631267
Algebra,0.2,ept_boundary_ratio,84,339,20,24.094985250737462
Algebra,0.2,ept_boundary_ratio,84,339,21,26.94424778761062
Algebra,0.2,ept_boundary_ratio,84,339,22,29.98643067846608
Algebra,0.2,ept_boundary_ratio,84,339,23,33.15840707964602
Algebra,0.2,ept_boundary_ratio,84,339,24,36.531563421828906
Algebra,0.2,ept_boundary_ratio,84,339,25,40.14572271386431
Algebra,0.2,ept_boundary_ratio_greedy,84,339,0,1
Algebra,0.2,ept_boundary_ratio_greedy,84,339,1,1.4448377581120944
Algebra,0.2,ept_boundary_ratio_greedy,84,339,2,1.7551622418879056
Algebra,0.2,ept_boundary_ratio_greedy,84,339,3,2.1551622418879055
Algebra,0.2,ept_boundary_ratio_greedy,84,339,4,2.624188790560472
Algebra,0.2,ept_boundary_ratio_greedy,84,339,5,3.1480825958702066
Algebra,0.2,ept_boundary_ratio_greedy,84,339,6,3.791150442477876
Algebra,0.2,ept_boundary_ratio_greedy,84,339,7,4.565781710914454
Algebra,0.2,ept_boundary_ratio_greedy,84,339,8,5.465486725663717
Algebra,0.2,ept_boundary_ratio_greedy,84,339,9,6.497050147492625
Algebra,0.2,ept_boundary_ratio_greedy,84,339,10,7.697345132743362
Algebra,0.2,ept_boundary_ratio_greedy,84,339,11,9.048377581120944
Algebra,0.2,ept_boundary_ratio_greedy,84,339,12,10.607374631268437
Algebra,0.2,ept_boundary_ratio_greedy,84,339,13,12.38377581120944
Algebra,0.2,ept_boundary_ratio_greedy,84,339,14,14.399410029498526
Algebra,0.2,ept_boundary_ratio_greedy,84,339,15,16.600589970501474
Algebra,0.2,ept_boundary_ratio_greedy,84,339,16,19.025663716814158
Algebra,0.2,ept_boundary_ratio_greedy,84,339,17,21.683185840707964
Algebra,0.2,ept_boundary_ratio_greedy,84,339,18,24.64778761061947
Algebra,0.2,ept_boundary_ratio_greedy,84,339,19,27.789970501474926
Algebra,0.2,ept_boundary_ratio_greedy,84,339,20,31.19321533923304
Algebra,0.2,ept_boundary_ratio_greedy,84,339,21,34.93834808259587
Algebra,0.2,ept_boundary_ratio_greedy,84,339,22,38.7858407079646
Algebra,0.2,ept_boundary_ratio_greedy,84,339,23,42.86371681415929
Algebra,0.2,ept_boundary_ratio_greedy,84,339,24,47.10206489675516
Algebra,0.2,ept_boundary_ratio_greedy,84,339,25,51.38613569321534
Algebra,0.2,ept_broker_strength,84,339,0,1
Algebra,0.2,ept_broker_strength,84,339,1,1.2926253687315634
Algebra,0.2,ept_broker_strength,84,339,2,1.4200589970501476
Algebra,0.2,ept_broker_strength,84,339,3,1.6168141592920353
Algebra,0.2,ept_broker_strength,84,339,4,1.8097345132743363
Algebra,0.2,ept_broker_strength,84,339,5,2.0212389380530973
Algebra,0.2,ept_broker_strength,84,339,6,2.2563421828908554
Algebra,0.2,ept_broker_strength,84,339,7,2.5253687315634217
Algebra,0.2,ept_broker_strength,84,339,8,2.810324483775811
Algebra,0.2,ept_broker_strength,84,339,9,3.1138643067846608
Algebra,0.2,ept_broker_strength,84,339,10,3.41976401179941
Algebra,0.2,ept_broker_strength,84,339,11,3.7899705014749263
Algebra,0.2,ept_broker_strength,84,339,12,4.2
Algebra,0.2,ept_broker_strength,84,339,13,4.628613569321534
Algebra,0.2,ept_broker_strength,84,339,14,5.096165191740413
Algebra,0.2,ept_broker_strength,84,339,15,5.626843657817109
Algebra,0.2,ept_broker_strength,84,339,16,6.198525073746313
Algebra,0.2,ept_broker_strength,84,339,17,6.776991150442478
Algebra,0.2,ept_broker_strength,84,339,18,7.425663716814159
Algebra,0.2,ept_broker_strength,84,339,19,8.112979351032449
Algebra,0.2,ept_broker_strength,84,339,20,8.888200589970502
Algebra,0.2,ept_broker_strength,84,339,21,9.671976401179942
Algebra,0.2,ept_broker_strength,84,339,22,10.538938053097345
Algebra,0.2,ept_broker_strength,84,339,23,11.48731563421829
Algebra,0.2,ept_broker_strength,84,339,24,12.499705014749262
Algebra,0.2,ept_broker_strength,84,339,25,13.553097345132743
Algebra,0.2,ept_broker_strength_greedy,84,339,0,1
Algebra,0.2,ept_broker_strength_greedy,84,339,1,1.2684365781710913
Algebra,0.2,ept_broker_strength_greedy,84,339,2,1.3964601769911504
Algebra,0.2,ept_broker_strength_greedy,84,339,3,1.5716814159292036
Algebra,0.2,ept_broker_strength_greedy,84,339,4,1.7516224188790561
Algebra,0.2,ept_broker_strength_greedy,84,339,5,1.9380530973451326
Algebra,0.2,ept_broker_strength_greedy,84,339,6,2.145722713864307
Algebra,0.2,ept_broker_strength_greedy,84,339,7,2.3908554572271385
Algebra,0.2,ept_broker_strength_greedy,84,339,8,2.6474926253687316
Algebra,0.2,ept_broker_strength_greedy,84,339,9,2.923598820058997
Algebra,0.2,ept_broker_strength_greedy,84,339,10,3.2097345132743365
Algebra,0.2,ept_broker_strength_greedy,84,339,11,3.5359882005899705
Algebra,0.2,ept_broker_strength_greedy,84,339,12,3.8926253687315633
Algebra,0.2,ept_broker_strength_greedy,84,339,13,4.270796460176991
Algebra,0.2,ept_broker_strength_greedy,84,339,14,4.682890855457227
Algebra,0.2,ept_broker_strength_greedy,84,339,15,5.115339233038348
Algebra,0.2,ept_broker_strength_greedy,84,339,16,5.597345132743363
Algebra,0.2,ept_broker_strength_greedy,84,339,17,6.0926253687315635
Algebra,0.2,ept_broker_strength_greedy,84,339,18,6.62330383480826
Algebra,0.2,ept_broker_strength_greedy,84,339,19,7.186430678466077
Algebra,0.2,ept_broker_strength_greedy,84,339,20,7.792035398230088
Algebra,0.2,ept_broker_strength_greedy,84,339,21,8.464896755162242
Algebra,0.2,ept_broker_strength_greedy,84,339,22,9.156637168141593
Algebra,0.2,ept_broker_strength_greedy,84,339,23,9.904424778761062
Algebra,0.2,ept_broker_strength_greedy,84,339,24,10.6952802359882
Algebra,0.2,ept_broker_strength_greedy,84,339,25,11.561061946902655
Algebra,0.2,ept_pagerank,84,339,0,1
Algebra,0.2,ept_pagerank,84,339,1,1.2799410029498526
Algebra,0.2,ept_pagerank,84,339,2,1.4244837758112094
Algebra,0.2,ept_pagerank,84,339,3,1.6250737463126843
Algebra,0.2,ept_pagerank,84,339,4,1.8321533923303834
Algebra,0.2,ept_pagerank,84,339,5,2.066666666666667
Algebra,0.2,ept_pagerank,84,339,6,2.342182890855457
Algebra,0.2,ept_pagerank,84,339,7,2.628023598820059
Algebra,0.2,ept_pagerank,84,339,8,2.965486725663717
Algebra,0.2,ept_pagerank,84,339,9,3.3194690265486724
Algebra,0.2,ept_pagerank,84,339,10,3.724188790560472
Algebra,0.2,ept_pagerank,84,339,11,4.182890855457227
Algebra,0.2,ept_pagerank,84,339,12,4.697345132743362
Algebra,0.2,ept_pagerank,84,339,13,5.258702064896755
Algebra,0.2,ept_pagerank,84,339,14,5.889085545722714
Algebra,0.2,ept_pagerank,84,339,15,6.550442477876106
Algebra,0.2,ept_pagerank,84,339,16,7.253982300884956
Algebra,0.2,ept_pagerank,84,339,17,8.079646017699115
Algebra,0.2,ept_pagerank,84,339,18,8.962536873156342
Algebra,0.2,ept_pagerank,84,339,19,9.88731563421829
Algebra,0.2,ept_pagerank,84,339,20,10.903834808259587
Algebra,0.2,ept_pagerank,84,339,21,11.992625368731563
Algebra,0.2,ept_pagerank,84,339,22,13.141592920353983
Algebra,0.2,ept_pagerank,84,339,23,14.357817109144543
Algebra,0.2,ept_pagerank,84,339,24,15.70117994100295
Algebra,0.2,ept_pagerank,84,339,25,17.112979351032447
Algebra,0.2,ept_pagerank_greedy,84,339,0,1
Algebra,0.2,ept_pagerank_greedy,84,339,1,1.2749262536873156
Algebra,0.2,ept_pagerank_greedy,84,339,2,1.4339233038348083
Algebra,0.2,ept_pagerank_greedy,84,339,3,1.6168141592920353
Algebra,0.2,ept_pagerank_greedy,84,339,4,1.8041297935103244
Algebra,0.2,ept_pagerank_greedy,84,339,5,2.0327433628318583
Algebra,0.2,ept_pagerank_greedy,84,339,6,2.298230088495575
Algebra,0.2,ept_pagerank_greedy,84,339,7,2.600589970501475
Algebra,0.2,ept_pagerank_greedy,84,339,8,2.9300884955752213
Algebra,0.2,ept_pagerank_greedy,84,339,9,3.314454277286136
Algebra,0.2,ept_pagerank_greedy,84,339,10,3.725073746312684
Algebra,0.2,ept_pagerank_greedy,84,339,11,4.180825958702065
Algebra,0.2,ept_pagerank_greedy,84,339,12,4.702949852507374
Algebra,0.2,ept_pagerank_greedy,84,339,13,5.261946902654867
Algebra,0.2,ept_pagerank_greedy,84,339,14,5.884955752212389
Algebra,0.2,ept_pagerank_greedy,84,339,15,6.572271386430678
Algebra,0.2,ept_pagerank_greedy,84,339,16,7.30117994100295
Algebra,0.2,ept_pagerank_greedy,84,339,17,8.097935103244838
Algebra,0.2,ept_pagerank_greedy,84,339,18,8.974041297935104
Algebra,0.2,ept_pagerank_greedy,84,339,19,9.938053097345133
Algebra,0.2,ept_pagerank_greedy,84,339,20,10.956342182890856
Algebra,0.2,ept_pagerank_greedy,84,339,21,12.070501474926253
Algebra,0.2,ept_pagerank_greedy,84,339,22,13.215929203539822
Algebra,0.2,ept_pagerank_greedy,84,339,23,14.447197640117993
Algebra,0.2,ept_pagerank_greedy,84,339,24,15.75929203539823
Algebra,0.2,ept_pagerank_greedy,84,339,25,17.131563421828908
Algebra,0.2,ept_total_strength,84,339,0,1
Algebra,0.2,ept_total_strength,84,339,1,1.2696165191740414
Algebra,0.2,ept_total_strength,84,339,2,1.3938053097345133
Algebra,0.2,ept_total_strength,84,339,3,1.58141592920354
Algebra,0.2,ept_total_strength,84,339,4,1.7755162241887905
Algebra,0.2,ept_total_strength,84,339,5,1.9737463126843657
Algebra,0.2,ept_total_strength,84,339,6,2.2079646017699117
Algebra,0.2,ept_total_strength,84,339,7,2.4551622418879058
Algebra,0.2,ept_total_strength,84,339,8,2.723598820058997
Algebra,0.2,ept_total_strength,84,339,9,3.02094395280236
Algebra,0.2,ept_total_strength,84,339,10,3.335693215339233
Algebra,0.2,ept_total_strength,84,339,11,3.7162241887905605
Algebra,0.2,ept_total_strength,84,339,12,4.090265486725664
Algebra,0.2,ept_total_strength,84,339,13,4.504424778761062
Algebra,0.2,ept_total_strength,84,339,14,4.955457227138643
Algebra,0.2,ept_total_strength,84,339,15,5.44070796460177
Algebra,0.2,ept_total_strength,84,339,16,5.989675516224189
Algebra,0.2,ept_total_strength,84,339,17,6.555457227138643
Algebra,0.2,ept_total_strength,84,339,18,7.194100294985251
Algebra,0.2,ept_total_strength,84,339,19,7.87551622418879
Algebra,0.2,ept_total_strength,84,339,20,8.63952802359882
Algebra,0.2,ept_total_strength,84,339,21,9.446017699115044
Algebra,0.2,ept_total_strength,84,339,22,10.272566371681416
Algebra,0.2,ept_total_strength,84,339,23,11.168436578171091
Algebra,0.2,ept_total_strength,84,339,24,12.112389380530974
Algebra,0.2,ept_total_strength,84,339,25,13.153097345132743
Algebra,0.2,ept_total_strength_greedy,84,339,0,1
Algebra,0.2,ept_total_strength_greedy,84,339,1,1.2625368731563422
Algebra,0.2,ept_total_strength_greedy,84,339,2,1.3817109144542772
Algebra,0.2,ept_total_strength_greedy,84,339,3,1.5415929203539822
Algebra,0.2,ept_total_strength_greedy,84,339,4,1.7200589970501474
Algebra,0.2,ept_total_strength_greedy,84,339,5,1.9056047197640118
Algebra,0.2,ept_total_strength_greedy,84,339,6,2.0982300884955754
Algebra,0.2,ept_total_strength_greedy,84,339,7,2.338053097345133
Algebra,0.2,ept_total_strength_greedy,84,339,8,2.573746312684366
Algebra,0.2,ept_total_strength_greedy,84,339,9,2.8622418879056046
Algebra,0.2,ept_total_strength_greedy,84,339,10,3.14070796460177
Algebra,0.2,ept_total_strength_greedy,84,339,11,3.461356932153392
Algebra,0.2,ept_total_strength_greedy,84,339,12,3.8156342182890857
Algebra,0.2,ept_total_strength_greedy,84,339,13,4.179351032448378
Algebra,0.2,ept_total_strength_greedy,84,339,14,4.573746312684365
Algebra,0.2,ept_total_strength_greedy,84,339,15,5
Algebra,0.2,ept_total_strength_greedy,84,339,16,5.5
Algebra,0.2,ept_total_strength_greedy,84,339,17,6.03598820058997
Algebra,0.2,ept_total_strength_greedy,84,339,18,6.588495575221239
Algebra,0.2,ept_total_strength_greedy,84,339,19,7.190855457227139
Algebra,0.2,ept_total_strength_greedy,84,339,20,7.850442477876106
Algebra,0.2,ept_total_strength_greedy,84,339,21,8.55575221238938
Algebra,0.2,ept_total_strength_greedy,84,339,22,9.295575221238938
Algebra,0.2,ept_total_strength_greedy,84,339,23,10.08495575221239
Algebra,0.2,ept_total_strength_greedy,84,339,24,10.920353982300885
Algebra,0.2,ept_total_strength_greedy,84,339,25,11.799410029498524
Algebra,0.2,ept_out_strength,84,339,0,1
Algebra,0.2,ept_out_strength,84,339,1,1.4109144542772862
Algebra,0.2,ept_out_strength,84,339,2,1.6622418879056047
Algebra,0.2,ept_out_strength,84,339,3,1.996165191740413
Algebra,0.2,ept_out_strength,84,339,4,2.382300884955752
Algebra,0.2,ept_out_strength,84,339,5,2.808849557522124
Algebra,0.2,ept_out_strength,84,339,6,3.28141592920354
Algebra,0.2,ept_out_strength,84,339,7,3.865486725663717
Algebra,0.2,ept_out_strength,84,339,8,4.5451327433628315
Algebra,0.2,ept_out_strength,84,339,9,5.362241887905605
Algebra,0.2,ept_out_strength,84,339,10,6.241002949852508
Algebra,0.2,ept_out_strength,84,339,11,7.25339233038348
Algebra,0.2,ept_out_strength,84,339,12,8.400589970501475
Algebra,0.2,ept_out_strength,84,339,13,9.700884955752212
Algebra,0.2,ept_out_strength,84,339,14,11.16047197640118
Algebra,0.2,ept_out_strength,84,339,15,12.81386430678466
Algebra,0.2,ept_out_strength,84,339,16,14.640117994100295
Algebra,0.2,ept_out_strength,84,339,17,16.614454277286136
Algebra,0.2,ept_out_strength,84,339,18,18.821828908554572
Algebra,0.2,ept_out_strength,84,339,19,21.248377581120945
Algebra,0.2,ept_out_strength,84,339,20,23.91504424778761
Algebra,0.2,ept_out_strength,84,339,21,26.777286135693217
Algebra,0.2,ept_out_strength,84,339,22,29.8811209439528
Algebra,0.2,ept_out_strength,84,339,23,33.25870206489675
Algebra,0.2,ept_out_strength,84,339,24,36.84542772861357
Algebra,0.2,ept_out_strength,84,339,25,40.64218289085546
Algebra,0.2,ept_out_strength_greedy,84,339,0,1
Algebra,0.2,ept_out_strength_greedy,84,339,1,1.415339233038348
Algebra,0.2,ept_out_strength_greedy,84,339,2,1.6699115044247788
Algebra,0.2,ept_out_strength_greedy,84,339,3,2.02212389380531
Algebra,0.2,ept_out_strength_greedy,84,339,4,2.4283185840707966
Algebra,0.2,ept_out_strength_greedy,84,339,5,2.8722713864306786
Algebra,0.2,ept_out_strength_greedy,84,339,6,3.368141592920354
Algebra,0.2,ept_out_strength_greedy,84,339,7,3.9811209439528024
Algebra,0.2,ept_out_strength_greedy,84,339,8,4.7047197640117995
Algebra,0.2,ept_out_strength_greedy,84,339,9,5.528023598820059
Algebra,0.2,ept_out_strength_greedy,84,339,10,6.436578171091446
Algebra,0.2,ept_out_strength_greedy,84,339,11,7.493215339233038
Algebra,0.2,ept_out_strength_greedy,84,339,12,8.667256637168142
Algebra,0.2,ept_out_strength_greedy,84,339,13,10.020058997050148
Algebra,0.2,ept_out_strength_greedy,84,339,14,11.552507374631269
Algebra,0.2,ept_out_strength_greedy,84,339,15,13.205014749262537
Algebra,0.2,ept_out_strength_greedy,84,339,16,15.104129793510324
Algebra,0.2,ept_out_strength_greedy,84,339,17,17.182005899705015
Algebra,0.2,ept_out_strength_greedy,84,339,18,19.436283185840708
Algebra,0.2,ept_out_strength_greedy,84,339,19,21.991445427728614
Algebra,0.2,ept_out_strength_greedy,84,339,20,24.686135693215338
Algebra,0.2,ept_out_strength_greedy,84,339,21,27.70501474926254
Algebra,0.2,ept_out_strength_greedy,84,339,22,30.836578171091446
Algebra,0.2,ept_out_strength_greedy,84,339,23,34.2542772861357
Algebra,0.2,ept_out_strength_greedy,84,339,24,37.89174041297935
Algebra,0.2,ept_out_strength_greedy,84,339,25,41.71828908554572
