dataset,p,strategy,K,remaining_nodes,timestep,mean_infected
Music-Rev,0.05,degree,55,1051,0,1
Music-Rev,0.05,degree,55,1051,1,1.9592768791627022
Music-Rev,0.05,degree,55,1051,2,3.129115128449096
Music-Rev,0.05,degree,55,1051,3,4.898382492863939
Music-Rev,0.05,degree,55,1051,4,7.764509990485252
Music-Rev,0.05,degree,55,1051,5,12.246622264509991
Music-Rev,0.05,degree,55,1051,6,19.373644148430067
Music-Rev,0.05,degree,55,1051,7,30.121979067554708
Music-Rev,0.05,degree,55,1051,8,46.047573739295906
Music-Rev,0.05,degree,55,1051,9,67.7627973358706
Music-Rev,0.05,degree,55,1051,10,95.72416745956232
Music-Rev,0.05,degree,55,1051,11,129.09067554709802
Music-Rev,0.05,degree,55,1051,12,165.98658420551854
Music-Rev,0.05,degree,55,1051,13,204.5012369172217
Music-Rev,0.05,degree,55,1051,14,243.27516650808752
Music-Rev,0.05,degree,55,1051,15,281.4983824928639
Music-Rev,0.05,degree,55,1051,16,319.1659372026641
Music-Rev,0.05,degree,55,1051,17,356.3383444338725
Music-Rev,0.05,degree,55,1051,18,393.5676498572788
Music-Rev,0.05,degree,55,1051,19,431.1514747859182
Music-Rev,0.05,degree,55,1051,20,469.28439581351097
Music-Rev,0.05,degree,55,1051,21,507.32749762131306
Music-Rev,0.05,degree,55,1051,22,545.0009514747859
Music-Rev,0.05,degree,55,1051,23,581.711417697431
Music-Rev,0.05,degree,55,1051,24,616.6280685061846
Music-Rev,0.05,degree,55,1051,25,649.3239771646051
Music-Rev,0.05,degree_greedy,55,1051,0,1
Music-Rev,0.05,degree_greedy,55,1051,1,1.9582302568981922
Music-Rev,0.05,degree_greedy,55,1051,2,3.1405328258801144
Music-Rev,0.05,degree_greedy,55,1051,3,4.9134157944814465
Music-Rev,0.05,degree_greedy,55,1051,4,7.785252140818268
Music-Rev,0.05,degree_greedy,55,1051,5,12.251950523311132
Music-Rev,0.05,degree_greedy,55,1051,6,19.281731684110373
Music-Rev,0.05,degree_greedy,55,1051,7,30.00047573739296
Music-Rev,0.05,degree_greedy,55,1051,8,45.902283539486206
Music-Rev,0.05,degree_greedy,55,1051,9,67.33891531874406
Music-Rev,0.05,degree_greedy,55,1051,10,95.02692673644148
Music-Rev,0.05,degree_greedy,55,1051,11,128.10570884871552
Music-Rev,0.05,degree_greedy,55,1051,12,164.64500475737393
Music-Rev,0.05,degree_greedy,55,1051,13,202.87973358705995
Music-Rev,0.05,degree_greedy,55,1051,14,241.61065651760228
Music-Rev,0.05,degree_greedy,55,1051,15,280.3477640342531
Music-Rev,0.05,degree_greedy,55,1051,16,318.3568981921979
Music-Rev,0.05,degree_greedy,55,1051,17,356.16555661274975
Music-Rev,0.05,degree_greedy,55,1051,18,394.1630827783064
Music-Rev,0.05,degree_greedy,55,1051,19,432.44157944814464
Music-Rev,0.05,degree_greedy,55,1051,20,471.0582302568982
Music-Rev,0.05,degree_greedy,55,1051,21,509.5836346336822
Music-Rev,0.05,degree_greedy,55,1051,22,547.4642245480495
Music-Rev,0.05,degree_greedy,55,1051,23,584.1555661274977
Music-Rev,0.05,degree_greedy,55,1051,24,618.9814462416746
Music-Rev,0.05,degree_greedy,55,1051,25,651.4977164605137
Music-Rev,0.05,hyperdegree,55,1051,0,1
Music-Rev,0.05,hyperdegree,55,1051,1,2.0030447193149383
Music-Rev,0.05,hyperdegree,55,1051,2,3.2465271170313987
Music-Rev,0.05,hyperdegree,55,1051,3,5.206850618458611
Music-Rev,0.05,hyperdegree,55,1051,4,8.449286393910562
Music-Rev,0.05,hyperdegree,55,1051,5,13.556232159847765
Music-Rev,0.05,hyperdegree,55,1051,6,21.7313986679353
Music-Rev,0.05,hyperdegree,55,1051,7,34.50980019029496
Music-Rev,0.05,hyperdegree,55,1051,8,53.33510941960038
Music-Rev,0.05,hyperdegree,55,1051,9,78.94624167459563
Music-Rev,0.05,hyperdegree,55,1051,10,111.91198858230257
Music-Rev,0.05,hyperdegree,55,1051,11,151.0603235014272
Music-Rev,0.05,hyperdegree,55,1051,12,194.38411037107517
Music-Rev,0.05,hyperdegree,55,1051,13,240.2780209324453
Music-Rev,0.05,hyperdegree,55,1051,14,288.0565176022835
Music-Rev,0.05,hyperdegree,55,1051,15,336.51446241674597
Music-Rev,0.05,hyperdegree,55,1051,16,385.0217887725975
Music-Rev,0.05,hyperdegree,55,1051,17,433.15889628924833
Music-Rev,0.05,hyperdegree,55,1051,18,479.8395813510942
Music-Rev,0.05,hyperdegree,55,1051,19,524.197906755471
Music-Rev,0.05,hyperdegree,55,1051,20,565.3446241674595
Music-Rev,0.05,hyperdegree,55,1051,21,602.8057088487155
Music-Rev,0.05,hyperdegree,55,1051,22,636.2455756422455
Music-Rev,0.05,hyperdegree,55,1051,23,665.7545195052331
Music-Rev,0.05,hyperdegree,55,1051,24,691.5078972407231
Music-Rev,0.05,hyperdegree,55,1051,25,714.0201712654615
Music-Rev,0.05,hyperdegree_greedy,55,1051,0,1
Music-Rev,0.05,hyperdegree_greedy,55,1051,1,2.0030447193149383
Music-Rev,0.05,hyperdegree_greedy,55,1051,2,3.2465271170313987
Music-Rev,0.05,hyperdegree_greedy,55,1051,3,5.206850618458611
Music-Rev,0.05,hyperdegree_greedy,55,1051,4,8.449286393910562
Music-Rev,0.05,hyperdegree_greedy,55,1051,5,13.556232159847765
Music-Rev,0.05,hyperdegree_greedy,55,1051,6,21.7313986679353
Music-Rev,0.05,hyperdegree_greedy,55,1051,7,34.50980019029496
Music-Rev,0.05,hyperdegree_greedy,55,1051,8,53.33510941960038
Music-Rev,0.05,hyperdegree_greedy,55,1051,9,78.94624167459563
Music-Rev,0.05,hyperdegree_greedy,55,1051,10,111.91198858230257
Music-Rev,0.05,hyperdegree_greedy,55,1051,11,151.0603235014272
Music-Rev,0.05,hyperdegree_greedy,55,1051,12,194.38411037107517
Music-Rev,0.05,hyperdegree_greedy,55,1051,13,240.2780209324453
Music-Rev,0.05,hyperdegree_greedy,55,1051,14,288.0565176022835
Music-Rev,0.05,hyperdegree_greedy,55,1051,15,336.51446241674597
Music-Rev,0.05,hyperdegree_greedy,55,1051,16,385.0217887725975
Music-Rev,0.05,hyperdegree_greedy,55,1051,17,433.15889628924833
Music-Rev,0.05,hyperdegree_greedy,55,1051,18,479.8395813510942
Music-Rev,0.05,hyperdegree_greedy,55,1051,19,524.197906755471
Music-Rev,0.05,hyperdegree_greedy,55,1051,20,565.3446241674595
Music-Rev,0.05,hyperdegree_greedy,55,1051,21,602.8057088487155
Music-Rev,0.05,hyperdegree_greedy,55,1051,22,636.2455756422455
Music-Rev,0.05,hyperdegree_greedy,55,1051,23,665.7545195052331
Music-Rev,0.05,hyperdegree_greedy,55,1051,24,691.5078972407231
Music-Rev,0.05,hyperdegree_greedy,55,1051,25,714.0201712654615
Music-Rev,0.05,random,55,1051,0,1
Music-Rev,0.05,random,55,1051,1,2.091246431969553
Music-Rev,0.05,random,55,1051,2,3.502664129400571
Music-Rev,0.05,random,55,1051,3,5.767459562321599
Music-Rev,0.05,random,55,1051,4,9.58896289248335
Music-Rev,0.05,random,55,1051,5,15.730161750713606
Music-Rev,0.05,random,55,1051,6,25.586013320647
Music-Rev,0.05,random,55,1051,7,41.051474785918174
Music-Rev,0.05,random,55,1051,8,64.03920076117983
Music-Rev,0.05,random,55,1051,9,95.84129400570885
Music-Rev,0.05,random,55,1051,10,137.05651760228355
Music-Rev,0.05,random,55,1051,11,186.58801141769743
Music-Rev,0.05,random,55,1051,12,242.725880114177
Music-Rev,0.05,random,55,1051,13,303.7473834443387
Music-Rev,0.05,random,55,1051,14,366.87897240723123
Music-Rev,0.05,random,55,1051,15,429.74348239771643
Music-Rev,0.05,random,55,1051,16,490.2489058039962
Music-Rev,0.05,random,55,1051,17,546.4832540437678
Music-Rev,0.05,random,55,1051,18,596.902093244529
Music-Rev,0.05,random,55,1051,19,641.0619410085633
Music-Rev,0.05,random,55,1051,20,678.9321598477641
Music-Rev,0.05,random,55,1051,21,710.8095147478592
Music-Rev,0.05,random,55,1051,22,737.7956232159847
Music-Rev,0.05,random,55,1051,23,760.4764034253093
Music-Rev,0.05,random,55,1051,24,779.6870599429116
Music-Rev,0.05,random,55,1051,25,796.2458610846812
Music-Rev,0.05,random_greedy,55,1051,0,1
Music-Rev,0.05,random_greedy,55,1051,1,2.077640342530923
Music-Rev,0.05,random_greedy,55,1051,2,3.4379638439581353
Music-Rev,0.05,random_greedy,55,1051,3,5.596764985727878
Music-Rev,0.05,random_greedy,55,1051,4,9.201332064700285
Music-Rev,0.05,random_greedy,55,1051,5,14.973263558515699
Music-Rev,0.05,random_greedy,55,1051,6,24.157469077069457
Music-Rev,0.05,random_greedy,55,1051,7,38.56070409134158
Music-Rev,0.05,random_greedy,55,1051,8,60.11998097050428
Music-Rev,0.05,random_greedy,55,1051,9,90.10551855375833
Music-Rev,0.05,random_greedy,55,1051,10,129.0826831588963
Music-Rev,0.05,random_greedy,55,1051,11,176.44957183634634
Music-Rev,0.05,random_greedy,55,1051,12,230.3092293054234
Music-Rev,0.05,random_greedy,55,1051,13,289.025404376784
Music-Rev,0.05,random_greedy,55,1051,14,350.34738344433873
Music-Rev,0.05,random_greedy,55,1051,15,411.99210275927686
Music-Rev,0.05,random_greedy,55,1051,16,471.9197906755471
Music-Rev,0.05,random_greedy,55,1051,17,528.1705042816366
Music-Rev,0.05,random_greedy,55,1051,18,579.3853472882969
Music-Rev,0.05,random_greedy,55,1051,19,624.7658420551855
Music-Rev,0.05,random_greedy,55,1051,20,664.2464319695528
Music-Rev,0.05,random_greedy,55,1051,21,697.927973358706
Music-Rev,0.05,random_greedy,55,1051,22,726.5306374881065
Music-Rev,0.05,random_greedy,55,1051,23,750.7981921979067
Music-Rev,0.05,random_greedy,55,1051,24,771.4487155090391
Music-Rev,0.05,random_greedy,55,1051,25,789.2601332064701
Music-Rev,0.05,avg_hyperedge_size,55,1051,0,1
Music-Rev,0.05,avg_hyperedge_size,55,1051,1,2.0339676498572787
Music-Rev,0.05,avg_hyperedge_size,55,1051,2,3.324548049476689
Music-Rev,0.05,avg_hyperedge_size,55,1051,3,5.318934348239772
Music-Rev,0.05,avg_hyperedge_size,55,1051,4,8.608658420551855
Music-Rev,0.05,avg_hyperedge_size,55,1051,5,13.763558515699334
Music-Rev,0.05,avg_hyperedge_size,55,1051,6,21.790199809705044
Music-Rev,0.05,avg_hyperedge_size,55,1051,7,34.29762131303521
Music-Rev,0.05,avg_hyperedge_size,55,1051,8,53.32074215033302
Music-Rev,0.05,avg_hyperedge_size,55,1051,9,80.28791627021884
Music-Rev,0.05,avg_hyperedge_size,55,1051,10,115.7313035204567
Music-Rev,0.05,avg_hyperedge_size,55,1051,11,160.17297811607992
Music-Rev,0.05,avg_hyperedge_size,55,1051,12,212.7476688867745
Music-Rev,0.05,avg_hyperedge_size,55,1051,13,271.45727878211227
Music-Rev,0.05,avg_hyperedge_size,55,1051,14,333.2964795432921
Music-Rev,0.05,avg_hyperedge_size,55,1051,15,396.37821122740246
Music-Rev,0.05,avg_hyperedge_size,55,1051,16,458.18582302568984
Music-Rev,0.05,avg_hyperedge_size,55,1051,17,515.9608943862987
Music-Rev,0.05,avg_hyperedge_size,55,1051,18,568.1801141769743
Music-Rev,0.05,avg_hyperedge_size,55,1051,19,614.3988582302569
Music-Rev,0.05,avg_hyperedge_size,55,1051,20,654.4184586108469
Music-Rev,0.05,avg_hyperedge_size,55,1051,21,688.6486203615605
Music-Rev,0.05,avg_hyperedge_size,55,1051,22,717.770884871551
Music-Rev,0.05,avg_hyperedge_size,55,1051,23,742.481351094196
Music-Rev,0.05,avg_hyperedge_size,55,1051,24,763.6690770694577
Music-Rev,0.05,avg_hyperedge_size,55,1051,25,781.9811607992389
Music-Rev,0.05,avg_hyperedge_size_greedy,55,1051,0,1
Music-Rev,0.05,avg_hyperedge_size_greedy,55,1051,1,2.0332064700285444
Music-Rev,0.05,avg_hyperedge_size_greedy,55,1051,2,3.355851569933397
Music-Rev,0.05,avg_hyperedge_size_greedy,55,1051,3,5.369838249286394
Music-Rev,0.05,avg_hyperedge_size_greedy,55,1051,4,8.741008563273073
Music-Rev,0.05,avg_hyperedge_size_greedy,55,1051,5,13.969267364414844
Music-Rev,0.05,avg_hyperedge_size_greedy,55,1051,6,22.13244529019981
Music-Rev,0.05,avg_hyperedge_size_greedy,55,1051,7,34.818173168411036
Music-Rev,0.05,avg_hyperedge_size_greedy,55,1051,8,54.05290199809705
Music-Rev,0.05,avg_hyperedge_size_greedy,55,1051,9,81.13273073263558
Music-Rev,0.05,avg_hyperedge_size_greedy,55,1051,10,116.6849666983825
Music-Rev,0.05,avg_hyperedge_size_greedy,55,1051,11,161.1779257849667
Music-Rev,0.05,avg_hyperedge_size_greedy,55,1051,12,213.6708848715509
Music-Rev,0.05,avg_hyperedge_size_greedy,55,1051,13,271.9101807802093
Music-Rev,0.05,avg_hyperedge_size_greedy,55,1051,14,333.4970504281637
Music-Rev,0.05,avg_hyperedge_size_greedy,55,1051,15,396.55290199809707
Music-Rev,0.05,avg_hyperedge_size_greedy,55,1051,16,458.3174119885823
Music-Rev,0.05,avg_hyperedge_size_greedy,55,1051,17,515.995337773549
Music-Rev,0.05,avg_hyperedge_size_greedy,55,1051,18,568.3514747859182
Music-Rev,0.05,avg_hyperedge_size_greedy,55,1051,19,614.5809705042816
Music-Rev,0.05,avg_hyperedge_size_greedy,55,1051,20,654.5898192197907
Music-Rev,0.05,avg_hyperedge_size_greedy,55,1051,21,688.7656517602284
Music-Rev,0.05,avg_hyperedge_size_greedy,55,1051,22,717.8349191246432
Music-Rev,0.05,avg_hyperedge_size_greedy,55,1051,23,742.4841103710752
Music-Rev,0.05,avg_hyperedge_size_greedy,55,1051,24,763.5519505233111
Music-Rev,0.05,avg_hyperedge_size_greedy,55,1051,25,781.7371075166508
Music-Rev,0.05,count_communities_in_hedges,55,1051,0,1
Music-Rev,0.05,count_communities_in_hedges,55,1051,1,1.9788772597526165
Music-Rev,0.05,count_communities_in_hedges,55,1051,2,3.2040913415794483
Music-Rev,0.05,count_communities_in_hedges,55,1051,3,5.059467174119886
Music-Rev,0.05,count_communities_in_hedges,55,1051,4,8.13453853472883
Music-Rev,0.05,count_communities_in_hedges,55,1051,5,12.910085632730732
Music-Rev,0.05,count_communities_in_hedges,55,1051,6,20.504281636536632
Music-Rev,0.05,count_communities_in_hedges,55,1051,7,32.17069457659372
Music-Rev,0.05,count_communities_in_hedges,55,1051,8,49.27392959086584
Music-Rev,0.05,count_communities_in_hedges,55,1051,9,72.17126546146527
Music-Rev,0.05,count_communities_in_hedges,55,1051,10,101.0128449096099
Music-Rev,0.05,count_communities_in_hedges,55,1051,11,134.77592768791627
Music-Rev,0.05,count_communities_in_hedges,55,1051,12,170.99276879162701
Music-Rev,0.05,count_communities_in_hedges,55,1051,13,207.37725975261657
Music-Rev,0.05,count_communities_in_hedges,55,1051,14,242.65052331113225
Music-Rev,0.05,count_communities_in_hedges,55,1051,15,276.1236917221694
Music-Rev,0.05,count_communities_in_hedges,55,1051,16,307.7390104662226
Music-Rev,0.05,count_communities_in_hedges,55,1051,17,338.0138915318744
Music-Rev,0.05,count_communities_in_hedges,55,1051,18,367.59914367269266
Music-Rev,0.05,count_communities_in_hedges,55,1051,19,397.21769743101805
Music-Rev,0.05,count_communities_in_hedges,55,1051,20,427.3697431018078
Music-Rev,0.05,count_communities_in_hedges,55,1051,21,458.51998097050426
Music-Rev,0.05,count_communities_in_hedges,55,1051,22,490.80142721217885
Music-Rev,0.05,count_communities_in_hedges,55,1051,23,523.9282588011417
Music-Rev,0.05,count_communities_in_hedges,55,1051,24,557.5407231208372
Music-Rev,0.05,count_communities_in_hedges,55,1051,25,591.0068506184587
Music-Rev,0.05,count_communities_in_hedges_greedy,55,1051,0,1
Music-Rev,0.05,count_communities_in_hedges_greedy,55,1051,1,1.9674595623215985
Music-Rev,0.05,count_communities_in_hedges_greedy,55,1051,2,3.181731684110371
Music-Rev,0.05,count_communities_in_hedges_greedy,55,1051,3,5.04395813510942
Music-Rev,0.05,count_communities_in_hedges_greedy,55,1051,4,8.090960989533777
Music-Rev,0.05,count_communities_in_hedges_greedy,55,1051,5,12.82511893434824
Music-Rev,0.05,count_communities_in_hedges_greedy,55,1051,6,20.374690770694578
Music-Rev,0.05,count_communities_in_hedges_greedy,55,1051,7,31.76546146527117
Music-Rev,0.05,count_communities_in_hedges_greedy,55,1051,8,48.45994291151285
Music-Rev,0.05,count_communities_in_hedges_greedy,55,1051,9,70.76346336822074
Music-Rev,0.05,count_communities_in_hedges_greedy,55,1051,10,98.72483349191246
Music-Rev,0.05,count_communities_in_hedges_greedy,55,1051,11,131.3672692673644
Music-Rev,0.05,count_communities_in_hedges_greedy,55,1051,12,165.83225499524264
Music-Rev,0.05,count_communities_in_hedges_greedy,55,1051,13,200.01493815413892
Music-Rev,0.05,count_communities_in_hedges_greedy,55,1051,14,232.2862036156042
Music-Rev,0.05,count_communities_in_hedges_greedy,55,1051,15,261.70551855375834
Music-Rev,0.05,count_communities_in_hedges_greedy,55,1051,16,287.928449096099
Music-Rev,0.05,count_communities_in_hedges_greedy,55,1051,17,310.8444338725024
Music-Rev,0.05,count_communities_in_hedges_greedy,55,1051,18,331.0882968601332
Music-Rev,0.05,count_communities_in_hedges_greedy,55,1051,19,349.0127497621313
Music-Rev,0.05,count_communities_in_hedges_greedy,55,1051,20,365.2871550903901
Music-Rev,0.05,count_communities_in_hedges_greedy,55,1051,21,380.43558515699334
Music-Rev,0.05,count_communities_in_hedges_greedy,55,1051,22,395.1023786869648
Music-Rev,0.05,count_communities_in_hedges_greedy,55,1051,23,409.8280685061846
Music-Rev,0.05,count_communities_in_hedges_greedy,55,1051,24,424.9917221693625
Music-Rev,0.05,count_communities_in_hedges_greedy,55,1051,25,440.9824928639391
Music-Rev,0.05,count_ic_hedges,55,1051,0,1
Music-Rev,0.05,count_ic_hedges,55,1051,1,2.00313986679353
Music-Rev,0.05,count_ic_hedges,55,1051,2,3.239581351094196
Music-Rev,0.05,count_ic_hedges,55,1051,3,5.190865842055185
Music-Rev,0.05,count_ic_hedges,55,1051,4,8.39010466222645
Music-Rev,0.05,count_ic_hedges,55,1051,5,13.489819219790675
Music-Rev,0.05,count_ic_hedges,55,1051,6,21.60837297811608
Music-Rev,0.05,count_ic_hedges,55,1051,7,34.34043767840152
Music-Rev,0.05,count_ic_hedges,55,1051,8,52.92150333016175
Music-Rev,0.05,count_ic_hedges,55,1051,9,78.04281636536632
Music-Rev,0.05,count_ic_hedges,55,1051,10,110.13996194100856
Music-Rev,0.05,count_ic_hedges,55,1051,11,148.11788772597527
Music-Rev,0.05,count_ic_hedges,55,1051,12,189.85176022835395
Music-Rev,0.05,count_ic_hedges,55,1051,13,233.716079923882
Music-Rev,0.05,count_ic_hedges,55,1051,14,278.8056137012369
Music-Rev,0.05,count_ic_hedges,55,1051,15,324.607231208373
Music-Rev,0.05,count_ic_hedges,55,1051,16,370.7420551855376
Music-Rev,0.05,count_ic_hedges,55,1051,17,417.2103710751665
Music-Rev,0.05,count_ic_hedges,55,1051,18,463.14005708848714
Music-Rev,0.05,count_ic_hedges,55,1051,19,507.6104662226451
Music-Rev,0.05,count_ic_hedges,55,1051,20,550.0175071360609
Music-Rev,0.05,count_ic_hedges,55,1051,21,589.5929590865842
Music-Rev,0.05,count_ic_hedges,55,1051,22,625.7609895337773
Music-Rev,0.05,count_ic_hedges,55,1051,23,658.3048525214082
Music-Rev,0.05,count_ic_hedges,55,1051,24,687.1028544243577
Music-Rev,0.05,count_ic_hedges,55,1051,25,712.5079923882017
Music-Rev,0.05,count_ic_hedges_greedy,55,1051,0,1
Music-Rev,0.05,count_ic_hedges_greedy,55,1051,1,1.9870599429115128
Music-Rev,0.05,count_ic_hedges_greedy,55,1051,2,3.2445290199809707
Music-Rev,0.05,count_ic_hedges_greedy,55,1051,3,5.187916270218839
Music-Rev,0.05,count_ic_hedges_greedy,55,1051,4,8.365556612749762
Music-Rev,0.05,count_ic_hedges_greedy,55,1051,5,13.380494766888678
Music-Rev,0.05,count_ic_hedges_greedy,55,1051,6,21.38334919124643
Music-Rev,0.05,count_ic_hedges_greedy,55,1051,7,33.67773549000952
Music-Rev,0.05,count_ic_hedges_greedy,55,1051,8,51.782017126546144
Music-Rev,0.05,count_ic_hedges_greedy,55,1051,9,76.17849666983825
Music-Rev,0.05,count_ic_hedges_greedy,55,1051,10,107.22540437678401
Music-Rev,0.05,count_ic_hedges_greedy,55,1051,11,143.98867745004756
Music-Rev,0.05,count_ic_hedges_greedy,55,1051,12,184.22635585156993
Music-Rev,0.05,count_ic_hedges_greedy,55,1051,13,226.49448144624168
Music-Rev,0.05,count_ic_hedges_greedy,55,1051,14,270.0151284490961
Music-Rev,0.05,count_ic_hedges_greedy,55,1051,15,314.1475737392959
Music-Rev,0.05,count_ic_hedges_greedy,55,1051,16,358.8210275927688
Music-Rev,0.05,count_ic_hedges_greedy,55,1051,17,403.7626070409134
Music-Rev,0.05,count_ic_hedges_greedy,55,1051,18,448.5905803996194
Music-Rev,0.05,count_ic_hedges_greedy,55,1051,19,492.42254995242627
Music-Rev,0.05,count_ic_hedges_greedy,55,1051,20,534.6977164605138
Music-Rev,0.05,count_ic_hedges_greedy,55,1051,21,574.4695528068506
Music-Rev,0.05,count_ic_hedges_greedy,55,1051,22,611.2817316841104
Music-Rev,0.05,count_ic_hedges_greedy,55,1051,23,644.5620361560418
Music-Rev,0.05,count_ic_hedges_greedy,55,1051,24,674.2198858230257
Music-Rev,0.05,count_ic_hedges_greedy,55,1051,25,700.4651760228354
Music-Rev,0.05,responsibility_weighted_hdeg,55,1051,0,1
Music-Rev,0.05,responsibility_weighted_hdeg,55,1051,1,2.0030447193149383
Music-Rev,0.05,responsibility_weighted_hdeg,55,1051,2,3.2465271170313987
Music-Rev,0.05,responsibility_weighted_hdeg,55,1051,3,5.206850618458611
Music-Rev,0.05,responsibility_weighted_hdeg,55,1051,4,8.449286393910562
Music-Rev,0.05,responsibility_weighted_hdeg,55,1051,5,13.556232159847765
Music-Rev,0.05,responsibility_weighted_hdeg,55,1051,6,21.7313986679353
Music-Rev,0.05,responsibility_weighted_hdeg,55,1051,7,34.50980019029496
Music-Rev,0.05,responsibility_weighted_hdeg,55,1051,8,53.33510941960038
Music-Rev,0.05,responsibility_weighted_hdeg,55,1051,9,78.94624167459563
Music-Rev,0.05,responsibility_weighted_hdeg,55,1051,10,111.91198858230257
Music-Rev,0.05,responsibility_weighted_hdeg,55,1051,11,151.0603235014272
Music-Rev,0.05,responsibility_weighted_hdeg,55,1051,12,194.38411037107517
Music-Rev,0.05,responsibility_weighted_hdeg,55,1051,13,240.2780209324453
Music-Rev,0.05,responsibility_weighted_hdeg,55,1051,14,288.0565176022835
Music-Rev,0.05,responsibility_weighted_hdeg,55,1051,15,336.51446241674597
Music-Rev,0.05,responsibility_weighted_hdeg,55,1051,16,385.0217887725975
Music-Rev,0.05,responsibility_weighted_hdeg,55,1051,17,433.15889628924833
Music-Rev,0.05,responsibility_weighted_hdeg,55,1051,18,479.8395813510942
Music-Rev,0.05,responsibility_weighted_hdeg,55,1051,19,524.197906755471
Music-Rev,0.05,responsibility_weighted_hdeg,55,1051,20,565.3446241674595
Music-Rev,0.05,responsibility_weighted_hdeg,55,1051,21,602.8057088487155
Music-Rev,0.05,responsibility_weighted_hdeg,55,1051,22,636.2455756422455
Music-Rev,0.05,responsibility_weighted_hdeg,55,1051,23,665.7545195052331
Music-Rev,0.05,responsibility_weighted_hdeg,55,1051,24,691.5078972407231
Music-Rev,0.05,responsibility_weighted_hdeg,55,1051,25,714.0201712654615
Music-Rev,0.05,responsibility_weighted_hdeg_greedy,55,1051,0,1
Music-Rev,0.05,responsibility_weighted_hdeg_greedy,55,1051,1,2.0030447193149383
Music-Rev,0.05,responsibility_weighted_hdeg_greedy,55,1051,2,3.2465271170313987
Music-Rev,0.05,responsibility_weighted_hdeg_greedy,55,1051,3,5.206850618458611
Music-Rev,0.05,responsibility_weighted_hdeg_greedy,55,1051,4,8.449286393910562
Music-Rev,0.05,responsibility_weighted_hdeg_greedy,55,1051,5,13.556232159847765
Music-Rev,0.05,responsibility_weighted_hdeg_greedy,55,1051,6,21.7313986679353
Music-Rev,0.05,responsibility_weighted_hdeg_greedy,55,1051,7,34.50980019029496
Music-Rev,0.05,responsibility_weighted_hdeg_greedy,55,1051,8,53.33510941960038
Music-Rev,0.05,responsibility_weighted_hdeg_greedy,55,1051,9,78.94624167459563
Music-Rev,0.05,responsibility_weighted_hdeg_greedy,55,1051,10,111.91198858230257
Music-Rev,0.05,responsibility_weighted_hdeg_greedy,55,1051,11,151.0603235014272
Music-Rev,0.05,responsibility_weighted_hdeg_greedy,55,1051,12,194.38411037107517
Music-Rev,0.05,responsibility_weighted_hdeg_greedy,55,1051,13,240.2780209324453
Music-Rev,0.05,responsibility_weighted_hdeg_greedy,55,1051,14,288.0565176022835
Music-Rev,0.05,responsibility_weighted_hdeg_greedy,55,1051,15,336.51446241674597
Music-Rev,0.05,responsibility_weighted_hdeg_greedy,55,1051,16,385.0217887725975
Music-Rev,0.05,responsibility_weighted_hdeg_greedy,55,1051,17,433.15889628924833
Music-Rev,0.05,responsibility_weighted_hdeg_greedy,55,1051,18,479.8395813510942
Music-Rev,0.05,responsibility_weighted_hdeg_greedy,55,1051,19,524.197906755471
Music-Rev,0.05,responsibility_weighted_hdeg_greedy,55,1051,20,565.3446241674595
Music-Rev,0.05,responsibility_weighted_hdeg_greedy,55,1051,21,602.8057088487155
Music-Rev,0.05,responsibility_weighted_hdeg_greedy,55,1051,22,636.2455756422455
Music-Rev,0.05,responsibility_weighted_hdeg_greedy,55,1051,23,665.7545195052331
Music-Rev,0.05,responsibility_weighted_hdeg_greedy,55,1051,24,691.5078972407231
Music-Rev,0.05,responsibility_weighted_hdeg_greedy,55,1051,25,714.0201712654615
Music-Rev,0.05,filtered_hyperdegree,55,1051,0,1
Music-Rev,0.05,filtered_hyperdegree,55,1051,1,2.0030447193149383
Music-Rev,0.05,filtered_hyperdegree,55,1051,2,3.2465271170313987
Music-Rev,0.05,filtered_hyperdegree,55,1051,3,5.206850618458611
Music-Rev,0.05,filtered_hyperdegree,55,1051,4,8.449286393910562
Music-Rev,0.05,filtered_hyperdegree,55,1051,5,13.556232159847765
Music-Rev,0.05,filtered_hyperdegree,55,1051,6,21.7313986679353
Music-Rev,0.05,filtered_hyperdegree,55,1051,7,34.50980019029496
Music-Rev,0.05,filtered_hyperdegree,55,1051,8,53.33510941960038
Music-Rev,0.05,filtered_hyperdegree,55,1051,9,78.94624167459563
Music-Rev,0.05,filtered_hyperdegree,55,1051,10,111.91198858230257
Music-Rev,0.05,filtered_hyperdegree,55,1051,11,151.0603235014272
Music-Rev,0.05,filtered_hyperdegree,55,1051,12,194.38411037107517
Music-Rev,0.05,filtered_hyperdegree,55,1051,13,240.2780209324453
Music-Rev,0.05,filtered_hyperdegree,55,1051,14,288.0565176022835
Music-Rev,0.05,filtered_hyperdegree,55,1051,15,336.51446241674597
Music-Rev,0.05,filtered_hyperdegree,55,1051,16,385.0217887725975
Music-Rev,0.05,filtered_hyperdegree,55,1051,17,433.15889628924833
Music-Rev,0.05,filtered_hyperdegree,55,1051,18,479.8395813510942
Music-Rev,0.05,filtered_hyperdegree,55,1051,19,524.197906755471
Music-Rev,0.05,filtered_hyperdegree,55,1051,20,565.3446241674595
Music-Rev,0.05,filtered_hyperdegree,55,1051,21,602.8057088487155
Music-Rev,0.05,filtered_hyperdegree,55,1051,22,636.2455756422455
Music-Rev,0.05,filtered_hyperdegree,55,1051,23,665.7545195052331
Music-Rev,0.05,filtered_hyperdegree,55,1051,24,691.5078972407231
Music-Rev,0.05,filtered_hyperdegree,55,1051,25,714.0201712654615
Music-Rev,0.05,filtered_hyperdegree_greedy,55,1051,0,1
Music-Rev,0.05,filtered_hyperdegree_greedy,55,1051,1,2.0030447193149383
Music-Rev,0.05,filtered_hyperdegree_greedy,55,1051,2,3.2465271170313987
Music-Rev,0.05,filtered_hyperdegree_greedy,55,1051,3,5.206850618458611
Music-Rev,0.05,filtered_hyperdegree_greedy,55,1051,4,8.449286393910562
Music-Rev,0.05,filtered_hyperdegree_greedy,55,1051,5,13.556232159847765
Music-Rev,0.05,filtered_hyperdegree_greedy,55,1051,6,21.7313986679353
Music-Rev,0.05,filtered_hyperdegree_greedy,55,1051,7,34.50980019029496
Music-Rev,0.05,filtered_hyperdegree_greedy,55,1051,8,53.33510941960038
Music-Rev,0.05,filtered_hyperdegree_greedy,55,1051,9,78.94624167459563
Music-Rev,0.05,filtered_hyperdegree_greedy,55,1051,10,111.91198858230257
Music-Rev,0.05,filtered_hyperdegree_greedy,55,1051,11,151.0603235014272
Music-Rev,0.05,filtered_hyperdegree_greedy,55,1051,12,194.38411037107517
Music-Rev,0.05,filtered_hyperdegree_greedy,55,1051,13,240.2780209324453
Music-Rev,0.05,filtered_hyperdegree_greedy,55,1051,14,288.0565176022835
Music-Rev,0.05,filtered_hyperdegree_greedy,55,1051,15,336.51446241674597
Music-Rev,0.05,filtered_hyperdegree_greedy,55,1051,16,385.0217887725975
Music-Rev,0.05,filtered_hyperdegree_greedy,55,1051,17,433.15889628924833
Music-Rev,0.05,filtered_hyperdegree_greedy,55,1051,18,479.8395813510942
Music-Rev,0.05,filtered_hyperdegree_greedy,55,1051,19,524.197906755471
Music-Rev,0.05,filtered_hyperdegree_greedy,55,1051,20,565.3446241674595
Music-Rev,0.05,filtered_hyperdegree_greedy,55,1051,21,602.8057088487155
Music-Rev,0.05,filtered_hyperdegree_greedy,55,1051,22,636.2455756422455
Music-Rev,0.05,filtered_hyperdegree_greedy,55,1051,23,665.7545195052331
Music-Rev,0.05,filtered_hyperdegree_greedy,55,1051,24,691.5078972407231
Music-Rev,0.05,filtered_hyperdegree_greedy,55,1051,25,714.0201712654615
Music-Rev,0.05,ept_bridge_out_strength,55,1051,0,1
Music-Rev,0.05,ept_bridge_out_strength,55,1051,1,2.024928639391056
Music-Rev,0.05,ept_bridge_out_strength,55,1051,2,3.327687916270219
Music-Rev,0.05,ept_bridge_out_strength,55,1051,3,5.313320647002854
Music-Rev,0.05,ept_bridge_out_strength,55,1051,4,8.610180780209324
Music-Rev,0.05,ept_bridge_out_strength,55,1051,5,13.70209324452902
Music-Rev,0.05,ept_bridge_out_strength,55,1051,6,21.702949571836346
Music-Rev,0.05,ept_bridge_out_strength,55,1051,7,33.9151284490961
Music-Rev,0.05,ept_bridge_out_strength,55,1051,8,52.517887725975264
Music-Rev,0.05,ept_bridge_out_strength,55,1051,9,78.78886774500475
Music-Rev,0.05,ept_bridge_out_strength,55,1051,10,113.24871550903902
Music-Rev,0.05,ept_bridge_out_strength,55,1051,11,156.55109419600382
Music-Rev,0.05,ept_bridge_out_strength,55,1051,12,207.5707897240723
Music-Rev,0.05,ept_bridge_out_strength,55,1051,13,264.6943862987631
Music-Rev,0.05,ept_bridge_out_strength,55,1051,14,325.1891531874405
Music-Rev,0.05,ept_bridge_out_strength,55,1051,15,387.10894386298764
Music-Rev,0.05,ept_bridge_out_strength,55,1051,16,448.5316841103711
Music-Rev,0.05,ept_bridge_out_strength,55,1051,17,506.59248334919124
Music-Rev,0.05,ept_bridge_out_strength,55,1051,18,559.5452901998098
Music-Rev,0.05,ept_bridge_out_strength,55,1051,19,606.6943862987631
Music-Rev,0.05,ept_bridge_out_strength,55,1051,20,647.7293054234062
Music-Rev,0.05,ept_bridge_out_strength,55,1051,21,683.0809705042816
Music-Rev,0.05,ept_bridge_out_strength,55,1051,22,713.1897240723121
Music-Rev,0.05,ept_bridge_out_strength,55,1051,23,738.6775451950523
Music-Rev,0.05,ept_bridge_out_strength,55,1051,24,760.4977164605137
Music-Rev,0.05,ept_bridge_out_strength,55,1051,25,779.2584205518554
Music-Rev,0.05,ept_bridge_out_strength_greedy,55,1051,0,1
Music-Rev,0.05,ept_bridge_out_strength_greedy,55,1051,1,2.0253092293054236
Music-Rev,0.05,ept_bridge_out_strength_greedy,55,1051,2,3.324928639391056
Music-Rev,0.05,ept_bridge_out_strength_greedy,55,1051,3,5.321503330161751
Music-Rev,0.05,ept_bridge_out_strength_greedy,55,1051,4,8.633396764985728
Music-Rev,0.05,ept_bridge_out_strength_greedy,55,1051,5,13.730637488106565
Music-Rev,0.05,ept_bridge_out_strength_greedy,55,1051,6,21.7534728829686
Music-Rev,0.05,ept_bridge_out_strength_greedy,55,1051,7,34.153758325404375
Music-Rev,0.05,ept_bridge_out_strength_greedy,55,1051,8,53.07802093244529
Music-Rev,0.05,ept_bridge_out_strength_greedy,55,1051,9,79.53901046622265
Music-Rev,0.05,ept_bridge_out_strength_greedy,55,1051,10,114.46479543292102
Music-Rev,0.05,ept_bridge_out_strength_greedy,55,1051,11,158.0686013320647
Music-Rev,0.05,ept_bridge_out_strength_greedy,55,1051,12,209.5044719314938
Music-Rev,0.05,ept_bridge_out_strength_greedy,55,1051,13,266.846146527117
Music-Rev,0.05,ept_bridge_out_strength_greedy,55,1051,14,327.64357754519506
Music-Rev,0.05,ept_bridge_out_strength_greedy,55,1051,15,389.97611798287346
Music-Rev,0.05,ept_bridge_out_strength_greedy,55,1051,16,451.1130352045671
Music-Rev,0.05,ept_bridge_out_strength_greedy,55,1051,17,508.97944814462414
Music-Rev,0.05,ept_bridge_out_strength_greedy,55,1051,18,561.7034253092293
Music-Rev,0.05,ept_bridge_out_strength_greedy,55,1051,19,608.4742150333016
Music-Rev,0.05,ept_bridge_out_strength_greedy,55,1051,20,649.1404376784016
Music-Rev,0.05,ept_bridge_out_strength_greedy,55,1051,21,683.9420551855376
Music-Rev,0.05,ept_bridge_out_strength_greedy,55,1051,22,713.6404376784016
Music-Rev,0.05,ept_bridge_out_strength_greedy,55,1051,23,738.9715509039011
Music-Rev,0.05,ept_bridge_out_strength_greedy,55,1051,24,760.6798287345385
Music-Rev,0.05,ept_bridge_out_strength_greedy,55,1051,25,779.4032350142721
Music-Rev,0.05,ept_bridge_in_strength,55,1051,0,1
Music-Rev,0.05,ept_bridge_in_strength,55,1051,1,1.9660323501427213
Music-Rev,0.05,ept_bridge_in_strength,55,1051,2,3.093815413891532
Music-Rev,0.05,ept_bridge_in_strength,55,1051,3,4.834538534728829
Music-Rev,0.05,ept_bridge_in_strength,55,1051,4,7.658896289248335
Music-Rev,0.05,ept_bridge_in_strength,55,1051,5,11.925023786869648
Music-Rev,0.05,ept_bridge_in_strength,55,1051,6,18.655756422454804
Music-Rev,0.05,ept_bridge_in_strength,55,1051,7,28.700951474785917
Music-Rev,0.05,ept_bridge_in_strength,55,1051,8,43.601427212178876
Music-Rev,0.05,ept_bridge_in_strength,55,1051,9,64.19086584205519
Music-Rev,0.05,ept_bridge_in_strength,55,1051,10,90.99248334919125
Music-Rev,0.05,ept_bridge_in_strength,55,1051,11,123.709324452902
Music-Rev,0.05,ept_bridge_in_strength,55,1051,12,161.08582302568982
Music-Rev,0.05,ept_bridge_in_strength,55,1051,13,201.40608943862986
Music-Rev,0.05,ept_bridge_in_strength,55,1051,14,243.20599429115128
Music-Rev,0.05,ept_bridge_in_strength,55,1051,15,285.60447193149383
Music-Rev,0.05,ept_bridge_in_strength,55,1051,16,328.14909609895335
Music-Rev,0.05,ept_bridge_in_strength,55,1051,17,370.50656517602283
Music-Rev,0.05,ept_bridge_in_strength,55,1051,18,412.64272121788775
Music-Rev,0.05,ept_bridge_in_strength,55,1051,19,454.5545195052331
Music-Rev,0.05,ept_bridge_in_strength,55,1051,20,495.7441484300666
Music-Rev,0.05,ept_bridge_in_strength,55,1051,21,535.7972407231208
Music-Rev,0.05,ept_bridge_in_strength,55,1051,22,573.9065651760228
Music-Rev,0.05,ept_bridge_in_strength,55,1051,23,609.8765937202664
Music-Rev,0.05,ept_bridge_in_strength,55,1051,24,642.9780209324452
Music-Rev,0.05,ept_bridge_in_strength,55,1051,25,672.8795432921028
Music-Rev,0.05,ept_bridge_in_strength_greedy,55,1051,0,1
Music-Rev,0.05,ept_bridge_in_strength_greedy,55,1051,1,1.9684110371075167
Music-Rev,0.05,ept_bridge_in_strength_greedy,55,1051,2,3.1000951474785916
Music-Rev,0.05,ept_bridge_in_strength_greedy,55,1051,3,4.860418648905804
Music-Rev,0.05,ept_bridge_in_strength_greedy,55,1051,4,7.720837297811608
Music-Rev,0.05,ept_bridge_in_strength_greedy,55,1051,5,12.076784015223597
Music-Rev,0.05,ept_bridge_in_strength_greedy,55,1051,6,18.89324452901998
Music-Rev,0.05,ept_bridge_in_strength_greedy,55,1051,7,28.993815413891532
Music-Rev,0.05,ept_bridge_in_strength_greedy,55,1051,8,44.07545195052331
Music-Rev,0.05,ept_bridge_in_strength_greedy,55,1051,9,64.75385347288297
Music-Rev,0.05,ept_bridge_in_strength_greedy,55,1051,10,91.43843958135109
Music-Rev,0.05,ept_bridge_in_strength_greedy,55,1051,11,123.90865842055186
Music-Rev,0.05,ept_bridge_in_strength_greedy,55,1051,12,160.99819219790675
Music-Rev,0.05,ept_bridge_in_strength_greedy,55,1051,13,200.68106565176024
Music-Rev,0.05,ept_bridge_in_strength_greedy,55,1051,14,241.73073263558516
Music-Rev,0.05,ept_bridge_in_strength_greedy,55,1051,15,283.29581351094197
Music-Rev,0.05,ept_bridge_in_strength_greedy,55,1051,16,324.63463368220744
Music-Rev,0.05,ept_bridge_in_strength_greedy,55,1051,17,365.832635585157
Music-Rev,0.05,ept_bridge_in_strength_greedy,55,1051,18,406.83282588011417
Music-Rev,0.05,ept_bridge_in_strength_greedy,55,1051,19,447.6838249286394
Music-Rev,0.05,ept_bridge_in_strength_greedy,55,1051,20,488.1222645099905
Music-Rev,0.05,ept_bridge_in_strength_greedy,55,1051,21,527.7986679352997
Music-Rev,0.05,ept_bridge_in_strength_greedy,55,1051,22,565.9113225499524
Music-Rev,0.05,ept_bridge_in_strength_greedy,55,1051,23,602.0903901046622
Music-Rev,0.05,ept_bridge_in_strength_greedy,55,1051,24,635.7545195052331
Music-Rev,0.05,ept_bridge_in_strength_greedy,55,1051,25,666.4175071360609
Music-Rev,0.05,ept_bridge_in_out_total,55,1051,0,1
Music-Rev,0.05,ept_bridge_in_out_total,55,1051,1,1.9489058039961942
Music-Rev,0.05,ept_bridge_in_out_total,55,1051,2,3.08325404376784
Music-Rev,0.05,ept_bridge_in_out_total,55,1051,3,4.803996194100856
Music-Rev,0.05,ept_bridge_in_out_total,55,1051,4,7.588582302568982
Music-Rev,0.05,ept_bridge_in_out_total,55,1051,5,11.771455756422455
Music-Rev,0.05,ept_bridge_in_out_total,55,1051,6,18.25023786869648
Music-Rev,0.05,ept_bridge_in_out_total,55,1051,7,27.929590865842055
Music-Rev,0.05,ept_bridge_in_out_total,55,1051,8,42.38667935299715
Music-Rev,0.05,ept_bridge_in_out_total,55,1051,9,62.27878211227402
Music-Rev,0.05,ept_bridge_in_out_total,55,1051,10,88.313986679353
Music-Rev,0.05,ept_bridge_in_out_total,55,1051,11,120.4081826831589
Music-Rev,0.05,ept_bridge_in_out_total,55,1051,12,157.7477640342531
Music-Rev,0.05,ept_bridge_in_out_total,55,1051,13,198.8894386298763
Music-Rev,0.05,ept_bridge_in_out_total,55,1051,14,242.5380589914367
Music-Rev,0.05,ept_bridge_in_out_total,55,1051,15,287.6999048525214
Music-Rev,0.05,ept_bridge_in_out_total,55,1051,16,333.7453853472883
Music-Rev,0.05,ept_bridge_in_out_total,55,1051,17,380.13206470028547
Music-Rev,0.05,ept_bridge_in_out_total,55,1051,18,426.4146527117031
Music-Rev,0.05,ept_bridge_in_out_total,55,1051,19,471.83672692673645
Music-Rev,0.05,ept_bridge_in_out_total,55,1051,20,516.0023786869648
Music-Rev,0.05,ept_bridge_in_out_total,55,1051,21,557.9362511893435
Music-Rev,0.05,ept_bridge_in_out_total,55,1051,22,597.1449096098953
Music-Rev,0.05,ept_bridge_in_out_total,55,1051,23,632.9028544243578
Music-Rev,0.05,ept_bridge_in_out_total,55,1051,24,665.2451950523312
Music-Rev,0.05,ept_bridge_in_out_total,55,1051,25,693.930542340628
Music-Rev,0.05,ept_bridge_in_out_total_greedy,55,1051,0,1
Music-Rev,0.05,ept_bridge_in_out_total_greedy,55,1051,1,1.9468125594671741
Music-Rev,0.05,ept_bridge_in_out_total_greedy,55,1051,2,3.1082778306374883
Music-Rev,0.05,ept_bridge_in_out_total_greedy,55,1051,3,4.851189343482398
Music-Rev,0.05,ept_bridge_in_out_total_greedy,55,1051,4,7.673549000951475
Music-Rev,0.05,ept_bridge_in_out_total_greedy,55,1051,5,11.87592768791627
Music-Rev,0.05,ept_bridge_in_out_total_greedy,55,1051,6,18.46022835394862
Music-Rev,0.05,ept_bridge_in_out_total_greedy,55,1051,7,28.239010466222645
Music-Rev,0.05,ept_bridge_in_out_total_greedy,55,1051,8,42.77745004757374
Music-Rev,0.05,ept_bridge_in_out_total_greedy,55,1051,9,62.70475737392959
Music-Rev,0.05,ept_bridge_in_out_total_greedy,55,1051,10,88.78182683158896
Music-Rev,0.05,ept_bridge_in_out_total_greedy,55,1051,11,121.00333016175071
Music-Rev,0.05,ept_bridge_in_out_total_greedy,55,1051,12,158.25765937202664
Music-Rev,0.05,ept_bridge_in_out_total_greedy,55,1051,13,199.0735490009515
Music-Rev,0.05,ept_bridge_in_out_total_greedy,55,1051,14,242.18572787821122
Music-Rev,0.05,ept_bridge_in_out_total_greedy,55,1051,15,286.77564224548047
Music-Rev,0.05,ept_bridge_in_out_total_greedy,55,1051,16,332.01826831588966
Music-Rev,0.05,ept_bridge_in_out_total_greedy,55,1051,17,377.42264509990486
Music-Rev,0.05,ept_bridge_in_out_total_greedy,55,1051,18,422.63891531874407
Music-Rev,0.05,ept_bridge_in_out_total_greedy,55,1051,19,467.2564224548049
Music-Rev,0.05,ept_bridge_in_out_total_greedy,55,1051,20,510.75908658420553
Music-Rev,0.05,ept_bridge_in_out_total_greedy,55,1051,21,552.5552806850618
Music-Rev,0.05,ept_bridge_in_out_total_greedy,55,1051,22,592.0628924833492
Music-Rev,0.05,ept_bridge_in_out_total_greedy,55,1051,23,628.5798287345385
Music-Rev,0.05,ept_bridge_in_out_total_greedy,55,1051,24,661.6119885823026
Music-Rev,0.05,ept_bridge_in_out_total_greedy,55,1051,25,690.9287345385347
Music-Rev,0.05,ept_boundary_strength,55,1051,0,1
Music-Rev,0.05,ept_boundary_strength,55,1051,1,1.9674595623215985
Music-Rev,0.05,ept_boundary_strength,55,1051,2,3.170409134157945
Music-Rev,0.05,ept_boundary_strength,55,1051,3,4.964224548049477
Music-Rev,0.05,ept_boundary_strength,55,1051,4,7.8668886774500475
Music-Rev,0.05,ept_boundary_strength,55,1051,5,12.276784015223596
Music-Rev,0.05,ept_boundary_strength,55,1051,6,19.064224548049477
Music-Rev,0.05,ept_boundary_strength,55,1051,7,29.313130352045672
Music-Rev,0.05,ept_boundary_strength,55,1051,8,44.58696479543292
Music-Rev,0.05,ept_boundary_strength,55,1051,9,65.91779257849667
Music-Rev,0.05,ept_boundary_strength,55,1051,10,93.7802093244529
Music-Rev,0.05,ept_boundary_strength,55,1051,11,128.11198858230256
Music-Rev,0.05,ept_boundary_strength,55,1051,12,168.1187440532826
Music-Rev,0.05,ept_boundary_strength,55,1051,13,212.3396764985728
Music-Rev,0.05,ept_boundary_strength,55,1051,14,259.4013320647003
Music-Rev,0.05,ept_boundary_strength,55,1051,15,308.33758325404375
Music-Rev,0.05,ept_boundary_strength,55,1051,16,357.9055185537583
Music-Rev,0.05,ept_boundary_strength,55,1051,17,407.3469077069458
Music-Rev,0.05,ept_boundary_strength,55,1051,18,456.02064700285445
Music-Rev,0.05,ept_boundary_strength,55,1051,19,503.3048525214082
Music-Rev,0.05,ept_boundary_strength,55,1051,20,548.3394862036156
Music-Rev,0.05,ept_boundary_strength,55,1051,21,590.6037107516651
Music-Rev,0.05,ept_boundary_strength,55,1051,22,629.2290199809705
Music-Rev,0.05,ept_boundary_strength,55,1051,23,663.7425309229305
Music-Rev,0.05,ept_boundary_strength,55,1051,24,694.0318744053283
Music-Rev,0.05,ept_boundary_strength,55,1051,25,720.4682207421504
Music-Rev,0.05,ept_boundary_strength_greedy,55,1051,0,1
Music-Rev,0.05,ept_boundary_strength_greedy,55,1051,1,1.9655566127497621
Music-Rev,0.05,ept_boundary_strength_greedy,55,1051,2,3.1414843006660322
Music-Rev,0.05,ept_boundary_strength_greedy,55,1051,3,4.929495718363463
Music-Rev,0.05,ept_boundary_strength_greedy,55,1051,4,7.807516650808753
Music-Rev,0.05,ept_boundary_strength_greedy,55,1051,5,12.135014272121788
Music-Rev,0.05,ept_boundary_strength_greedy,55,1051,6,18.88230256898192
Music-Rev,0.05,ept_boundary_strength_greedy,55,1051,7,29.080494766888677
Music-Rev,0.05,ept_boundary_strength_greedy,55,1051,8,44.33244529019981
Music-Rev,0.05,ept_boundary_strength_greedy,55,1051,9,65.48686964795434
Music-Rev,0.05,ept_boundary_strength_greedy,55,1051,10,93.01522359657469
Music-Rev,0.05,ept_boundary_strength_greedy,55,1051,11,127.08763082778306
Music-Rev,0.05,ept_boundary_strength_greedy,55,1051,12,166.45946717411988
Music-Rev,0.05,ept_boundary_strength_greedy,55,1051,13,209.50371075166507
Music-Rev,0.05,ept_boundary_strength_greedy,55,1051,14,254.91769743101807
Music-Rev,0.05,ept_boundary_strength_greedy,55,1051,15,301.5823977164605
Music-Rev,0.05,ept_boundary_strength_greedy,55,1051,16,348.63901046622266
Music-Rev,0.05,ept_boundary_strength_greedy,55,1051,17,395.70313986679355
Music-Rev,0.05,ept_boundary_strength_greedy,55,1051,18,442.27021883920077
Music-Rev,0.05,ept_boundary_strength_greedy,55,1051,19,487.8769743101808
Music-Rev,0.05,ept_boundary_strength_greedy,55,1051,20,531.8111322549952
Music-Rev,0.05,ept_boundary_strength_greedy,55,1051,21,573.2904852521408
Music-Rev,0.05,ept_boundary_strength_greedy,55,1051,22,611.9804947668887
Music-Rev,0.05,ept_boundary_strength_greedy,55,1051,23,647.2355851569934
Music-Rev,0.05,ept_boundary_strength_greedy,55,1051,24,678.8027592768792
Music-Rev,0.05,ept_boundary_strength_greedy,55,1051,25,706.5666983824929
Music-Rev,0.05,ept_bridge_out_fraction,55,1051,0,1
Music-Rev,0.05,ept_bridge_out_fraction,55,1051,1,2.079162702188392
Music-Rev,0.05,ept_bridge_out_fraction,55,1051,2,3.4783063748810656
Music-Rev,0.05,ept_bridge_out_fraction,55,1051,3,5.639961941008563
Music-Rev,0.05,ept_bridge_out_fraction,55,1051,4,9.412178877259752
Music-Rev,0.05,ept_bridge_out_fraction,55,1051,5,15.46441484300666
Music-Rev,0.05,ept_bridge_out_fraction,55,1051,6,25.344624167459564
Music-Rev,0.05,ept_bridge_out_fraction,55,1051,7,40.969362511893436
Music-Rev,0.05,ept_bridge_out_fraction,55,1051,8,63.97354900095147
Music-Rev,0.05,ept_bridge_out_fraction,55,1051,9,95.45299714557564
Music-Rev,0.05,ept_bridge_out_fraction,55,1051,10,136.03901046622263
Music-Rev,0.05,ept_bridge_out_fraction,55,1051,11,183.88211227402473
Music-Rev,0.05,ept_bridge_out_fraction,55,1051,12,236.82616555661275
Music-Rev,0.05,ept_bridge_out_fraction,55,1051,13,293.40057088487157
Music-Rev,0.05,ept_bridge_out_fraction,55,1051,14,351.7518553758325
Music-Rev,0.05,ept_bridge_out_fraction,55,1051,15,409.88353948620363
Music-Rev,0.05,ept_bridge_out_fraction,55,1051,16,466.1660323501427
Music-Rev,0.05,ept_bridge_out_fraction,55,1051,17,519.301617507136
Music-Rev,0.05,ept_bridge_out_fraction,55,1051,18,568.1783063748811
Music-Rev,0.05,ept_bridge_out_fraction,55,1051,19,612.0713606089439
Music-Rev,0.05,ept_bridge_out_fraction,55,1051,20,650.7465271170314
Music-Rev,0.05,ept_bridge_out_fraction,55,1051,21,684.2917221693625
Music-Rev,0.05,ept_bridge_out_fraction,55,1051,22,713.1066603235014
Music-Rev,0.05,ept_bridge_out_fraction,55,1051,23,737.758039961941
Music-Rev,0.05,ept_bridge_out_fraction,55,1051,24,758.8345385347288
Music-Rev,0.05,ept_bridge_out_fraction,55,1051,25,776.9378686964795
Music-Rev,0.05,ept_bridge_out_fraction_greedy,55,1051,0,1
Music-Rev,0.05,ept_bridge_out_fraction_greedy,55,1051,1,2.0784015223596572
Music-Rev,0.05,ept_bridge_out_fraction_greedy,55,1051,2,3.478116079923882
Music-Rev,0.05,ept_bridge_out_fraction_greedy,55,1051,3,5.735394862036156
Music-Rev,0.05,ept_bridge_out_fraction_greedy,55,1051,4,9.549952426260704
Music-Rev,0.05,ept_bridge_out_fraction_greedy,55,1051,5,15.786489058039962
Music-Rev,0.05,ept_bridge_out_fraction_greedy,55,1051,6,25.898382492863938
Music-Rev,0.05,ept_bridge_out_fraction_greedy,55,1051,7,41.955090390104665
Music-Rev,0.05,ept_bridge_out_fraction_greedy,55,1051,8,65.50723120837297
Music-Rev,0.05,ept_bridge_out_fraction_greedy,55,1051,9,97.80085632730733
Music-Rev,0.05,ept_bridge_out_fraction_greedy,55,1051,10,139.023311132255
Music-Rev,0.05,ept_bridge_out_fraction_greedy,55,1051,11,187.45280685061846
Music-Rev,0.05,ept_bridge_out_fraction_greedy,55,1051,12,241.2032350142721
Music-Rev,0.05,ept_bridge_out_fraction_greedy,55,1051,13,298.4872502378687
Music-Rev,0.05,ept_bridge_out_fraction_greedy,55,1051,14,357.25908658420553
Music-Rev,0.05,ept_bridge_out_fraction_greedy,55,1051,15,415.92197906755473
Music-Rev,0.05,ept_bridge_out_fraction_greedy,55,1051,16,472.4577545195052
Music-Rev,0.05,ept_bridge_out_fraction_greedy,55,1051,17,525.7104662226451
Music-Rev,0.05,ept_bridge_out_fraction_greedy,55,1051,18,574.7448144624168
Music-Rev,0.05,ept_bridge_out_fraction_greedy,55,1051,19,618.5773549000952
Music-Rev,0.05,ept_bridge_out_fraction_greedy,55,1051,20,656.9919124643197
Music-Rev,0.05,ept_bridge_out_fraction_greedy,55,1051,21,690.034253092293
Music-Rev,0.05,ept_bridge_out_fraction_greedy,55,1051,22,718.09324452902
Music-Rev,0.05,ept_bridge_out_fraction_greedy,55,1051,23,741.9520456707897
Music-Rev,0.05,ept_bridge_out_fraction_greedy,55,1051,24,762.3452901998097
Music-Rev,0.05,ept_bridge_out_fraction_greedy,55,1051,25,779.861750713606
Music-Rev,0.05,ept_bridge_broker,55,1051,0,1
Music-Rev,0.05,ept_bridge_broker,55,1051,1,1.9844909609895338
Music-Rev,0.05,ept_bridge_broker,55,1051,2,3.1933396764985726
Music-Rev,0.05,ept_bridge_broker,55,1051,3,5.01988582302569
Music-Rev,0.05,ept_bridge_broker,55,1051,4,7.9745956232159845
Music-Rev,0.05,ept_bridge_broker,55,1051,5,12.472026641294006
Music-Rev,0.05,ept_bridge_broker,55,1051,6,19.459372026641294
Music-Rev,0.05,ept_bridge_broker,55,1051,7,29.863939105613703
Music-Rev,0.05,ept_bridge_broker,55,1051,8,45.44919124643197
Music-Rev,0.05,ept_bridge_broker,55,1051,9,67.26698382492864
Music-Rev,0.05,ept_bridge_broker,55,1051,10,95.90247383444338
Music-Rev,0.05,ept_bridge_broker,55,1051,11,131.25299714557565
Music-Rev,0.05,ept_bridge_broker,55,1051,12,172.55756422454806
Music-Rev,0.05,ept_bridge_broker,55,1051,13,218.51979067554709
Music-Rev,0.05,ept_bridge_broker,55,1051,14,267.84281636536633
Music-Rev,0.05,ept_bridge_broker,55,1051,15,319.07516650808753
Music-Rev,0.05,ept_bridge_broker,55,1051,16,371.208848715509
Music-Rev,0.05,ept_bridge_broker,55,1051,17,422.9862987630828
Music-Rev,0.05,ept_bridge_broker,55,1051,18,473.22359657469076
Music-Rev,0.05,ept_bridge_broker,55,1051,19,521.0905803996194
Music-Rev,0.05,ept_bridge_broker,55,1051,20,565.804186489058
Music-Rev,0.05,ept_bridge_broker,55,1051,21,606.6896289248335
Music-Rev,0.05,ept_bridge_broker,55,1051,22,643.3698382492864
Music-Rev,0.05,ept_bridge_broker,55,1051,23,675.752426260704
Music-Rev,0.05,ept_bridge_broker,55,1051,24,703.9180780209324
Music-Rev,0.05,ept_bridge_broker,55,1051,25,728.4714557564224
Music-Rev,0.05,ept_bridge_broker_greedy,55,1051,0,1
Music-Rev,0.05,ept_bridge_broker_greedy,55,1051,1,1.9881065651760228
Music-Rev,0.05,ept_bridge_broker_greedy,55,1051,2,3.224357754519505
Music-Rev,0.05,ept_bridge_broker_greedy,55,1051,3,5.048334919124644
Music-Rev,0.05,ept_bridge_broker_greedy,55,1051,4,8.036441484300665
Music-Rev,0.05,ept_bridge_broker_greedy,55,1051,5,12.557564224548049
Music-Rev,0.05,ept_bridge_broker_greedy,55,1051,6,19.627021883920076
Music-Rev,0.05,ept_bridge_broker_greedy,55,1051,7,30.22578496669838
Music-Rev,0.05,ept_bridge_broker_greedy,55,1051,8,46.02863939105614
Music-Rev,0.05,ept_bridge_broker_greedy,55,1051,9,68.03396764985727
Music-Rev,0.05,ept_bridge_broker_greedy,55,1051,10,96.95214081826832
Music-Rev,0.05,ept_bridge_broker_greedy,55,1051,11,132.51522359657469
Music-Rev,0.05,ept_bridge_broker_greedy,55,1051,12,174.00884871550903
Music-Rev,0.05,ept_bridge_broker_greedy,55,1051,13,219.57935299714558
Music-Rev,0.05,ept_bridge_broker_greedy,55,1051,14,268.31579448144623
Music-Rev,0.05,ept_bridge_broker_greedy,55,1051,15,318.86317792578495
Music-Rev,0.05,ept_bridge_broker_greedy,55,1051,16,369.94529019980973
Music-Rev,0.05,ept_bridge_broker_greedy,55,1051,17,420.70180780209324
Music-Rev,0.05,ept_bridge_broker_greedy,55,1051,18,470.2372026641294
Music-Rev,0.05,ept_bridge_broker_greedy,55,1051,19,517.4280685061846
Music-Rev,0.05,ept_bridge_broker_greedy,55,1051,20,561.5786869647955
Music-Rev,0.05,ept_bridge_broker_greedy,55,1051,21,602.1375832540438
Music-Rev,0.05,ept_bridge_broker_greedy,55,1051,22,638.6462416745957
Music-Rev,0.05,ept_bridge_broker_greedy,55,1051,23,670.8845861084682
Music-Rev,0.05,ept_bridge_broker_greedy,55,1051,24,699.0486203615604
Music-Rev,0.05,ept_bridge_broker_greedy,55,1051,25,723.4297811607993
Music-Rev,0.05,ept_boundary_ratio,55,1051,0,1
Music-Rev,0.05,ept_boundary_ratio,55,1051,1,2.079162702188392
Music-Rev,0.05,ept_boundary_ratio,55,1051,2,3.4783063748810656
Music-Rev,0.05,ept_boundary_ratio,55,1051,3,5.639961941008563
Music-Rev,0.05,ept_boundary_ratio,55,1051,4,9.412178877259752
Music-Rev,0.05,ept_boundary_ratio,55,1051,5,15.46441484300666
Music-Rev,0.05,ept_boundary_ratio,55,1051,6,25.344624167459564
Music-Rev,0.05,ept_boundary_ratio,55,1051,7,40.969362511893436
Music-Rev,0.05,ept_boundary_ratio,55,1051,8,63.97354900095147
Music-Rev,0.05,ept_boundary_ratio,55,1051,9,95.45299714557564
Music-Rev,0.05,ept_boundary_ratio,55,1051,10,136.03901046622263
Music-Rev,0.05,ept_boundary_ratio,55,1051,11,183.88211227402473
Music-Rev,0.05,ept_boundary_ratio,55,1051,12,236.82616555661275
Music-Rev,0.05,ept_boundary_ratio,55,1051,13,293.40057088487157
Music-Rev,0.05,ept_boundary_ratio,55,1051,14,351.7518553758325
Music-Rev,0.05,ept_boundary_ratio,55,1051,15,409.88353948620363
Music-Rev,0.05,ept_boundary_ratio,55,1051,16,466.1660323501427
Music-Rev,0.05,ept_boundary_ratio,55,1051,17,519.301617507136
Music-Rev,0.05,ept_boundary_ratio,55,1051,18,568.1783063748811
Music-Rev,0.05,ept_boundary_ratio,55,1051,19,612.0713606089439
Music-Rev,0.05,ept_boundary_ratio,55,1051,20,650.7465271170314
Music-Rev,0.05,ept_boundary_ratio,55,1051,21,684.2917221693625
Music-Rev,0.05,ept_boundary_ratio,55,1051,22,713.1066603235014
Music-Rev,0.05,ept_boundary_ratio,55,1051,23,737.758039961941
Music-Rev,0.05,ept_boundary_ratio,55,1051,24,758.8345385347288
Music-Rev,0.05,ept_boundary_ratio,55,1051,25,776.9378686964795
Music-Rev,0.05,ept_boundary_ratio_greedy,55,1051,0,1
Music-Rev,0.05,ept_boundary_ratio_greedy,55,1051,1,2.0784015223596572
Music-Rev,0.05,ept_boundary_ratio_greedy,55,1051,2,3.478116079923882
Music-Rev,0.05,ept_boundary_ratio_greedy,55,1051,3,5.735394862036156
Music-Rev,0.05,ept_boundary_ratio_greedy,55,1051,4,9.549952426260704
Music-Rev,0.05,ept_boundary_ratio_greedy,55,1051,5,15.786489058039962
Music-Rev,0.05,ept_boundary_ratio_greedy,55,1051,6,25.898382492863938
Music-Rev,0.05,ept_boundary_ratio_greedy,55,1051,7,41.955090390104665
Music-Rev,0.05,ept_boundary_ratio_greedy,55,1051,8,65.50723120837297
Music-Rev,0.05,ept_boundary_ratio_greedy,55,1051,9,97.80085632730733
Music-Rev,0.05,ept_boundary_ratio_greedy,55,1051,10,139.023311132255
Music-Rev,0.05,ept_boundary_ratio_greedy,55,1051,11,187.45280685061846
Music-Rev,0.05,ept_boundary_ratio_greedy,55,1051,12,241.2032350142721
Music-Rev,0.05,ept_boundary_ratio_greedy,55,1051,13,298.4872502378687
Music-Rev,0.05,ept_boundary_ratio_greedy,55,1051,14,357.25908658420553
Music-Rev,0.05,ept_boundary_ratio_greedy,55,1051,15,415.92197906755473
Music-Rev,0.05,ept_boundary_ratio_greedy,55,1051,16,472.4577545195052
Music-Rev,0.05,ept_boundary_ratio_greedy,55,1051,17,525.7104662226451
Music-Rev,0.05,ept_boundary_ratio_greedy,55,1051,18,574.7448144624168
Music-Rev,0.05,ept_boundary_ratio_greedy,55,1051,19,618.5773549000952
Music-Rev,0.05,ept_boundary_ratio_greedy,55,1051,20,656.9919124643197
Music-Rev,0.05,ept_boundary_ratio_greedy,55,1051,21,690.034253092293
Music-Rev,0.05,ept_boundary_ratio_greedy,55,1051,22,718.09324452902
Music-Rev,0.05,ept_boundary_ratio_greedy,55,1051,23,741.9520456707897
Music-Rev,0.05,ept_boundary_ratio_greedy,55,1051,24,762.3452901998097
Music-Rev,0.05,ept_boundary_ratio_greedy,55,1051,25,779.861750713606
Music-Rev,0.05,ept_broker_strength,55,1051,0,1
Music-Rev,0.05,ept_broker_strength,55,1051,1,1.9571836346336822
Music-Rev,0.05,ept_broker_strength,55,1051,2,3.1345385347288297
Music-Rev,0.05,ept_broker_strength,55,1051,3,4.8340627973358705
Music-Rev,0.05,ept_broker_strength,55,1051,4,7.592959086584205
Music-Rev,0.05,ept_broker_strength,55,1051,5,11.6790675547098
Music-Rev,0.05,ept_broker_strength,55,1051,6,17.95137963843958
Music-Rev,0.05,ept_broker_strength,55,1051,7,27.290199809705044
Music-Rev,0.05,ept_broker_strength,55,1051,8,41.10713606089438
Music-Rev,0.05,ept_broker_strength,55,1051,9,60.77164605137964
Music-Rev,0.05,ept_broker_strength,55,1051,10,86.79533777354901
Music-Rev,0.05,ept_broker_strength,55,1051,11,119.49019980970505
Music-Rev,0.05,ept_broker_strength,55,1051,12,158.69800190294958
Music-Rev,0.05,ept_broker_strength,55,1051,13,203.31769743101808
Music-Rev,0.05,ept_broker_strength,55,1051,14,252.0870599429115
Music-Rev,0.05,ept_broker_strength,55,1051,15,303.39400570884874
Music-Rev,0.05,ept_broker_strength,55,1051,16,355.96698382492866
Music-Rev,0.05,ept_broker_strength,55,1051,17,408.5322549952426
Music-Rev,0.05,ept_broker_strength,55,1051,18,459.9819219790676
Music-Rev,0.05,ept_broker_strength,55,1051,19,509.0977164605138
Music-Rev,0.05,ept_broker_strength,55,1051,20,555.4333016175071
Music-Rev,0.05,ept_broker_strength,55,1051,21,598.1562321598477
Music-Rev,0.05,ept_broker_strength,55,1051,22,636.729590865842
Music-Rev,0.05,ept_broker_strength,55,1051,23,670.9117031398667
Music-Rev,0.05,ept_broker_strength,55,1051,24,700.8361560418649
Music-Rev,0.05,ept_broker_strength,55,1051,25,726.9010466222645
Music-Rev,0.05,ept_broker_strength_greedy,55,1051,0,1
Music-Rev,0.05,ept_broker_strength_greedy,55,1051,1,1.9563273073263558
Music-Rev,0.05,ept_broker_strength_greedy,55,1051,2,3.136060894386299
Music-Rev,0.05,ept_broker_strength_greedy,55,1051,3,4.822264509990485
Music-Rev,0.05,ept_broker_strength_greedy,55,1051,4,7.5678401522359655
Music-Rev,0.05,ept_broker_strength_greedy,55,1051,5,11.655470980019029
Music-Rev,0.05,ept_broker_strength_greedy,55,1051,6,17.930542340627973
Music-Rev,0.05,ept_broker_strength_greedy,55,1051,7,27.156327307326357
Music-Rev,0.05,ept_broker_strength_greedy,55,1051,8,40.93396764985728
Music-Rev,0.05,ept_broker_strength_greedy,55,1051,9,60.36022835394862
Music-Rev,0.05,ept_broker_strength_greedy,55,1051,10,86.02530922930542
Music-Rev,0.05,ept_broker_strength_greedy,55,1051,11,118.4442435775452
Music-Rev,0.05,ept_broker_strength_greedy,55,1051,12,157.15042816365366
Music-Rev,0.05,ept_broker_strength_greedy,55,1051,13,200.96546146527118
Music-Rev,0.05,ept_broker_strength_greedy,55,1051,14,248.86184586108467
Music-Rev,0.05,ept_broker_strength_greedy,55,1051,15,299.3234062797336
Music-Rev,0.05,ept_broker_strength_greedy,55,1051,16,350.88877259752616
Music-Rev,0.05,ept_broker_strength_greedy,55,1051,17,402.3
Music-Rev,0.05,ept_broker_strength_greedy,55,1051,18,452.9728829686013
Music-Rev,0.05,ept_broker_strength_greedy,55,1051,19,501.67259752616553
Music-Rev,0.05,ept_broker_strength_greedy,55,1051,20,547.5777354900096
Music-Rev,0.05,ept_broker_strength_greedy,55,1051,21,590.3013320647003
Music-Rev,0.05,ept_broker_strength_greedy,55,1051,22,629.1063748810657
Music-Rev,0.05,ept_broker_strength_greedy,55,1051,23,663.864795432921
Music-Rev,0.05,ept_broker_strength_greedy,55,1051,24,694.6169362511894
Music-Rev,0.05,ept_broker_strength_greedy,55,1051,25,721.5584205518554
Music-Rev,0.05,ept_pagerank,55,1051,0,1
Music-Rev,0.05,ept_pagerank,55,1051,1,1.9702188392007611
Music-Rev,0.05,ept_pagerank,55,1051,2,3.215794481446242
Music-Rev,0.05,ept_pagerank,55,1051,3,5.0818268315889625
Music-Rev,0.05,ept_pagerank,55,1051,4,8.15756422454805
Music-Rev,0.05,ept_pagerank,55,1051,5,13.005708848715509
Music-Rev,0.05,ept_pagerank,55,1051,6,20.697145575642246
Music-Rev,0.05,ept_pagerank,55,1051,7,32.619124643196955
Music-Rev,0.05,ept_pagerank,55,1051,8,50.15880114176974
Music-Rev,0.05,ept_pagerank,55,1051,9,73.96489058039963
Music-Rev,0.05,ept_pagerank,55,1051,10,104.68277830637489
Music-Rev,0.05,ept_pagerank,55,1051,11,141.2779257849667
Music-Rev,0.05,ept_pagerank,55,1051,12,181.71550903901047
Music-Rev,0.05,ept_pagerank,55,1051,13,224.2500475737393
Music-Rev,0.05,ept_pagerank,55,1051,14,267.9917221693625
Music-Rev,0.05,ept_pagerank,55,1051,15,312.3546146527117
Music-Rev,0.05,ept_pagerank,55,1051,16,357.02235965746905
Music-Rev,0.05,ept_pagerank,55,1051,17,401.85632730732635
Music-Rev,0.05,ept_pagerank,55,1051,18,446.69562321598477
Music-Rev,0.05,ept_pagerank,55,1051,19,490.54624167459565
Music-Rev,0.05,ept_pagerank,55,1051,20,532.7108468125595
Music-Rev,0.05,ept_pagerank,55,1051,21,572.5698382492864
Music-Rev,0.05,ept_pagerank,55,1051,22,609.3313035204567
Music-Rev,0.05,ept_pagerank,55,1051,23,642.5948620361561
Music-Rev,0.05,ept_pagerank,55,1051,24,672.3032350142721
Music-Rev,0.05,ept_pagerank,55,1051,25,698.5972407231209
Music-Rev,0.05,ept_pagerank_greedy,55,1051,0,1
Music-Rev,0.05,ept_pagerank_greedy,55,1051,1,1.9673644148430067
Music-Rev,0.05,ept_pagerank_greedy,55,1051,2,3.2006660323501426
Music-Rev,0.05,ept_pagerank_greedy,55,1051,3,5.061179828734539
Music-Rev,0.05,ept_pagerank_greedy,55,1051,4,8.069552806850618
Music-Rev,0.05,ept_pagerank_greedy,55,1051,5,12.813796384395813
Music-Rev,0.05,ept_pagerank_greedy,55,1051,6,20.306945765937204
Music-Rev,0.05,ept_pagerank_greedy,55,1051,7,31.80256898192198
Music-Rev,0.05,ept_pagerank_greedy,55,1051,8,48.925975261655566
Music-Rev,0.05,ept_pagerank_greedy,55,1051,9,72.27155090390104
Music-Rev,0.05,ept_pagerank_greedy,55,1051,10,102.39429115128449
Music-Rev,0.05,ept_pagerank_greedy,55,1051,11,138.8141769743102
Music-Rev,0.05,ept_pagerank_greedy,55,1051,12,179.53406279733588
Music-Rev,0.05,ept_pagerank_greedy,55,1051,13,222.62169362511892
Music-Rev,0.05,ept_pagerank_greedy,55,1051,14,267.5904852521408
Music-Rev,0.05,ept_pagerank_greedy,55,1051,15,313.2021883920076
Music-Rev,0.05,ept_pagerank_greedy,55,1051,16,359.1023786869648
Music-Rev,0.05,ept_pagerank_greedy,55,1051,17,404.8245480494767
Music-Rev,0.05,ept_pagerank_greedy,55,1051,18,450.11351094196004
Music-Rev,0.05,ept_pagerank_greedy,55,1051,19,494.08572787821123
Music-Rev,0.05,ept_pagerank_greedy,55,1051,20,536.0701236917222
Music-Rev,0.05,ept_pagerank_greedy,55,1051,21,575.423311132255
Music-Rev,0.05,ept_pagerank_greedy,55,1051,22,611.4779257849667
Music-Rev,0.05,ept_pagerank_greedy,55,1051,23,643.9168411037108
Music-Rev,0.05,ept_pagerank_greedy,55,1051,24,672.4856327307326
Music-Rev,0.05,ept_pagerank_greedy,55,1051,25,697.4769743101808
Music-Rev,0.05,ept_total_strength,55,1051,0,1
Music-Rev,0.05,ept_total_strength,55,1051,1,1.9499524262607042
Music-Rev,0.05,ept_total_strength,55,1051,2,3.0955280685061846
Music-Rev,0.05,ept_total_strength,55,1051,3,4.761750713606089
Music-Rev,0.05,ept_total_strength,55,1051,4,7.463653663177926
Music-Rev,0.05,ept_total_strength,55,1051,5,11.455756422454805
Music-Rev,0.05,ept_total_strength,55,1051,6,17.69219790675547
Music-Rev,0.05,ept_total_strength,55,1051,7,26.87630827783064
Music-Rev,0.05,ept_total_strength,55,1051,8,40.59134157944815
Music-Rev,0.05,ept_total_strength,55,1051,9,60.05623215984777
Music-Rev,0.05,ept_total_strength,55,1051,10,85.74624167459562
Music-Rev,0.05,ept_total_strength,55,1051,11,118.15176022835395
Music-Rev,0.05,ept_total_strength,55,1051,12,156.87944814462418
Music-Rev,0.05,ept_total_strength,55,1051,13,200.68420551855377
Music-Rev,0.05,ept_total_strength,55,1051,14,248.08801141769743
Music-Rev,0.05,ept_total_strength,55,1051,15,297.8884871550904
Music-Rev,0.05,ept_total_strength,55,1051,16,348.8870599429115
Music-Rev,0.05,ept_total_strength,55,1051,17,399.9396764985728
Music-Rev,0.05,ept_total_strength,55,1051,18,450.00951474785916
Music-Rev,0.05,ept_total_strength,55,1051,19,498.2706945765937
Music-Rev,0.05,ept_total_strength,55,1051,20,543.8587059942912
Music-Rev,0.05,ept_total_strength,55,1051,21,586.1394862036157
Music-Rev,0.05,ept_total_strength,55,1051,22,624.9688867745004
Music-Rev,0.05,ept_total_strength,55,1051,23,659.8486203615604
Music-Rev,0.05,ept_total_strength,55,1051,24,690.6836346336822
Music-Rev,0.05,ept_total_strength,55,1051,25,717.8143672692673
Music-Rev,0.05,ept_total_strength_greedy,55,1051,0,1
Music-Rev,0.05,ept_total_strength_greedy,55,1051,1,1.951094196003806
Music-Rev,0.05,ept_total_strength_greedy,55,1051,2,3.1085632730732637
Music-Rev,0.05,ept_total_strength_greedy,55,1051,3,4.8062797335870595
Music-Rev,0.05,ept_total_strength_greedy,55,1051,4,7.53615604186489
Music-Rev,0.05,ept_total_strength_greedy,55,1051,5,11.632635585156994
Music-Rev,0.05,ept_total_strength_greedy,55,1051,6,17.97174119885823
Music-Rev,0.05,ept_total_strength_greedy,55,1051,7,27.39847764034253
Music-Rev,0.05,ept_total_strength_greedy,55,1051,8,41.399714557564224
Music-Rev,0.05,ept_total_strength_greedy,55,1051,9,60.92740247383444
Music-Rev,0.05,ept_total_strength_greedy,55,1051,10,86.82521408182683
Music-Rev,0.05,ept_total_strength_greedy,55,1051,11,119.0861084681256
Music-Rev,0.05,ept_total_strength_greedy,55,1051,12,157.06945765937203
Music-Rev,0.05,ept_total_strength_greedy,55,1051,13,199.64690770694577
Music-Rev,0.05,ept_total_strength_greedy,55,1051,14,245.38553758325403
Music-Rev,0.05,ept_total_strength_greedy,55,1051,15,293.29381541389154
Music-Rev,0.05,ept_total_strength_greedy,55,1051,16,342.1824928639391
Music-Rev,0.05,ept_total_strength_greedy,55,1051,17,391.1967649857279
Music-Rev,0.05,ept_total_strength_greedy,55,1051,18,439.58858230256897
Music-Rev,0.05,ept_total_strength_greedy,55,1051,19,486.7917221693625
Music-Rev,0.05,ept_total_strength_greedy,55,1051,20,531.8754519505233
Music-Rev,0.05,ept_total_strength_greedy,55,1051,21,574.3190294957184
Music-Rev,0.05,ept_total_strength_greedy,55,1051,22,613.9304471931493
Music-Rev,0.05,ept_total_strength_greedy,55,1051,23,649.8190294957184
Music-Rev,0.05,ept_total_strength_greedy,55,1051,24,681.6344433872503
Music-Rev,0.05,ept_total_strength_greedy,55,1051,25,709.563177925785
Music-Rev,0.05,ept_out_strength,55,1051,0,1
Music-Rev,0.05,ept_out_strength,55,1051,1,2.036060894386299
Music-Rev,0.05,ept_out_strength,55,1051,2,3.3304471931493818
Music-Rev,0.05,ept_out_strength,55,1051,3,5.310941960038059
Music-Rev,0.05,ept_out_strength,55,1051,4,8.61883920076118
Music-Rev,0.05,ept_out_strength,55,1051,5,13.800190294957183
Music-Rev,0.05,ept_out_strength,55,1051,6,21.91636536631779
Music-Rev,0.05,ept_out_strength,55,1051,7,34.55775451950523
Music-Rev,0.05,ept_out_strength,55,1051,8,53.795718363463365
Music-Rev,0.05,ept_out_strength,55,1051,9,80.95708848715509
Music-Rev,0.05,ept_out_strength,55,1051,10,116.62121788772598
Music-Rev,0.05,ept_out_strength,55,1051,11,161.36917221693625
Music-Rev,0.05,ept_out_strength,55,1051,12,214.0802093244529
Music-Rev,0.05,ept_out_strength,55,1051,13,272.62702188392007
Music-Rev,0.05,ept_out_strength,55,1051,14,334.58097050428165
Music-Rev,0.05,ept_out_strength,55,1051,15,397.5730732635585
Music-Rev,0.05,ept_out_strength,55,1051,16,459.1989533777355
Music-Rev,0.05,ept_out_strength,55,1051,17,516.8619410085632
Music-Rev,0.05,ept_out_strength,55,1051,18,569.1446241674596
Music-Rev,0.05,ept_out_strength,55,1051,19,615.2780209324453
Music-Rev,0.05,ept_out_strength,55,1051,20,655.07364414843
Music-Rev,0.05,ept_out_strength,55,1051,21,689.151284490961
Music-Rev,0.05,ept_out_strength,55,1051,22,718.0985727878211
Music-Rev,0.05,ept_out_strength,55,1051,23,742.8940057088487
Music-Rev,0.05,ept_out_strength,55,1051,24,764.1411037107516
Music-Rev,0.05,ept_out_strength,55,1051,25,782.4610846812559
Music-Rev,0.05,ept_out_strength_greedy,55,1051,0,1
Music-Rev,0.05,ept_out_strength_greedy,55,1051,1,2.0332064700285444
Music-Rev,0.05,ept_out_strength_greedy,55,1051,2,3.355280685061846
Music-Rev,0.05,ept_out_strength_greedy,55,1051,3,5.370504281636537
Music-Rev,0.05,ept_out_strength_greedy,55,1051,4,8.739961941008563
Music-Rev,0.05,ept_out_strength_greedy,55,1051,5,13.964034253092294
Music-Rev,0.05,ept_out_strength_greedy,55,1051,6,22.136346336822076
Music-Rev,0.05,ept_out_strength_greedy,55,1051,7,34.81912464319696
Music-Rev,0.05,ept_out_strength_greedy,55,1051,8,54.095908658420555
Music-Rev,0.05,ept_out_strength_greedy,55,1051,9,81.17497621313035
Music-Rev,0.05,ept_out_strength_greedy,55,1051,10,116.71189343482398
Music-Rev,0.05,ept_out_strength_greedy,55,1051,11,161.17288296860133
Music-Rev,0.05,ept_out_strength_greedy,55,1051,12,213.66936251189344
Music-Rev,0.05,ept_out_strength_greedy,55,1051,13,271.87725975261657
Music-Rev,0.05,ept_out_strength_greedy,55,1051,14,333.3371075166508
Music-Rev,0.05,ept_out_strength_greedy,55,1051,15,396.28192197906753
Music-Rev,0.05,ept_out_strength_greedy,55,1051,16,457.89381541389156
Music-Rev,0.05,ept_out_strength_greedy,55,1051,17,515.4110371075167
Music-Rev,0.05,ept_out_strength_greedy,55,1051,18,567.821217887726
Music-Rev,0.05,ept_out_strength_greedy,55,1051,19,614.1011417697431
Music-Rev,0.05,ept_out_strength_greedy,55,1051,20,654.1252140818268
Music-Rev,0.05,ept_out_strength_greedy,55,1051,21,688.3216936251189
Music-Rev,0.05,ept_out_strength_greedy,55,1051,22,717.3654614652712
Music-Rev,0.05,ept_out_strength_greedy,55,1051,23,742.0407231208372
Music-Rev,0.05,ept_out_strength_greedy,55,1051,24,763.234728829686
Music-Rev,0.05,ept_out_strength_greedy,55,1051,25,781.5193149381541
Music-Rev,0.1,degree,110,996,0,1
Music-Rev,0.1,degree,110,996,1,1.8732931726907631
Music-Rev,0.1,degree,110,996,2,2.9269076305220882
Music-Rev,0.1,degree,110,996,3,4.498092369477912
Music-Rev,0.1,degree,110,996,4,6.933433734939759
Music-Rev,0.1,degree,110,996,5,10.60773092369478
Music-Rev,0.1,degree,110,996,6,16.299096385542168
Music-Rev,0.1,degree,110,996,7,24.921285140562247
Music-Rev,0.1,degree,110,996,8,37.519076305220885
Music-Rev,0.1,degree,110,996,9,54.55120481927711
Music-Rev,0.1,degree,110,996,10,76.33423694779117
Music-Rev,0.1,degree,110,996,11,102.27841365461848
Music-Rev,0.1,degree,110,996,12,131.43152610441766
Music-Rev,0.1,degree,110,996,13,161.83604417670682
Music-Rev,0.1,degree,110,996,14,191.9914658634538
Music-Rev,0.1,degree,110,996,15,220.935140562249
Music-Rev,0.1,degree,110,996,16,248.36495983935743
Music-Rev,0.1,degree,110,996,17,274.6668674698795
Music-Rev,0.1,degree,110,996,18,299.735843373494
Music-Rev,0.1,degree,110,996,19,324.1525100401606
Music-Rev,0.1,degree,110,996,20,348.50321285140564
Music-Rev,0.1,degree,110,996,21,373.3121485943775
Music-Rev,0.1,degree,110,996,22,398.811546184739
Music-Rev,0.1,degree,110,996,23,425.28212851405624
Music-Rev,0.1,degree,110,996,24,452.6237951807229
Music-Rev,0.1,degree,110,996,25,480.7380522088353
Music-Rev,0.1,degree_greedy,110,996,0,1
Music-Rev,0.1,degree_greedy,110,996,1,1.8667670682730924
Music-Rev,0.1,degree_greedy,110,996,2,2.917971887550201
Music-Rev,0.1,degree_greedy,110,996,3,4.453714859437751
Music-Rev,0.1,degree_greedy,110,996,4,6.8186746987951805
Music-Rev,0.1,degree_greedy,110,996,5,10.310140562248996
Music-Rev,0.1,degree_greedy,110,996,6,15.603413654618475
Music-Rev,0.1,degree_greedy,110,996,7,23.35471887550201
Music-Rev,0.1,degree_greedy,110,996,8,34.7179718875502
Music-Rev,0.1,degree_greedy,110,996,9,50.23965863453815
Music-Rev,0.1,degree_greedy,110,996,10,70.12821285140562
Music-Rev,0.1,degree_greedy,110,996,11,94.36295180722891
Music-Rev,0.1,degree_greedy,110,996,12,122.13734939759036
Music-Rev,0.1,degree_greedy,110,996,13,152.0140562248996
Music-Rev,0.1,degree_greedy,110,996,14,182.3125502008032
Music-Rev,0.1,degree_greedy,110,996,15,211.9734939759036
Music-Rev,0.1,degree_greedy,110,996,16,240.6222891566265
Music-Rev,0.1,degree_greedy,110,996,17,268.2167670682731
Music-Rev,0.1,degree_greedy,110,996,18,294.6546184738956
Music-Rev,0.1,degree_greedy,110,996,19,320.3781124497992
Music-Rev,0.1,degree_greedy,110,996,20,345.8980923694779
Music-Rev,0.1,degree_greedy,110,996,21,371.52630522088356
Music-Rev,0.1,degree_greedy,110,996,22,397.5940763052209
Music-Rev,0.1,degree_greedy,110,996,23,424.1849397590361
Music-Rev,0.1,degree_greedy,110,996,24,451.440562248996
Music-Rev,0.1,degree_greedy,110,996,25,479.17690763052207
Music-Rev,0.1,hyperdegree,110,996,0,1
Music-Rev,0.1,hyperdegree,110,996,1,1.9171686746987953
Music-Rev,0.1,hyperdegree,110,996,2,3.0955823293172693
Music-Rev,0.1,hyperdegree,110,996,3,4.895582329317269
Music-Rev,0.1,hyperdegree,110,996,4,7.806124497991968
Music-Rev,0.1,hyperdegree,110,996,5,12.34347389558233
Music-Rev,0.1,hyperdegree,110,996,6,19.47469879518072
Music-Rev,0.1,hyperdegree,110,996,7,30.372791164658633
Music-Rev,0.1,hyperdegree,110,996,8,46.45180722891566
Music-Rev,0.1,hyperdegree,110,996,9,67.75281124497992
Music-Rev,0.1,hyperdegree,110,996,10,94.7820281124498
Music-Rev,0.1,hyperdegree,110,996,11,126.85803212851405
Music-Rev,0.1,hyperdegree,110,996,12,162.46706827309237
Music-Rev,0.1,hyperdegree,110,996,13,199.81084337349398
Music-Rev,0.1,hyperdegree,110,996,14,237.96224899598394
Music-Rev,0.1,hyperdegree,110,996,15,276.89246987951805
Music-Rev,0.1,hyperdegree,110,996,16,315.9969879518072
Music-Rev,0.1,hyperdegree,110,996,17,355.40652610441765
Music-Rev,0.1,hyperdegree,110,996,18,394.595281124498
Music-Rev,0.1,hyperdegree,110,996,19,433.6927710843373
Music-Rev,0.1,hyperdegree,110,996,20,471.74738955823295
Music-Rev,0.1,hyperdegree,110,996,21,507.8954819277108
Music-Rev,0.1,hyperdegree,110,996,22,541.631124497992
Music-Rev,0.1,hyperdegree,110,996,23,572.675702811245
Music-Rev,0.1,hyperdegree,110,996,24,600.7510040160643
Music-Rev,0.1,hyperdegree,110,996,25,625.8254016064257
Music-Rev,0.1,hyperdegree_greedy,110,996,0,1
Music-Rev,0.1,hyperdegree_greedy,110,996,1,1.9171686746987953
Music-Rev,0.1,hyperdegree_greedy,110,996,2,3.0955823293172693
Music-Rev,0.1,hyperdegree_greedy,110,996,3,4.895582329317269
Music-Rev,0.1,hyperdegree_greedy,110,996,4,7.806124497991968
Music-Rev,0.1,hyperdegree_greedy,110,996,5,12.34347389558233
Music-Rev,0.1,hyperdegree_greedy,110,996,6,19.47469879518072
Music-Rev,0.1,hyperdegree_greedy,110,996,7,30.372791164658633
Music-Rev,0.1,hyperdegree_greedy,110,996,8,46.45180722891566
Music-Rev,0.1,hyperdegree_greedy,110,996,9,67.75281124497992
Music-Rev,0.1,hyperdegree_greedy,110,996,10,94.7820281124498
Music-Rev,0.1,hyperdegree_greedy,110,996,11,126.85803212851405
Music-Rev,0.1,hyperdegree_greedy,110,996,12,162.46706827309237
Music-Rev,0.1,hyperdegree_greedy,110,996,13,199.81084337349398
Music-Rev,0.1,hyperdegree_greedy,110,996,14,237.96224899598394
Music-Rev,0.1,hyperdegree_greedy,110,996,15,276.89246987951805
Music-Rev,0.1,hyperdegree_greedy,110,996,16,315.9969879518072
Music-Rev,0.1,hyperdegree_greedy,110,996,17,355.40652610441765
Music-Rev,0.1,hyperdegree_greedy,110,996,18,394.595281124498
Music-Rev,0.1,hyperdegree_greedy,110,996,19,433.6927710843373
Music-Rev,0.1,hyperdegree_greedy,110,996,20,471.74738955823295
Music-Rev,0.1,hyperdegree_greedy,110,996,21,507.8954819277108
Music-Rev,0.1,hyperdegree_greedy,110,996,22,541.631124497992
Music-Rev,0.1,hyperdegree_greedy,110,996,23,572.675702811245
Music-Rev,0.1,hyperdegree_greedy,110,996,24,600.7510040160643
Music-Rev,0.1,hyperdegree_greedy,110,996,25,625.8254016064257
Music-Rev,0.1,random,110,996,0,1
Music-Rev,0.1,random,110,996,1,2.0390562248995985
Music-Rev,0.1,random,110,996,2,3.3940763052208833
Music-Rev,0.1,random,110,996,3,5.455823293172691
Music-Rev,0.1,random,110,996,4,8.90652610441767
Music-Rev,0.1,random,110,996,5,14.347690763052208
Music-Rev,0.1,random,110,996,6,22.958534136546184
Music-Rev,0.1,random,110,996,7,36.39558232931727
Music-Rev,0.1,random,110,996,8,56.31104417670683
Music-Rev,0.1,random,110,996,9,83.48182730923695
Music-Rev,0.1,random,110,996,10,118.90803212851405
Music-Rev,0.1,random,110,996,11,161.8019076305221
Music-Rev,0.1,random,110,996,12,210.44076305220884
Music-Rev,0.1,random,110,996,13,263.19508032128516
Music-Rev,0.1,random,110,996,14,318.40833333333336
Music-Rev,0.1,random,110,996,15,374.31957831325303
Music-Rev,0.1,random,110,996,16,429.55823293172693
Music-Rev,0.1,random,110,996,17,482.22831325301206
Music-Rev,0.1,random,110,996,18,530.7688755020081
Music-Rev,0.1,random,110,996,19,574.381124497992
Music-Rev,0.1,random,110,996,20,612.722389558233
Music-Rev,0.1,random,110,996,21,645.7001004016064
Music-Rev,0.1,random,110,996,22,673.8231927710843
Music-Rev,0.1,random,110,996,23,697.6299196787148
Music-Rev,0.1,random,110,996,24,717.7214859437751
Music-Rev,0.1,random,110,996,25,734.8786144578313
Music-Rev,0.1,random_greedy,110,996,0,1
Music-Rev,0.1,random_greedy,110,996,1,2.0292168674698794
Music-Rev,0.1,random_greedy,110,996,2,3.3387550200803213
Music-Rev,0.1,random_greedy,110,996,3,5.373192771084337
Music-Rev,0.1,random_greedy,110,996,4,8.785843373493975
Music-Rev,0.1,random_greedy,110,996,5,14.215060240963856
Music-Rev,0.1,random_greedy,110,996,6,22.837248995983934
Music-Rev,0.1,random_greedy,110,996,7,36.092570281124495
Music-Rev,0.1,random_greedy,110,996,8,55.93674698795181
Music-Rev,0.1,random_greedy,110,996,9,83.28765060240964
Music-Rev,0.1,random_greedy,110,996,10,119.01546184738956
Music-Rev,0.1,random_greedy,110,996,11,162.52068273092368
Music-Rev,0.1,random_greedy,110,996,12,211.905421686747
Music-Rev,0.1,random_greedy,110,996,13,265.63604417670683
Music-Rev,0.1,random_greedy,110,996,14,321.9413654618474
Music-Rev,0.1,random_greedy,110,996,15,378.543875502008
Music-Rev,0.1,random_greedy,110,996,16,433.9003012048193
Music-Rev,0.1,random_greedy,110,996,17,486.3679718875502
Music-Rev,0.1,random_greedy,110,996,18,534.4659638554217
Music-Rev,0.1,random_greedy,110,996,19,577.2027108433734
Music-Rev,0.1,random_greedy,110,996,20,614.5670682730923
Music-Rev,0.1,random_greedy,110,996,21,646.3969879518072
Music-Rev,0.1,random_greedy,110,996,22,673.4289156626506
Music-Rev,0.1,random_greedy,110,996,23,696.3488955823293
Music-Rev,0.1,random_greedy,110,996,24,715.8336345381526
Music-Rev,0.1,random_greedy,110,996,25,732.3770080321285
Music-Rev,0.1,avg_hyperedge_size,110,996,0,1
Music-Rev,0.1,avg_hyperedge_size,110,996,1,1.9493975903614458
Music-Rev,0.1,avg_hyperedge_size,110,996,2,3.1450803212851404
Music-Rev,0.1,avg_hyperedge_size,110,996,3,4.850301204819277
Music-Rev,0.1,avg_hyperedge_size,110,996,4,7.644377510040161
Music-Rev,0.1,avg_hyperedge_size,110,996,5,11.889759036144579
Music-Rev,0.1,avg_hyperedge_size,110,996,6,18.358734939759035
Music-Rev,0.1,avg_hyperedge_size,110,996,7,28.037048192771085
Music-Rev,0.1,avg_hyperedge_size,110,996,8,42.71957831325301
Music-Rev,0.1,avg_hyperedge_size,110,996,9,63.882630522088355
Music-Rev,0.1,avg_hyperedge_size,110,996,10,91.77429718875501
Music-Rev,0.1,avg_hyperedge_size,110,996,11,126.91445783132531
Music-Rev,0.1,avg_hyperedge_size,110,996,12,169.39246987951807
Music-Rev,0.1,avg_hyperedge_size,110,996,13,218.29427710843373
Music-Rev,0.1,avg_hyperedge_size,110,996,14,271.30532128514056
Music-Rev,0.1,avg_hyperedge_size,110,996,15,326.6816265060241
Music-Rev,0.1,avg_hyperedge_size,110,996,16,382.28704819277107
Music-Rev,0.1,avg_hyperedge_size,110,996,17,436.3934738955823
Music-Rev,0.1,avg_hyperedge_size,110,996,18,487.32730923694777
Music-Rev,0.1,avg_hyperedge_size,110,996,19,533.8863453815261
Music-Rev,0.1,avg_hyperedge_size,110,996,20,575.3918674698796
Music-Rev,0.1,avg_hyperedge_size,110,996,21,611.5567269076305
Music-Rev,0.1,avg_hyperedge_size,110,996,22,642.8808232931727
Music-Rev,0.1,avg_hyperedge_size,110,996,23,669.9147590361446
Music-Rev,0.1,avg_hyperedge_size,110,996,24,693.0871485943775
Music-Rev,0.1,avg_hyperedge_size,110,996,25,713.2896586345381
Music-Rev,0.1,avg_hyperedge_size_greedy,110,996,0,1
Music-Rev,0.1,avg_hyperedge_size_greedy,110,996,1,1.944879518072289
Music-Rev,0.1,avg_hyperedge_size_greedy,110,996,2,3.1159638554216866
Music-Rev,0.1,avg_hyperedge_size_greedy,110,996,3,4.767670682730924
Music-Rev,0.1,avg_hyperedge_size_greedy,110,996,4,7.454016064257028
Music-Rev,0.1,avg_hyperedge_size_greedy,110,996,5,11.564457831325301
Music-Rev,0.1,avg_hyperedge_size_greedy,110,996,6,17.830321285140563
Music-Rev,0.1,avg_hyperedge_size_greedy,110,996,7,27.088654618473896
Music-Rev,0.1,avg_hyperedge_size_greedy,110,996,8,41.261546184738954
Music-Rev,0.1,avg_hyperedge_size_greedy,110,996,9,61.67961847389558
Music-Rev,0.1,avg_hyperedge_size_greedy,110,996,10,88.87670682730923
Music-Rev,0.1,avg_hyperedge_size_greedy,110,996,11,123.1808232931727
Music-Rev,0.1,avg_hyperedge_size_greedy,110,996,12,164.96867469879518
Music-Rev,0.1,avg_hyperedge_size_greedy,110,996,13,213.14437751004016
Music-Rev,0.1,avg_hyperedge_size_greedy,110,996,14,265.5798192771084
Music-Rev,0.1,avg_hyperedge_size_greedy,110,996,15,320.6900602409639
Music-Rev,0.1,avg_hyperedge_size_greedy,110,996,16,376.19397590361444
Music-Rev,0.1,avg_hyperedge_size_greedy,110,996,17,430.1890562248996
Music-Rev,0.1,avg_hyperedge_size_greedy,110,996,18,481.32088353413656
Music-Rev,0.1,avg_hyperedge_size_greedy,110,996,19,528.2596385542168
Music-Rev,0.1,avg_hyperedge_size_greedy,110,996,20,570.1303212851406
Music-Rev,0.1,avg_hyperedge_size_greedy,110,996,21,606.7794176706827
Music-Rev,0.1,avg_hyperedge_size_greedy,110,996,22,638.4873493975904
Music-Rev,0.1,avg_hyperedge_size_greedy,110,996,23,665.9289156626506
Music-Rev,0.1,avg_hyperedge_size_greedy,110,996,24,689.3598393574297
Music-Rev,0.1,avg_hyperedge_size_greedy,110,996,25,709.845281124498
Music-Rev,0.1,count_communities_in_hedges,110,996,0,1
Music-Rev,0.1,count_communities_in_hedges,110,996,1,1.9392570281124497
Music-Rev,0.1,count_communities_in_hedges,110,996,2,3.075903614457831
Music-Rev,0.1,count_communities_in_hedges,110,996,3,4.85933734939759
Music-Rev,0.1,count_communities_in_hedges,110,996,4,7.737650602409639
Music-Rev,0.1,count_communities_in_hedges,110,996,5,12.21355421686747
Music-Rev,0.1,count_communities_in_hedges,110,996,6,19.303413654618474
Music-Rev,0.1,count_communities_in_hedges,110,996,7,30.21546184738956
Music-Rev,0.1,count_communities_in_hedges,110,996,8,46.268775100401605
Music-Rev,0.1,count_communities_in_hedges,110,996,9,67.42409638554217
Music-Rev,0.1,count_communities_in_hedges,110,996,10,93.84929718875502
Music-Rev,0.1,count_communities_in_hedges,110,996,11,124.32359437751003
Music-Rev,0.1,count_communities_in_hedges,110,996,12,156.6519076305221
Music-Rev,0.1,count_communities_in_hedges,110,996,13,188.62138554216867
Music-Rev,0.1,count_communities_in_hedges,110,996,14,218.76676706827308
Music-Rev,0.1,count_communities_in_hedges,110,996,15,246.3406626506024
Music-Rev,0.1,count_communities_in_hedges,110,996,16,271.3694779116466
Music-Rev,0.1,count_communities_in_hedges,110,996,17,294.3370481927711
Music-Rev,0.1,count_communities_in_hedges,110,996,18,315.9194779116466
Music-Rev,0.1,count_communities_in_hedges,110,996,19,336.5819277108434
Music-Rev,0.1,count_communities_in_hedges,110,996,20,356.7627510040161
Music-Rev,0.1,count_communities_in_hedges,110,996,21,377.09578313253013
Music-Rev,0.1,count_communities_in_hedges,110,996,22,398.1132530120482
Music-Rev,0.1,count_communities_in_hedges,110,996,23,420.00371485943776
Music-Rev,0.1,count_communities_in_hedges,110,996,24,442.9915662650602
Music-Rev,0.1,count_communities_in_hedges,110,996,25,466.85491967871485
Music-Rev,0.1,count_communities_in_hedges_greedy,110,996,0,1
Music-Rev,0.1,count_communities_in_hedges_greedy,110,996,1,1.9332329317269077
Music-Rev,0.1,count_communities_in_hedges_greedy,110,996,2,3.1098393574297187
Music-Rev,0.1,count_communities_in_hedges_greedy,110,996,3,4.92781124497992
Music-Rev,0.1,count_communities_in_hedges_greedy,110,996,4,7.81566265060241
Music-Rev,0.1,count_communities_in_hedges_greedy,110,996,5,12.394979919678715
Music-Rev,0.1,count_communities_in_hedges_greedy,110,996,6,19.61937751004016
Music-Rev,0.1,count_communities_in_hedges_greedy,110,996,7,30.622991967871485
Music-Rev,0.1,count_communities_in_hedges_greedy,110,996,8,46.683534136546186
Music-Rev,0.1,count_communities_in_hedges_greedy,110,996,9,67.95712851405622
Music-Rev,0.1,count_communities_in_hedges_greedy,110,996,10,94.28182730923695
Music-Rev,0.1,count_communities_in_hedges_greedy,110,996,11,124.81134538152611
Music-Rev,0.1,count_communities_in_hedges_greedy,110,996,12,156.74518072289158
Music-Rev,0.1,count_communities_in_hedges_greedy,110,996,13,188.139859437751
Music-Rev,0.1,count_communities_in_hedges_greedy,110,996,14,217.46495983935742
Music-Rev,0.1,count_communities_in_hedges_greedy,110,996,15,243.90532128514056
Music-Rev,0.1,count_communities_in_hedges_greedy,110,996,16,267.1814257028112
Music-Rev,0.1,count_communities_in_hedges_greedy,110,996,17,287.61827309236946
Music-Rev,0.1,count_communities_in_hedges_greedy,110,996,18,305.96034136546183
Music-Rev,0.1,count_communities_in_hedges_greedy,110,996,19,322.3600401606426
Music-Rev,0.1,count_communities_in_hedges_greedy,110,996,20,337.3065261044177
Music-Rev,0.1,count_communities_in_hedges_greedy,110,996,21,351.2191767068273
Music-Rev,0.1,count_communities_in_hedges_greedy,110,996,22,364.4917670682731
Music-Rev,0.1,count_communities_in_hedges_greedy,110,996,23,377.3664658634538
Music-Rev,0.1,count_communities_in_hedges_greedy,110,996,24,390.1532128514056
Music-Rev,0.1,count_communities_in_hedges_greedy,110,996,25,403.18744979919677
Music-Rev,0.1,count_ic_hedges,110,996,0,1
Music-Rev,0.1,count_ic_hedges,110,996,1,1.9623493975903614
Music-Rev,0.1,count_ic_hedges,110,996,2,3.16285140562249
Music-Rev,0.1,count_ic_hedges,110,996,3,5.070883534136546
Music-Rev,0.1,count_ic_hedges,110,996,4,8.122489959839358
Music-Rev,0.1,count_ic_hedges,110,996,5,13.037751004016064
Music-Rev,0.1,count_ic_hedges,110,996,6,20.79979919678715
Music-Rev,0.1,count_ic_hedges,110,996,7,33.00190763052209
Music-Rev,0.1,count_ic_hedges,110,996,8,50.80542168674699
Music-Rev,0.1,count_ic_hedges,110,996,9,74.62570281124498
Music-Rev,0.1,count_ic_hedges,110,996,10,104.69658634538153
Music-Rev,0.1,count_ic_hedges,110,996,11,139.66154618473897
Music-Rev,0.1,count_ic_hedges,110,996,12,177.41696787148595
Music-Rev,0.1,count_ic_hedges,110,996,13,215.68263052208835
Music-Rev,0.1,count_ic_hedges,110,996,14,253.69718875502008
Music-Rev,0.1,count_ic_hedges,110,996,15,291.11777108433733
Music-Rev,0.1,count_ic_hedges,110,996,16,327.88885542168674
Music-Rev,0.1,count_ic_hedges,110,996,17,364.56275100401604
Music-Rev,0.1,count_ic_hedges,110,996,18,401.39387550200803
Music-Rev,0.1,count_ic_hedges,110,996,19,438.0395582329317
Music-Rev,0.1,count_ic_hedges,110,996,20,474.2408634538153
Music-Rev,0.1,count_ic_hedges,110,996,21,509.1226907630522
Music-Rev,0.1,count_ic_hedges,110,996,22,542.4475903614458
Music-Rev,0.1,count_ic_hedges,110,996,23,573.6291164658635
Music-Rev,0.1,count_ic_hedges,110,996,24,602.2917670682731
Music-Rev,0.1,count_ic_hedges,110,996,25,628.55
Music-Rev,0.1,count_ic_hedges_greedy,110,996,0,1
Music-Rev,0.1,count_ic_hedges_greedy,110,996,1,1.8745983935742971
Music-Rev,0.1,count_ic_hedges_greedy,110,996,2,2.9643574297188753
Music-Rev,0.1,count_ic_hedges_greedy,110,996,3,4.5914658634538155
Music-Rev,0.1,count_ic_hedges_greedy,110,996,4,7.092269076305221
Music-Rev,0.1,count_ic_hedges_greedy,110,996,5,10.94437751004016
Music-Rev,0.1,count_ic_hedges_greedy,110,996,6,16.79226907630522
Music-Rev,0.1,count_ic_hedges_greedy,110,996,7,25.61636546184739
Music-Rev,0.1,count_ic_hedges_greedy,110,996,8,38.40582329317269
Music-Rev,0.1,count_ic_hedges_greedy,110,996,9,55.52168674698795
Music-Rev,0.1,count_ic_hedges_greedy,110,996,10,77.3589357429719
Music-Rev,0.1,count_ic_hedges_greedy,110,996,11,103.46224899598394
Music-Rev,0.1,count_ic_hedges_greedy,110,996,12,132.57489959839359
Music-Rev,0.1,count_ic_hedges_greedy,110,996,13,163.07018072289156
Music-Rev,0.1,count_ic_hedges_greedy,110,996,14,193.3378514056225
Music-Rev,0.1,count_ic_hedges_greedy,110,996,15,222.51536144578313
Music-Rev,0.1,count_ic_hedges_greedy,110,996,16,250.30491967871487
Music-Rev,0.1,count_ic_hedges_greedy,110,996,17,276.82660642570283
Music-Rev,0.1,count_ic_hedges_greedy,110,996,18,302.1906626506024
Music-Rev,0.1,count_ic_hedges_greedy,110,996,19,326.87479919678714
Music-Rev,0.1,count_ic_hedges_greedy,110,996,20,351.3376506024096
Music-Rev,0.1,count_ic_hedges_greedy,110,996,21,376.0270080321285
Music-Rev,0.1,count_ic_hedges_greedy,110,996,22,401.26305220883535
Music-Rev,0.1,count_ic_hedges_greedy,110,996,23,427.2254016064257
Music-Rev,0.1,count_ic_hedges_greedy,110,996,24,453.9070281124498
Music-Rev,0.1,count_ic_hedges_greedy,110,996,25,481.15833333333336
Music-Rev,0.1,responsibility_weighted_hdeg,110,996,0,1
Music-Rev,0.1,responsibility_weighted_hdeg,110,996,1,1.9166666666666667
Music-Rev,0.1,responsibility_weighted_hdeg,110,996,2,3.1176706827309237
Music-Rev,0.1,responsibility_weighted_hdeg,110,996,3,4.930421686746988
Music-Rev,0.1,responsibility_weighted_hdeg,110,996,4,7.841566265060241
Music-Rev,0.1,responsibility_weighted_hdeg,110,996,5,12.43152610441767
Music-Rev,0.1,responsibility_weighted_hdeg,110,996,6,19.653614457831324
Music-Rev,0.1,responsibility_weighted_hdeg,110,996,7,30.687550200803212
Music-Rev,0.1,responsibility_weighted_hdeg,110,996,8,46.810441767068276
Music-Rev,0.1,responsibility_weighted_hdeg,110,996,9,68.2258032128514
Music-Rev,0.1,responsibility_weighted_hdeg,110,996,10,95.22911646586346
Music-Rev,0.1,responsibility_weighted_hdeg,110,996,11,127.43604417670683
Music-Rev,0.1,responsibility_weighted_hdeg,110,996,12,163.02570281124497
Music-Rev,0.1,responsibility_weighted_hdeg,110,996,13,200.22088353413653
Music-Rev,0.1,responsibility_weighted_hdeg,110,996,14,238.28975903614457
Music-Rev,0.1,responsibility_weighted_hdeg,110,996,15,277.0996987951807
Music-Rev,0.1,responsibility_weighted_hdeg,110,996,16,316.24678714859436
Music-Rev,0.1,responsibility_weighted_hdeg,110,996,17,355.4957831325301
Music-Rev,0.1,responsibility_weighted_hdeg,110,996,18,394.88574297188757
Music-Rev,0.1,responsibility_weighted_hdeg,110,996,19,434.0410642570281
Music-Rev,0.1,responsibility_weighted_hdeg,110,996,20,472.1636546184739
Music-Rev,0.1,responsibility_weighted_hdeg,110,996,21,508.4327309236948
Music-Rev,0.1,responsibility_weighted_hdeg,110,996,22,542.220983935743
Music-Rev,0.1,responsibility_weighted_hdeg,110,996,23,573.2303212851406
Music-Rev,0.1,responsibility_weighted_hdeg,110,996,24,601.2326305220884
Music-Rev,0.1,responsibility_weighted_hdeg,110,996,25,626.243875502008
Music-Rev,0.1,responsibility_weighted_hdeg_greedy,110,996,0,1
Music-Rev,0.1,responsibility_weighted_hdeg_greedy,110,996,1,1.9166666666666667
Music-Rev,0.1,responsibility_weighted_hdeg_greedy,110,996,2,3.1176706827309237
Music-Rev,0.1,responsibility_weighted_hdeg_greedy,110,996,3,4.930421686746988
Music-Rev,0.1,responsibility_weighted_hdeg_greedy,110,996,4,7.841566265060241
Music-Rev,0.1,responsibility_weighted_hdeg_greedy,110,996,5,12.43152610441767
Music-Rev,0.1,responsibility_weighted_hdeg_greedy,110,996,6,19.653614457831324
Music-Rev,0.1,responsibility_weighted_hdeg_greedy,110,996,7,30.687550200803212
Music-Rev,0.1,responsibility_weighted_hdeg_greedy,110,996,8,46.810441767068276
Music-Rev,0.1,responsibility_weighted_hdeg_greedy,110,996,9,68.2258032128514
Music-Rev,0.1,responsibility_weighted_hdeg_greedy,110,996,10,95.22911646586346
Music-Rev,0.1,responsibility_weighted_hdeg_greedy,110,996,11,127.43604417670683
Music-Rev,0.1,responsibility_weighted_hdeg_greedy,110,996,12,163.02570281124497
Music-Rev,0.1,responsibility_weighted_hdeg_greedy,110,996,13,200.22088353413653
Music-Rev,0.1,responsibility_weighted_hdeg_greedy,110,996,14,238.28975903614457
Music-Rev,0.1,responsibility_weighted_hdeg_greedy,110,996,15,277.0996987951807
Music-Rev,0.1,responsibility_weighted_hdeg_greedy,110,996,16,316.24678714859436
Music-Rev,0.1,responsibility_weighted_hdeg_greedy,110,996,17,355.4957831325301
Music-Rev,0.1,responsibility_weighted_hdeg_greedy,110,996,18,394.88574297188757
Music-Rev,0.1,responsibility_weighted_hdeg_greedy,110,996,19,434.0410642570281
Music-Rev,0.1,responsibility_weighted_hdeg_greedy,110,996,20,472.1636546184739
Music-Rev,0.1,responsibility_weighted_hdeg_greedy,110,996,21,508.4327309236948
Music-Rev,0.1,responsibility_weighted_hdeg_greedy,110,996,22,542.220983935743
Music-Rev,0.1,responsibility_weighted_hdeg_greedy,110,996,23,573.2303212851406
Music-Rev,0.1,responsibility_weighted_hdeg_greedy,110,996,24,601.2326305220884
Music-Rev,0.1,responsibility_weighted_hdeg_greedy,110,996,25,626.243875502008
Music-Rev,0.1,filtered_hyperdegree,110,996,0,1
Music-Rev,0.1,filtered_hyperdegree,110,996,1,1.9166666666666667
Music-Rev,0.1,filtered_hyperdegree,110,996,2,3.1176706827309237
Music-Rev,0.1,filtered_hyperdegree,110,996,3,4.930421686746988
Music-Rev,0.1,filtered_hyperdegree,110,996,4,7.841566265060241
Music-Rev,0.1,filtered_hyperdegree,110,996,5,12.43152610441767
Music-Rev,0.1,filtered_hyperdegree,110,996,6,19.653614457831324
Music-Rev,0.1,filtered_hyperdegree,110,996,7,30.687550200803212
Music-Rev,0.1,filtered_hyperdegree,110,996,8,46.810441767068276
Music-Rev,0.1,filtered_hyperdegree,110,996,9,68.2258032128514
Music-Rev,0.1,filtered_hyperdegree,110,996,10,95.22911646586346
Music-Rev,0.1,filtered_hyperdegree,110,996,11,127.43604417670683
Music-Rev,0.1,filtered_hyperdegree,110,996,12,163.02570281124497
Music-Rev,0.1,filtered_hyperdegree,110,996,13,200.22088353413653
Music-Rev,0.1,filtered_hyperdegree,110,996,14,238.28975903614457
Music-Rev,0.1,filtered_hyperdegree,110,996,15,277.0996987951807
Music-Rev,0.1,filtered_hyperdegree,110,996,16,316.24678714859436
Music-Rev,0.1,filtered_hyperdegree,110,996,17,355.4957831325301
Music-Rev,0.1,filtered_hyperdegree,110,996,18,394.88574297188757
Music-Rev,0.1,filtered_hyperdegree,110,996,19,434.0410642570281
Music-Rev,0.1,filtered_hyperdegree,110,996,20,472.1636546184739
Music-Rev,0.1,filtered_hyperdegree,110,996,21,508.4327309236948
Music-Rev,0.1,filtered_hyperdegree,110,996,22,542.220983935743
Music-Rev,0.1,filtered_hyperdegree,110,996,23,573.2303212851406
Music-Rev,0.1,filtered_hyperdegree,110,996,24,601.2326305220884
Music-Rev,0.1,filtered_hyperdegree,110,996,25,626.243875502008
Music-Rev,0.1,filtered_hyperdegree_greedy,110,996,0,1
Music-Rev,0.1,filtered_hyperdegree_greedy,110,996,1,1.9166666666666667
Music-Rev,0.1,filtered_hyperdegree_greedy,110,996,2,3.1176706827309237
Music-Rev,0.1,filtered_hyperdegree_greedy,110,996,3,4.930421686746988
Music-Rev,0.1,filtered_hyperdegree_greedy,110,996,4,7.841566265060241
Music-Rev,0.1,filtered_hyperdegree_greedy,110,996,5,12.43152610441767
Music-Rev,0.1,filtered_hyperdegree_greedy,110,996,6,19.653614457831324
Music-Rev,0.1,filtered_hyperdegree_greedy,110,996,7,30.687550200803212
Music-Rev,0.1,filtered_hyperdegree_greedy,110,996,8,46.810441767068276
Music-Rev,0.1,filtered_hyperdegree_greedy,110,996,9,68.2258032128514
Music-Rev,0.1,filtered_hyperdegree_greedy,110,996,10,95.22911646586346
Music-Rev,0.1,filtered_hyperdegree_greedy,110,996,11,127.43604417670683
Music-Rev,0.1,filtered_hyperdegree_greedy,110,996,12,163.02570281124497
Music-Rev,0.1,filtered_hyperdegree_greedy,110,996,13,200.22088353413653
Music-Rev,0.1,filtered_hyperdegree_greedy,110,996,14,238.28975903614457
Music-Rev,0.1,filtered_hyperdegree_greedy,110,996,15,277.0996987951807
Music-Rev,0.1,filtered_hyperdegree_greedy,110,996,16,316.24678714859436
Music-Rev,0.1,filtered_hyperdegree_greedy,110,996,17,355.4957831325301
Music-Rev,0.1,filtered_hyperdegree_greedy,110,996,18,394.88574297188757
Music-Rev,0.1,filtered_hyperdegree_greedy,110,996,19,434.0410642570281
Music-Rev,0.1,filtered_hyperdegree_greedy,110,996,20,472.1636546184739
Music-Rev,0.1,filtered_hyperdegree_greedy,110,996,21,508.4327309236948
Music-Rev,0.1,filtered_hyperdegree_greedy,110,996,22,542.220983935743
Music-Rev,0.1,filtered_hyperdegree_greedy,110,996,23,573.2303212851406
Music-Rev,0.1,filtered_hyperdegree_greedy,110,996,24,601.2326305220884
Music-Rev,0.1,filtered_hyperdegree_greedy,110,996,25,626.243875502008
Music-Rev,0.1,ept_bridge_out_strength,110,996,0,1
Music-Rev,0.1,ept_bridge_out_strength,110,996,1,1.9583333333333333
Music-Rev,0.1,ept_bridge_out_strength,110,996,2,3.1297188755020082
Music-Rev,0.1,ept_bridge_out_strength,110,996,3,4.8811244979919675
Music-Rev,0.1,ept_bridge_out_strength,110,996,4,7.696686746987952
Music-Rev,0.1,ept_bridge_out_strength,110,996,5,12.044578313253012
Music-Rev,0.1,ept_bridge_out_strength,110,996,6,18.649397590361446
Music-Rev,0.1,ept_bridge_out_strength,110,996,7,28.551706827309236
Music-Rev,0.1,ept_bridge_out_strength,110,996,8,43.47991967871486
Music-Rev,0.1,ept_bridge_out_strength,110,996,9,64.79196787148594
Music-Rev,0.1,ept_bridge_out_strength,110,996,10,92.98895582329317
Music-Rev,0.1,ept_bridge_out_strength,110,996,11,128.32740963855423
Music-Rev,0.1,ept_bridge_out_strength,110,996,12,170.89176706827308
Music-Rev,0.1,ept_bridge_out_strength,110,996,13,219.4194779116466
Music-Rev,0.1,ept_bridge_out_strength,110,996,14,271.93253012048194
Music-Rev,0.1,ept_bridge_out_strength,110,996,15,326.56586345381527
Music-Rev,0.1,ept_bridge_out_strength,110,996,16,381.44156626506026
Music-Rev,0.1,ept_bridge_out_strength,110,996,17,434.99668674698796
Music-Rev,0.1,ept_bridge_out_strength,110,996,18,485.67248995983937
Music-Rev,0.1,ept_bridge_out_strength,110,996,19,532.1066265060241
Music-Rev,0.1,ept_bridge_out_strength,110,996,20,573.678313253012
Music-Rev,0.1,ept_bridge_out_strength,110,996,21,610.2359437751004
Music-Rev,0.1,ept_bridge_out_strength,110,996,22,641.872891566265
Music-Rev,0.1,ept_bridge_out_strength,110,996,23,669.130421686747
Music-Rev,0.1,ept_bridge_out_strength,110,996,24,692.6545180722892
Music-Rev,0.1,ept_bridge_out_strength,110,996,25,713.0313253012048
Music-Rev,0.1,ept_bridge_out_strength_greedy,110,996,0,1
Music-Rev,0.1,ept_bridge_out_strength_greedy,110,996,1,1.9580321285140563
Music-Rev,0.1,ept_bridge_out_strength_greedy,110,996,2,3.155522088353414
Music-Rev,0.1,ept_bridge_out_strength_greedy,110,996,3,4.9228915662650605
Music-Rev,0.1,ept_bridge_out_strength_greedy,110,996,4,7.769076305220883
Music-Rev,0.1,ept_bridge_out_strength_greedy,110,996,5,12.115461847389557
Music-Rev,0.1,ept_bridge_out_strength_greedy,110,996,6,18.74457831325301
Music-Rev,0.1,ept_bridge_out_strength_greedy,110,996,7,28.66174698795181
Music-Rev,0.1,ept_bridge_out_strength_greedy,110,996,8,43.634437751004015
Music-Rev,0.1,ept_bridge_out_strength_greedy,110,996,9,64.97991967871486
Music-Rev,0.1,ept_bridge_out_strength_greedy,110,996,10,93.36947791164658
Music-Rev,0.1,ept_bridge_out_strength_greedy,110,996,11,128.97048192771084
Music-Rev,0.1,ept_bridge_out_strength_greedy,110,996,12,171.73463855421687
Music-Rev,0.1,ept_bridge_out_strength_greedy,110,996,13,220.2090361445783
Music-Rev,0.1,ept_bridge_out_strength_greedy,110,996,14,272.7761044176707
Music-Rev,0.1,ept_bridge_out_strength_greedy,110,996,15,327.37901606425703
Music-Rev,0.1,ept_bridge_out_strength_greedy,110,996,16,382.2949799196787
Music-Rev,0.1,ept_bridge_out_strength_greedy,110,996,17,435.7133534136546
Music-Rev,0.1,ept_bridge_out_strength_greedy,110,996,18,486.32941767068274
Music-Rev,0.1,ept_bridge_out_strength_greedy,110,996,19,532.7418674698795
Music-Rev,0.1,ept_bridge_out_strength_greedy,110,996,20,574.3051204819277
Music-Rev,0.1,ept_bridge_out_strength_greedy,110,996,21,610.8613453815261
Music-Rev,0.1,ept_bridge_out_strength_greedy,110,996,22,642.3902610441767
Music-Rev,0.1,ept_bridge_out_strength_greedy,110,996,23,669.5539156626506
Music-Rev,0.1,ept_bridge_out_strength_greedy,110,996,24,692.9687751004016
Music-Rev,0.1,ept_bridge_out_strength_greedy,110,996,25,713.3316265060241
Music-Rev,0.1,ept_bridge_in_strength,110,996,0,1
Music-Rev,0.1,ept_bridge_in_strength,110,996,1,1.8615461847389558
Music-Rev,0.1,ept_bridge_in_strength,110,996,2,2.8346385542168675
Music-Rev,0.1,ept_bridge_in_strength,110,996,3,4.220180722891566
Music-Rev,0.1,ept_bridge_in_strength,110,996,4,6.363253012048193
Music-Rev,0.1,ept_bridge_in_strength,110,996,5,9.479518072289157
Music-Rev,0.1,ept_bridge_in_strength,110,996,6,14.165261044176706
Music-Rev,0.1,ept_bridge_in_strength,110,996,7,20.79879518072289
Music-Rev,0.1,ept_bridge_in_strength,110,996,8,30.36004016064257
Music-Rev,0.1,ept_bridge_in_strength,110,996,9,43.747991967871485
Music-Rev,0.1,ept_bridge_in_strength,110,996,10,61.16064257028113
Music-Rev,0.1,ept_bridge_in_strength,110,996,11,82.78654618473895
Music-Rev,0.1,ept_bridge_in_strength,110,996,12,108.09909638554217
Music-Rev,0.1,ept_bridge_in_strength,110,996,13,136.32911646586345
Music-Rev,0.1,ept_bridge_in_strength,110,996,14,166.02510040160644
Music-Rev,0.1,ept_bridge_in_strength,110,996,15,195.86787148594377
Music-Rev,0.1,ept_bridge_in_strength,110,996,16,224.98875502008033
Music-Rev,0.1,ept_bridge_in_strength,110,996,17,253.0928714859438
Music-Rev,0.1,ept_bridge_in_strength,110,996,18,279.824297188755
Music-Rev,0.1,ept_bridge_in_strength,110,996,19,305.45180722891564
Music-Rev,0.1,ept_bridge_in_strength,110,996,20,330.2991967871486
Music-Rev,0.1,ept_bridge_in_strength,110,996,21,354.82319277108434
Music-Rev,0.1,ept_bridge_in_strength,110,996,22,379.55953815261046
Music-Rev,0.1,ept_bridge_in_strength,110,996,23,404.8806224899598
Music-Rev,0.1,ept_bridge_in_strength,110,996,24,430.9964859437751
Music-Rev,0.1,ept_bridge_in_strength,110,996,25,457.8508032128514
Music-Rev,0.1,ept_bridge_in_strength_greedy,110,996,0,1
Music-Rev,0.1,ept_bridge_in_strength_greedy,110,996,1,1.865863453815261
Music-Rev,0.1,ept_bridge_in_strength_greedy,110,996,2,2.853714859437751
Music-Rev,0.1,ept_bridge_in_strength_greedy,110,996,3,4.252510040160643
Music-Rev,0.1,ept_bridge_in_strength_greedy,110,996,4,6.443875502008032
Music-Rev,0.1,ept_bridge_in_strength_greedy,110,996,5,9.534538152610441
Music-Rev,0.1,ept_bridge_in_strength_greedy,110,996,6,14.313052208835341
Music-Rev,0.1,ept_bridge_in_strength_greedy,110,996,7,21.078614457831325
Music-Rev,0.1,ept_bridge_in_strength_greedy,110,996,8,30.783032128514055
Music-Rev,0.1,ept_bridge_in_strength_greedy,110,996,9,44.374899598393576
Music-Rev,0.1,ept_bridge_in_strength_greedy,110,996,10,61.93795180722891
Music-Rev,0.1,ept_bridge_in_strength_greedy,110,996,11,83.62751004016064
Music-Rev,0.1,ept_bridge_in_strength_greedy,110,996,12,109.1082329317269
Music-Rev,0.1,ept_bridge_in_strength_greedy,110,996,13,137.22610441767068
Music-Rev,0.1,ept_bridge_in_strength_greedy,110,996,14,166.54949799196788
Music-Rev,0.1,ept_bridge_in_strength_greedy,110,996,15,195.88534136546184
Music-Rev,0.1,ept_bridge_in_strength_greedy,110,996,16,224.11425702811246
Music-Rev,0.1,ept_bridge_in_strength_greedy,110,996,17,250.82570281124498
Music-Rev,0.1,ept_bridge_in_strength_greedy,110,996,18,275.81616465863453
Music-Rev,0.1,ept_bridge_in_strength_greedy,110,996,19,299.0926706827309
Music-Rev,0.1,ept_bridge_in_strength_greedy,110,996,20,321.02299196787146
Music-Rev,0.1,ept_bridge_in_strength_greedy,110,996,21,342.33775100401607
Music-Rev,0.1,ept_bridge_in_strength_greedy,110,996,22,363.42409638554216
Music-Rev,0.1,ept_bridge_in_strength_greedy,110,996,23,384.9977911646586
Music-Rev,0.1,ept_bridge_in_strength_greedy,110,996,24,407.1933734939759
Music-Rev,0.1,ept_bridge_in_strength_greedy,110,996,25,430.3793172690763
Music-Rev,0.1,ept_bridge_in_out_total,110,996,0,1
Music-Rev,0.1,ept_bridge_in_out_total,110,996,1,1.841867469879518
Music-Rev,0.1,ept_bridge_in_out_total,110,996,2,2.846586345381526
Music-Rev,0.1,ept_bridge_in_out_total,110,996,3,4.196184738955823
Music-Rev,0.1,ept_bridge_in_out_total,110,996,4,6.286746987951807
Music-Rev,0.1,ept_bridge_in_out_total,110,996,5,9.228112449799196
Music-Rev,0.1,ept_bridge_in_out_total,110,996,6,13.668674698795181
Music-Rev,0.1,ept_bridge_in_out_total,110,996,7,19.843975903614457
Music-Rev,0.1,ept_bridge_in_out_total,110,996,8,28.54598393574297
Music-Rev,0.1,ept_bridge_in_out_total,110,996,9,40.88785140562249
Music-Rev,0.1,ept_bridge_in_out_total,110,996,10,57.3566265060241
Music-Rev,0.1,ept_bridge_in_out_total,110,996,11,77.98534136546185
Music-Rev,0.1,ept_bridge_in_out_total,110,996,12,102.43524096385542
Music-Rev,0.1,ept_bridge_in_out_total,110,996,13,130.17921686746988
Music-Rev,0.1,ept_bridge_in_out_total,110,996,14,160.3616465863454
Music-Rev,0.1,ept_bridge_in_out_total,110,996,15,191.6495983935743
Music-Rev,0.1,ept_bridge_in_out_total,110,996,16,223.03132530120482
Music-Rev,0.1,ept_bridge_in_out_total,110,996,17,253.73323293172692
Music-Rev,0.1,ept_bridge_in_out_total,110,996,18,283.60913654618474
Music-Rev,0.1,ept_bridge_in_out_total,110,996,19,312.56194779116464
Music-Rev,0.1,ept_bridge_in_out_total,110,996,20,341.031124497992
Music-Rev,0.1,ept_bridge_in_out_total,110,996,21,369.4663654618474
Music-Rev,0.1,ept_bridge_in_out_total,110,996,22,398.2294176706827
Music-Rev,0.1,ept_bridge_in_out_total,110,996,23,427.5352409638554
Music-Rev,0.1,ept_bridge_in_out_total,110,996,24,457.3721887550201
Music-Rev,0.1,ept_bridge_in_out_total,110,996,25,487.6150602409638
Music-Rev,0.1,ept_bridge_in_out_total_greedy,110,996,0,1
Music-Rev,0.1,ept_bridge_in_out_total_greedy,110,996,1,1.8405622489959839
Music-Rev,0.1,ept_bridge_in_out_total_greedy,110,996,2,2.846686746987952
Music-Rev,0.1,ept_bridge_in_out_total_greedy,110,996,3,4.18785140562249
Music-Rev,0.1,ept_bridge_in_out_total_greedy,110,996,4,6.271887550200804
Music-Rev,0.1,ept_bridge_in_out_total_greedy,110,996,5,9.217570281124498
Music-Rev,0.1,ept_bridge_in_out_total_greedy,110,996,6,13.696887550200803
Music-Rev,0.1,ept_bridge_in_out_total_greedy,110,996,7,19.8929718875502
Music-Rev,0.1,ept_bridge_in_out_total_greedy,110,996,8,28.805220883534137
Music-Rev,0.1,ept_bridge_in_out_total_greedy,110,996,9,41.406827309236945
Music-Rev,0.1,ept_bridge_in_out_total_greedy,110,996,10,58.122991967871485
Music-Rev,0.1,ept_bridge_in_out_total_greedy,110,996,11,79.0093373493976
Music-Rev,0.1,ept_bridge_in_out_total_greedy,110,996,12,103.75471887550201
Music-Rev,0.1,ept_bridge_in_out_total_greedy,110,996,13,131.82048192771083
Music-Rev,0.1,ept_bridge_in_out_total_greedy,110,996,14,161.9167670682731
Music-Rev,0.1,ept_bridge_in_out_total_greedy,110,996,15,193.0758032128514
Music-Rev,0.1,ept_bridge_in_out_total_greedy,110,996,16,224.19467871485944
Music-Rev,0.1,ept_bridge_in_out_total_greedy,110,996,17,254.5741967871486
Music-Rev,0.1,ept_bridge_in_out_total_greedy,110,996,18,283.9245983935743
Music-Rev,0.1,ept_bridge_in_out_total_greedy,110,996,19,312.4717871485944
Music-Rev,0.1,ept_bridge_in_out_total_greedy,110,996,20,340.6533132530121
Music-Rev,0.1,ept_bridge_in_out_total_greedy,110,996,21,368.7156626506024
Music-Rev,0.1,ept_bridge_in_out_total_greedy,110,996,22,397.04638554216865
Music-Rev,0.1,ept_bridge_in_out_total_greedy,110,996,23,425.93393574297187
Music-Rev,0.1,ept_bridge_in_out_total_greedy,110,996,24,455.3652610441767
Music-Rev,0.1,ept_bridge_in_out_total_greedy,110,996,25,485.0231927710843
Music-Rev,0.1,ept_boundary_strength,110,996,0,1
Music-Rev,0.1,ept_boundary_strength,110,996,1,1.8709839357429718
Music-Rev,0.1,ept_boundary_strength,110,996,2,2.9256024096385542
Music-Rev,0.1,ept_boundary_strength,110,996,3,4.367168674698795
Music-Rev,0.1,ept_boundary_strength,110,996,4,6.635843373493976
Music-Rev,0.1,ept_boundary_strength,110,996,5,9.956526104417671
Music-Rev,0.1,ept_boundary_strength,110,996,6,15.045682730923694
Music-Rev,0.1,ept_boundary_strength,110,996,7,22.17590361445783
Music-Rev,0.1,ept_boundary_strength,110,996,8,32.63835341365462
Music-Rev,0.1,ept_boundary_strength,110,996,9,47.5933734939759
Music-Rev,0.1,ept_boundary_strength,110,996,10,67.54558232931727
Music-Rev,0.1,ept_boundary_strength,110,996,11,92.43283132530121
Music-Rev,0.1,ept_boundary_strength,110,996,12,122.15502008032128
Music-Rev,0.1,ept_boundary_strength,110,996,13,156.21345381526103
Music-Rev,0.1,ept_boundary_strength,110,996,14,193.6125502008032
Music-Rev,0.1,ept_boundary_strength,110,996,15,233.23142570281124
Music-Rev,0.1,ept_boundary_strength,110,996,16,273.9633534136546
Music-Rev,0.1,ept_boundary_strength,110,996,17,315.34156626506024
Music-Rev,0.1,ept_boundary_strength,110,996,18,356.9570281124498
Music-Rev,0.1,ept_boundary_strength,110,996,19,398.34929718875503
Music-Rev,0.1,ept_boundary_strength,110,996,20,439.0218875502008
Music-Rev,0.1,ept_boundary_strength,110,996,21,478.5559236947791
Music-Rev,0.1,ept_boundary_strength,110,996,22,516.533232931727
Music-Rev,0.1,ept_boundary_strength,110,996,23,552.2339357429719
Music-Rev,0.1,ept_boundary_strength,110,996,24,585.152108433735
Music-Rev,0.1,ept_boundary_strength,110,996,25,615.1908634538153
Music-Rev,0.1,ept_boundary_strength_greedy,110,996,0,1
Music-Rev,0.1,ept_boundary_strength_greedy,110,996,1,1.8701807228915663
Music-Rev,0.1,ept_boundary_strength_greedy,110,996,2,2.9392570281124497
Music-Rev,0.1,ept_boundary_strength_greedy,110,996,3,4.377610441767068
Music-Rev,0.1,ept_boundary_strength_greedy,110,996,4,6.639357429718875
Music-Rev,0.1,ept_boundary_strength_greedy,110,996,5,9.98132530120482
Music-Rev,0.1,ept_boundary_strength_greedy,110,996,6,15.06285140562249
Music-Rev,0.1,ept_boundary_strength_greedy,110,996,7,22.346184738955824
Music-Rev,0.1,ept_boundary_strength_greedy,110,996,8,32.997991967871485
Music-Rev,0.1,ept_boundary_strength_greedy,110,996,9,48.09939759036145
Music-Rev,0.1,ept_boundary_strength_greedy,110,996,10,68.12700803212851
Music-Rev,0.1,ept_boundary_strength_greedy,110,996,11,93.10923694779116
Music-Rev,0.1,ept_boundary_strength_greedy,110,996,12,122.94427710843374
Music-Rev,0.1,ept_boundary_strength_greedy,110,996,13,156.86074297188756
Music-Rev,0.1,ept_boundary_strength_greedy,110,996,14,193.94979919678715
Music-Rev,0.1,ept_boundary_strength_greedy,110,996,15,233.21837349397592
Music-Rev,0.1,ept_boundary_strength_greedy,110,996,16,273.57510040160645
Music-Rev,0.1,ept_boundary_strength_greedy,110,996,17,314.3762048192771
Music-Rev,0.1,ept_boundary_strength_greedy,110,996,18,355.266265060241
Music-Rev,0.1,ept_boundary_strength_greedy,110,996,19,396.045281124498
Music-Rev,0.1,ept_boundary_strength_greedy,110,996,20,436.15361445783134
Music-Rev,0.1,ept_boundary_strength_greedy,110,996,21,475.190562248996
Music-Rev,0.1,ept_boundary_strength_greedy,110,996,22,512.5106425702811
Music-Rev,0.1,ept_boundary_strength_greedy,110,996,23,547.5437751004016
Music-Rev,0.1,ept_boundary_strength_greedy,110,996,24,580.0768072289156
Music-Rev,0.1,ept_boundary_strength_greedy,110,996,25,609.8191767068273
Music-Rev,0.1,ept_bridge_out_fraction,110,996,0,1
Music-Rev,0.1,ept_bridge_out_fraction,110,996,1,2.032128514056225
Music-Rev,0.1,ept_bridge_out_fraction,110,996,2,3.380321285140562
Music-Rev,0.1,ept_bridge_out_fraction,110,996,3,5.521084337349397
Music-Rev,0.1,ept_bridge_out_fraction,110,996,4,9.157730923694778
Music-Rev,0.1,ept_bridge_out_fraction,110,996,5,14.906726907630523
Music-Rev,0.1,ept_bridge_out_fraction,110,996,6,24.18684738955823
Music-Rev,0.1,ept_bridge_out_fraction,110,996,7,38.68273092369478
Music-Rev,0.1,ept_bridge_out_fraction,110,996,8,59.85140562248996
Music-Rev,0.1,ept_bridge_out_fraction,110,996,9,88.48734939759036
Music-Rev,0.1,ept_bridge_out_fraction,110,996,10,124.82269076305221
Music-Rev,0.1,ept_bridge_out_fraction,110,996,11,167.29578313253012
Music-Rev,0.1,ept_bridge_out_fraction,110,996,12,213.65943775100402
Music-Rev,0.1,ept_bridge_out_fraction,110,996,13,262.24538152610444
Music-Rev,0.1,ept_bridge_out_fraction,110,996,14,311.2590361445783
Music-Rev,0.1,ept_bridge_out_fraction,110,996,15,359.8008032128514
Music-Rev,0.1,ept_bridge_out_fraction,110,996,16,407.434437751004
Music-Rev,0.1,ept_bridge_out_fraction,110,996,17,453.0574297188755
Music-Rev,0.1,ept_bridge_out_fraction,110,996,18,496.2853413654619
Music-Rev,0.1,ept_bridge_out_fraction,110,996,19,536.6151606425702
Music-Rev,0.1,ept_bridge_out_fraction,110,996,20,573.7073293172691
Music-Rev,0.1,ept_bridge_out_fraction,110,996,21,607.0775100401606
Music-Rev,0.1,ept_bridge_out_fraction,110,996,22,636.9012048192772
Music-Rev,0.1,ept_bridge_out_fraction,110,996,23,663.4027108433735
Music-Rev,0.1,ept_bridge_out_fraction,110,996,24,686.532329317269
Music-Rev,0.1,ept_bridge_out_fraction,110,996,25,706.7664658634538
Music-Rev,0.1,ept_bridge_out_fraction_greedy,110,996,0,1
Music-Rev,0.1,ept_bridge_out_fraction_greedy,110,996,1,2.0441767068273093
Music-Rev,0.1,ept_bridge_out_fraction_greedy,110,996,2,3.341566265060241
Music-Rev,0.1,ept_bridge_out_fraction_greedy,110,996,3,5.4488955823293175
Music-Rev,0.1,ept_bridge_out_fraction_greedy,110,996,4,8.987449799196787
Music-Rev,0.1,ept_bridge_out_fraction_greedy,110,996,5,14.710943775100402
Music-Rev,0.1,ept_bridge_out_fraction_greedy,110,996,6,23.980923694779115
Music-Rev,0.1,ept_bridge_out_fraction_greedy,110,996,7,38.53574297188755
Music-Rev,0.1,ept_bridge_out_fraction_greedy,110,996,8,59.96586345381526
Music-Rev,0.1,ept_bridge_out_fraction_greedy,110,996,9,89.0456827309237
Music-Rev,0.1,ept_bridge_out_fraction_greedy,110,996,10,126.20220883534137
Music-Rev,0.1,ept_bridge_out_fraction_greedy,110,996,11,169.99789156626505
Music-Rev,0.1,ept_bridge_out_fraction_greedy,110,996,12,218.03313253012047
Music-Rev,0.1,ept_bridge_out_fraction_greedy,110,996,13,268.6367469879518
Music-Rev,0.1,ept_bridge_out_fraction_greedy,110,996,14,320.08453815261043
Music-Rev,0.1,ept_bridge_out_fraction_greedy,110,996,15,370.94327309236945
Music-Rev,0.1,ept_bridge_out_fraction_greedy,110,996,16,420.5140562248996
Music-Rev,0.1,ept_bridge_out_fraction_greedy,110,996,17,467.7520080321285
Music-Rev,0.1,ept_bridge_out_fraction_greedy,110,996,18,511.8198795180723
Music-Rev,0.1,ept_bridge_out_fraction_greedy,110,996,19,552.2068273092369
Music-Rev,0.1,ept_bridge_out_fraction_greedy,110,996,20,588.566265060241
Music-Rev,0.1,ept_bridge_out_fraction_greedy,110,996,21,620.8097389558233
Music-Rev,0.1,ept_bridge_out_fraction_greedy,110,996,22,649.0450803212851
Music-Rev,0.1,ept_bridge_out_fraction_greedy,110,996,23,673.8184738955823
Music-Rev,0.1,ept_bridge_out_fraction_greedy,110,996,24,695.3211847389558
Music-Rev,0.1,ept_bridge_out_fraction_greedy,110,996,25,714.1549196787148
Music-Rev,0.1,ept_bridge_broker,110,996,0,1
Music-Rev,0.1,ept_bridge_broker,110,996,1,1.8796184738955823
Music-Rev,0.1,ept_bridge_broker,110,996,2,2.950401606425703
Music-Rev,0.1,ept_bridge_broker,110,996,3,4.419477911646586
Music-Rev,0.1,ept_bridge_broker,110,996,4,6.776204819277108
Music-Rev,0.1,ept_bridge_broker,110,996,5,10.172389558232931
Music-Rev,0.1,ept_bridge_broker,110,996,6,15.365763052208836
Music-Rev,0.1,ept_bridge_broker,110,996,7,22.753815261044178
Music-Rev,0.1,ept_bridge_broker,110,996,8,33.56847389558233
Music-Rev,0.1,ept_bridge_broker,110,996,9,48.9390562248996
Music-Rev,0.1,ept_bridge_broker,110,996,10,69.37710843373495
Music-Rev,0.1,ept_bridge_broker,110,996,11,94.92489959839358
Music-Rev,0.1,ept_bridge_broker,110,996,12,125.36385542168675
Music-Rev,0.1,ept_bridge_broker,110,996,13,160.23042168674698
Music-Rev,0.1,ept_bridge_broker,110,996,14,198.42289156626506
Music-Rev,0.1,ept_bridge_broker,110,996,15,238.97439759036143
Music-Rev,0.1,ept_bridge_broker,110,996,16,280.81024096385545
Music-Rev,0.1,ept_bridge_broker,110,996,17,323.03493975903615
Music-Rev,0.1,ept_bridge_broker,110,996,18,365.369578313253
Music-Rev,0.1,ept_bridge_broker,110,996,19,407.24387550200805
Music-Rev,0.1,ept_bridge_broker,110,996,20,448.27248995983933
Music-Rev,0.1,ept_bridge_broker,110,996,21,487.9137550200803
Music-Rev,0.1,ept_bridge_broker,110,996,22,525.4859437751004
Music-Rev,0.1,ept_bridge_broker,110,996,23,560.5796184738956
Music-Rev,0.1,ept_bridge_broker,110,996,24,592.7029116465864
Music-Rev,0.1,ept_bridge_broker,110,996,25,621.7283132530121
Music-Rev,0.1,ept_bridge_broker_greedy,110,996,0,1
Music-Rev,0.1,ept_bridge_broker_greedy,110,996,1,1.8963855421686746
Music-Rev,0.1,ept_bridge_broker_greedy,110,996,2,2.965160642570281
Music-Rev,0.1,ept_bridge_broker_greedy,110,996,3,4.440261044176707
Music-Rev,0.1,ept_bridge_broker_greedy,110,996,4,6.778714859437751
Music-Rev,0.1,ept_bridge_broker_greedy,110,996,5,10.245381526104417
Music-Rev,0.1,ept_bridge_broker_greedy,110,996,6,15.51214859437751
Music-Rev,0.1,ept_bridge_broker_greedy,110,996,7,23.092168674698794
Music-Rev,0.1,ept_bridge_broker_greedy,110,996,8,34.251506024096386
Music-Rev,0.1,ept_bridge_broker_greedy,110,996,9,50.23152610441767
Music-Rev,0.1,ept_bridge_broker_greedy,110,996,10,71.57720883534137
Music-Rev,0.1,ept_bridge_broker_greedy,110,996,11,98.41666666666667
Music-Rev,0.1,ept_bridge_broker_greedy,110,996,12,130.67489959839358
Music-Rev,0.1,ept_bridge_broker_greedy,110,996,13,167.55441767068274
Music-Rev,0.1,ept_bridge_broker_greedy,110,996,14,208.17208835341364
Music-Rev,0.1,ept_bridge_broker_greedy,110,996,15,251.12158634538153
Music-Rev,0.1,ept_bridge_broker_greedy,110,996,16,295.3346385542169
Music-Rev,0.1,ept_bridge_broker_greedy,110,996,17,340.26596385542166
Music-Rev,0.1,ept_bridge_broker_greedy,110,996,18,384.7468875502008
Music-Rev,0.1,ept_bridge_broker_greedy,110,996,19,428.2871485943775
Music-Rev,0.1,ept_bridge_broker_greedy,110,996,20,470.35200803212854
Music-Rev,0.1,ept_bridge_broker_greedy,110,996,21,510.22921686746986
Music-Rev,0.1,ept_bridge_broker_greedy,110,996,22,547.3065261044177
Music-Rev,0.1,ept_bridge_broker_greedy,110,996,23,581.2119477911647
Music-Rev,0.1,ept_bridge_broker_greedy,110,996,24,611.5560240963855
Music-Rev,0.1,ept_bridge_broker_greedy,110,996,25,638.4077309236948
Music-Rev,0.1,ept_boundary_ratio,110,996,0,1
Music-Rev,0.1,ept_boundary_ratio,110,996,1,2.032128514056225
Music-Rev,0.1,ept_boundary_ratio,110,996,2,3.380321285140562
Music-Rev,0.1,ept_boundary_ratio,110,996,3,5.521084337349397
Music-Rev,0.1,ept_boundary_ratio,110,996,4,9.157730923694778
Music-Rev,0.1,ept_boundary_ratio,110,996,5,14.906726907630523
Music-Rev,0.1,ept_boundary_ratio,110,996,6,24.18684738955823
Music-Rev,0.1,ept_boundary_ratio,110,996,7,38.68273092369478
Music-Rev,0.1,ept_boundary_ratio,110,996,8,59.85140562248996
Music-Rev,0.1,ept_boundary_ratio,110,996,9,88.48734939759036
Music-Rev,0.1,ept_boundary_ratio,110,996,10,124.82269076305221
Music-Rev,0.1,ept_boundary_ratio,110,996,11,167.29578313253012
Music-Rev,0.1,ept_boundary_ratio,110,996,12,213.65943775100402
Music-Rev,0.1,ept_boundary_ratio,110,996,13,262.24538152610444
Music-Rev,0.1,ept_boundary_ratio,110,996,14,311.2590361445783
Music-Rev,0.1,ept_boundary_ratio,110,996,15,359.8008032128514
Music-Rev,0.1,ept_boundary_ratio,110,996,16,407.434437751004
Music-Rev,0.1,ept_boundary_ratio,110,996,17,453.0574297188755
Music-Rev,0.1,ept_boundary_ratio,110,996,18,496.2853413654619
Music-Rev,0.1,ept_boundary_ratio,110,996,19,536.6151606425702
Music-Rev,0.1,ept_boundary_ratio,110,996,20,573.7073293172691
Music-Rev,0.1,ept_boundary_ratio,110,996,21,607.0775100401606
Music-Rev,0.1,ept_boundary_ratio,110,996,22,636.9012048192772
Music-Rev,0.1,ept_boundary_ratio,110,996,23,663.4027108433735
Music-Rev,0.1,ept_boundary_ratio,110,996,24,686.532329317269
Music-Rev,0.1,ept_boundary_ratio,110,996,25,706.7664658634538
Music-Rev,0.1,ept_boundary_ratio_greedy,110,996,0,1
Music-Rev,0.1,ept_boundary_ratio_greedy,110,996,1,2.0441767068273093
Music-Rev,0.1,ept_boundary_ratio_greedy,110,996,2,3.341566265060241
Music-Rev,0.1,ept_boundary_ratio_greedy,110,996,3,5.4488955823293175
Music-Rev,0.1,ept_boundary_ratio_greedy,110,996,4,8.987449799196787
Music-Rev,0.1,ept_boundary_ratio_greedy,110,996,5,14.710943775100402
Music-Rev,0.1,ept_boundary_ratio_greedy,110,996,6,23.980923694779115
Music-Rev,0.1,ept_boundary_ratio_greedy,110,996,7,38.53574297188755
Music-Rev,0.1,ept_boundary_ratio_greedy,110,996,8,59.96586345381526
Music-Rev,0.1,ept_boundary_ratio_greedy,110,996,9,89.0456827309237
Music-Rev,0.1,ept_boundary_ratio_greedy,110,996,10,126.20220883534137
Music-Rev,0.1,ept_boundary_ratio_greedy,110,996,11,169.99789156626505
Music-Rev,0.1,ept_boundary_ratio_greedy,110,996,12,218.03313253012047
Music-Rev,0.1,ept_boundary_ratio_greedy,110,996,13,268.6367469879518
Music-Rev,0.1,ept_boundary_ratio_greedy,110,996,14,320.08453815261043
Music-Rev,0.1,ept_boundary_ratio_greedy,110,996,15,370.94327309236945
Music-Rev,0.1,ept_boundary_ratio_greedy,110,996,16,420.5140562248996
Music-Rev,0.1,ept_boundary_ratio_greedy,110,996,17,467.7520080321285
Music-Rev,0.1,ept_boundary_ratio_greedy,110,996,18,511.8198795180723
Music-Rev,0.1,ept_boundary_ratio_greedy,110,996,19,552.2068273092369
Music-Rev,0.1,ept_boundary_ratio_greedy,110,996,20,588.566265060241
Music-Rev,0.1,ept_boundary_ratio_greedy,110,996,21,620.8097389558233
Music-Rev,0.1,ept_boundary_ratio_greedy,110,996,22,649.0450803212851
Music-Rev,0.1,ept_boundary_ratio_greedy,110,996,23,673.8184738955823
Music-Rev,0.1,ept_boundary_ratio_greedy,110,996,24,695.3211847389558
Music-Rev,0.1,ept_boundary_ratio_greedy,110,996,25,714.1549196787148
Music-Rev,0.1,ept_broker_strength,110,996,0,1
Music-Rev,0.1,ept_broker_strength,110,996,1,1.8481927710843373
Music-Rev,0.1,ept_broker_strength,110,996,2,2.8420682730923694
Music-Rev,0.1,ept_broker_strength,110,996,3,4.142871485943775
Music-Rev,0.1,ept_broker_strength,110,996,4,6.172489959839357
Music-Rev,0.1,ept_broker_strength,110,996,5,9.07590361445783
Music-Rev,0.1,ept_broker_strength,110,996,6,13.411847389558233
Music-Rev,0.1,ept_broker_strength,110,996,7,19.44066265060241
Music-Rev,0.1,ept_broker_strength,110,996,8,27.97479919678715
Music-Rev,0.1,ept_broker_strength,110,996,9,40.23514056224899
Music-Rev,0.1,ept_broker_strength,110,996,10,56.96265060240964
Music-Rev,0.1,ept_broker_strength,110,996,11,78.41024096385541
Music-Rev,0.1,ept_broker_strength,110,996,12,104.3762048192771
Music-Rev,0.1,ept_broker_strength,110,996,13,134.92038152610442
Music-Rev,0.1,ept_broker_strength,110,996,14,169.5878514056225
Music-Rev,0.1,ept_broker_strength,110,996,15,207.4773092369478
Music-Rev,0.1,ept_broker_strength,110,996,16,247.6222891566265
Music-Rev,0.1,ept_broker_strength,110,996,17,289.0273092369478
Music-Rev,0.1,ept_broker_strength,110,996,18,331.26425702811247
Music-Rev,0.1,ept_broker_strength,110,996,19,373.75873493975905
Music-Rev,0.1,ept_broker_strength,110,996,20,415.8171686746988
Music-Rev,0.1,ept_broker_strength,110,996,21,456.9987951807229
Music-Rev,0.1,ept_broker_strength,110,996,22,496.69869477911647
Music-Rev,0.1,ept_broker_strength,110,996,23,534.5642570281125
Music-Rev,0.1,ept_broker_strength,110,996,24,569.8378514056225
Music-Rev,0.1,ept_broker_strength,110,996,25,602.2372489959839
Music-Rev,0.1,ept_broker_strength_greedy,110,996,0,1
Music-Rev,0.1,ept_broker_strength_greedy,110,996,1,1.8394578313253012
Music-Rev,0.1,ept_broker_strength_greedy,110,996,2,2.839859437751004
Music-Rev,0.1,ept_broker_strength_greedy,110,996,3,4.133032128514056
Music-Rev,0.1,ept_broker_strength_greedy,110,996,4,6.134738955823293
Music-Rev,0.1,ept_broker_strength_greedy,110,996,5,8.995381526104417
Music-Rev,0.1,ept_broker_strength_greedy,110,996,6,13.280421686746989
Music-Rev,0.1,ept_broker_strength_greedy,110,996,7,19.231124497991967
Music-Rev,0.1,ept_broker_strength_greedy,110,996,8,27.5960843373494
Music-Rev,0.1,ept_broker_strength_greedy,110,996,9,39.46265060240964
Music-Rev,0.1,ept_broker_strength_greedy,110,996,10,55.662751004016066
Music-Rev,0.1,ept_broker_strength_greedy,110,996,11,76.15833333333333
Music-Rev,0.1,ept_broker_strength_greedy,110,996,12,100.96425702811246
Music-Rev,0.1,ept_broker_strength_greedy,110,996,13,129.88232931726907
Music-Rev,0.1,ept_broker_strength_greedy,110,996,14,162.30722891566265
Music-Rev,0.1,ept_broker_strength_greedy,110,996,15,197.2043172690763
Music-Rev,0.1,ept_broker_strength_greedy,110,996,16,233.54698795180724
Music-Rev,0.1,ept_broker_strength_greedy,110,996,17,270.59277108433736
Music-Rev,0.1,ept_broker_strength_greedy,110,996,18,308.1482931726908
Music-Rev,0.1,ept_broker_strength_greedy,110,996,19,345.7527108433735
Music-Rev,0.1,ept_broker_strength_greedy,110,996,20,383.4394578313253
Music-Rev,0.1,ept_broker_strength_greedy,110,996,21,420.9767068273092
Music-Rev,0.1,ept_broker_strength_greedy,110,996,22,458.1766064257028
Music-Rev,0.1,ept_broker_strength_greedy,110,996,23,494.5862449799197
Music-Rev,0.1,ept_broker_strength_greedy,110,996,24,529.6987951807229
Music-Rev,0.1,ept_broker_strength_greedy,110,996,25,563.0002008032128
Music-Rev,0.1,ept_pagerank,110,996,0,1
Music-Rev,0.1,ept_pagerank,110,996,1,1.8865461847389557
Music-Rev,0.1,ept_pagerank,110,996,2,2.959538152610442
Music-Rev,0.1,ept_pagerank,110,996,3,4.563955823293172
Music-Rev,0.1,ept_pagerank,110,996,4,7.126706827309237
Music-Rev,0.1,ept_pagerank,110,996,5,10.96194779116466
Music-Rev,0.1,ept_pagerank,110,996,6,16.99929718875502
Music-Rev,0.1,ept_pagerank,110,996,7,26.06967871485944
Music-Rev,0.1,ept_pagerank,110,996,8,39.43664658634538
Music-Rev,0.1,ept_pagerank,110,996,9,57.5671686746988
Music-Rev,0.1,ept_pagerank,110,996,10,80.66656626506024
Music-Rev,0.1,ept_pagerank,110,996,11,108.59628514056224
Music-Rev,0.1,ept_pagerank,110,996,12,140.09096385542168
Music-Rev,0.1,ept_pagerank,110,996,13,173.32008032128513
Music-Rev,0.1,ept_pagerank,110,996,14,206.91335341365462
Music-Rev,0.1,ept_pagerank,110,996,15,240.20220883534137
Music-Rev,0.1,ept_pagerank,110,996,16,272.89076305220885
Music-Rev,0.1,ept_pagerank,110,996,17,305.08022088353414
Music-Rev,0.1,ept_pagerank,110,996,18,337.13734939759036
Music-Rev,0.1,ept_pagerank,110,996,19,368.999297188755
Music-Rev,0.1,ept_pagerank,110,996,20,401.14799196787146
Music-Rev,0.1,ept_pagerank,110,996,21,433.6913654618474
Music-Rev,0.1,ept_pagerank,110,996,22,466.0834337349398
Music-Rev,0.1,ept_pagerank,110,996,23,497.8955823293173
Music-Rev,0.1,ept_pagerank,110,996,24,528.6088353413654
Music-Rev,0.1,ept_pagerank,110,996,25,557.8145582329317
Music-Rev,0.1,ept_pagerank_greedy,110,996,0,1
Music-Rev,0.1,ept_pagerank_greedy,110,996,1,1.8789156626506025
Music-Rev,0.1,ept_pagerank_greedy,110,996,2,2.9565261044176707
Music-Rev,0.1,ept_pagerank_greedy,110,996,3,4.5738955823293175
Music-Rev,0.1,ept_pagerank_greedy,110,996,4,7.0927710843373495
Music-Rev,0.1,ept_pagerank_greedy,110,996,5,10.921184738955823
Music-Rev,0.1,ept_pagerank_greedy,110,996,6,16.856124497991967
Music-Rev,0.1,ept_pagerank_greedy,110,996,7,25.6824297188755
Music-Rev,0.1,ept_pagerank_greedy,110,996,8,38.685341365461845
Music-Rev,0.1,ept_pagerank_greedy,110,996,9,56.286345381526104
Music-Rev,0.1,ept_pagerank_greedy,110,996,10,78.88524096385542
Music-Rev,0.1,ept_pagerank_greedy,110,996,11,106.34427710843373
Music-Rev,0.1,ept_pagerank_greedy,110,996,12,137.46516064257028
Music-Rev,0.1,ept_pagerank_greedy,110,996,13,170.80050200803214
Music-Rev,0.1,ept_pagerank_greedy,110,996,14,204.9269076305221
Music-Rev,0.1,ept_pagerank_greedy,110,996,15,238.82429718875503
Music-Rev,0.1,ept_pagerank_greedy,110,996,16,272.49116465863455
Music-Rev,0.1,ept_pagerank_greedy,110,996,17,305.9463855421687
Music-Rev,0.1,ept_pagerank_greedy,110,996,18,339.171686746988
Music-Rev,0.1,ept_pagerank_greedy,110,996,19,372.39869477911645
Music-Rev,0.1,ept_pagerank_greedy,110,996,20,405.5967871485944
Music-Rev,0.1,ept_pagerank_greedy,110,996,21,438.8472891566265
Music-Rev,0.1,ept_pagerank_greedy,110,996,22,471.7090361445783
Music-Rev,0.1,ept_pagerank_greedy,110,996,23,503.55170682730926
Music-Rev,0.1,ept_pagerank_greedy,110,996,24,533.9706827309237
Music-Rev,0.1,ept_pagerank_greedy,110,996,25,562.4550200803213
Music-Rev,0.1,ept_total_strength,110,996,0,1
Music-Rev,0.1,ept_total_strength,110,996,1,1.841566265060241
Music-Rev,0.1,ept_total_strength,110,996,2,2.835240963855422
Music-Rev,0.1,ept_total_strength,110,996,3,4.091566265060241
Music-Rev,0.1,ept_total_strength,110,996,4,6.066967871485944
Music-Rev,0.1,ept_total_strength,110,996,5,8.890963855421687
Music-Rev,0.1,ept_total_strength,110,996,6,13.173995983935743
Music-Rev,0.1,ept_total_strength,110,996,7,19.07218875502008
Music-Rev,0.1,ept_total_strength,110,996,8,27.569076305220882
Music-Rev,0.1,ept_total_strength,110,996,9,39.650200803212854
Music-Rev,0.1,ept_total_strength,110,996,10,56.18132530120482
Music-Rev,0.1,ept_total_strength,110,996,11,77.2574297188755
Music-Rev,0.1,ept_total_strength,110,996,12,103.11485943775101
Music-Rev,0.1,ept_total_strength,110,996,13,133.48674698795182
Music-Rev,0.1,ept_total_strength,110,996,14,168.03684738955823
Music-Rev,0.1,ept_total_strength,110,996,15,205.795281124498
Music-Rev,0.1,ept_total_strength,110,996,16,245.61967871485945
Music-Rev,0.1,ept_total_strength,110,996,17,286.85993975903614
Music-Rev,0.1,ept_total_strength,110,996,18,328.7415662650602
Music-Rev,0.1,ept_total_strength,110,996,19,370.7215863453815
Music-Rev,0.1,ept_total_strength,110,996,20,412.28333333333336
Music-Rev,0.1,ept_total_strength,110,996,21,452.9801204819277
Music-Rev,0.1,ept_total_strength,110,996,22,492.24598393574297
Music-Rev,0.1,ept_total_strength,110,996,23,529.6666666666666
Music-Rev,0.1,ept_total_strength,110,996,24,564.752108433735
Music-Rev,0.1,ept_total_strength,110,996,25,597.0039156626506
Music-Rev,0.1,ept_total_strength_greedy,110,996,0,1
Music-Rev,0.1,ept_total_strength_greedy,110,996,1,1.8315261044176707
Music-Rev,0.1,ept_total_strength_greedy,110,996,2,2.8029116465863453
Music-Rev,0.1,ept_total_strength_greedy,110,996,3,4.122289156626506
Music-Rev,0.1,ept_total_strength_greedy,110,996,4,6.0856425702811245
Music-Rev,0.1,ept_total_strength_greedy,110,996,5,8.974497991967871
Music-Rev,0.1,ept_total_strength_greedy,110,996,6,13.265261044176707
Music-Rev,0.1,ept_total_strength_greedy,110,996,7,19.211345381526105
Music-Rev,0.1,ept_total_strength_greedy,110,996,8,27.826706827309238
Music-Rev,0.1,ept_total_strength_greedy,110,996,9,39.95682730923695
Music-Rev,0.1,ept_total_strength_greedy,110,996,10,56.35481927710843
Music-Rev,0.1,ept_total_strength_greedy,110,996,11,77.18142570281124
Music-Rev,0.1,ept_total_strength_greedy,110,996,12,102.2758032128514
Music-Rev,0.1,ept_total_strength_greedy,110,996,13,131.28654618473897
Music-Rev,0.1,ept_total_strength_greedy,110,996,14,163.55923694779116
Music-Rev,0.1,ept_total_strength_greedy,110,996,15,197.93353413654617
Music-Rev,0.1,ept_total_strength_greedy,110,996,16,233.49076305220885
Music-Rev,0.1,ept_total_strength_greedy,110,996,17,269.314859437751
Music-Rev,0.1,ept_total_strength_greedy,110,996,18,305.1397590361446
Music-Rev,0.1,ept_total_strength_greedy,110,996,19,341.08995983935745
Music-Rev,0.1,ept_total_strength_greedy,110,996,20,376.93102409638556
Music-Rev,0.1,ept_total_strength_greedy,110,996,21,412.4917670682731
Music-Rev,0.1,ept_total_strength_greedy,110,996,22,447.88925702811247
Music-Rev,0.1,ept_total_strength_greedy,110,996,23,482.65421686746987
Music-Rev,0.1,ept_total_strength_greedy,110,996,24,516.5441767068273
Music-Rev,0.1,ept_total_strength_greedy,110,996,25,549.0203815261044
Music-Rev,0.1,ept_out_strength,110,996,0,1
Music-Rev,0.1,ept_out_strength,110,996,1,1.9493975903614458
Music-Rev,0.1,ept_out_strength,110,996,2,3.1450803212851404
Music-Rev,0.1,ept_out_strength,110,996,3,4.850301204819277
Music-Rev,0.1,ept_out_strength,110,996,4,7.644377510040161
Music-Rev,0.1,ept_out_strength,110,996,5,11.889759036144579
Music-Rev,0.1,ept_out_strength,110,996,6,18.358734939759035
Music-Rev,0.1,ept_out_strength,110,996,7,28.037048192771085
Music-Rev,0.1,ept_out_strength,110,996,8,42.71957831325301
Music-Rev,0.1,ept_out_strength,110,996,9,63.882630522088355
Music-Rev,0.1,ept_out_strength,110,996,10,91.77429718875501
Music-Rev,0.1,ept_out_strength,110,996,11,126.91445783132531
Music-Rev,0.1,ept_out_strength,110,996,12,169.39246987951807
Music-Rev,0.1,ept_out_strength,110,996,13,218.29427710843373
Music-Rev,0.1,ept_out_strength,110,996,14,271.30532128514056
Music-Rev,0.1,ept_out_strength,110,996,15,326.6816265060241
Music-Rev,0.1,ept_out_strength,110,996,16,382.28704819277107
Music-Rev,0.1,ept_out_strength,110,996,17,436.3934738955823
Music-Rev,0.1,ept_out_strength,110,996,18,487.32730923694777
Music-Rev,0.1,ept_out_strength,110,996,19,533.8863453815261
Music-Rev,0.1,ept_out_strength,110,996,20,575.3918674698796
Music-Rev,0.1,ept_out_strength,110,996,21,611.5567269076305
Music-Rev,0.1,ept_out_strength,110,996,22,642.8808232931727
Music-Rev,0.1,ept_out_strength,110,996,23,669.9147590361446
Music-Rev,0.1,ept_out_strength,110,996,24,693.0871485943775
Music-Rev,0.1,ept_out_strength,110,996,25,713.2896586345381
Music-Rev,0.1,ept_out_strength_greedy,110,996,0,1
Music-Rev,0.1,ept_out_strength_greedy,110,996,1,1.944879518072289
Music-Rev,0.1,ept_out_strength_greedy,110,996,2,3.1159638554216866
Music-Rev,0.1,ept_out_strength_greedy,110,996,3,4.767670682730924
Music-Rev,0.1,ept_out_strength_greedy,110,996,4,7.454016064257028
Music-Rev,0.1,ept_out_strength_greedy,110,996,5,11.564658634538153
Music-Rev,0.1,ept_out_strength_greedy,110,996,6,17.832831325301203
Music-Rev,0.1,ept_out_strength_greedy,110,996,7,27.091967871485945
Music-Rev,0.1,ept_out_strength_greedy,110,996,8,41.26736947791164
Music-Rev,0.1,ept_out_strength_greedy,110,996,9,61.689156626506026
Music-Rev,0.1,ept_out_strength_greedy,110,996,10,88.87479919678715
Music-Rev,0.1,ept_out_strength_greedy,110,996,11,123.18062248995984
Music-Rev,0.1,ept_out_strength_greedy,110,996,12,164.9472891566265
Music-Rev,0.1,ept_out_strength_greedy,110,996,13,213.12359437751005
Music-Rev,0.1,ept_out_strength_greedy,110,996,14,265.5501004016064
Music-Rev,0.1,ept_out_strength_greedy,110,996,15,320.64236947791164
Music-Rev,0.1,ept_out_strength_greedy,110,996,16,376.1307228915663
Music-Rev,0.1,ept_out_strength_greedy,110,996,17,430.08644578313255
Music-Rev,0.1,ept_out_strength_greedy,110,996,18,481.1921686746988
Music-Rev,0.1,ept_out_strength_greedy,110,996,19,528.1444779116466
Music-Rev,0.1,ept_out_strength_greedy,110,996,20,570.0115461847389
Music-Rev,0.1,ept_out_strength_greedy,110,996,21,606.6689759036144
Music-Rev,0.1,ept_out_strength_greedy,110,996,22,638.37218875502
Music-Rev,0.1,ept_out_strength_greedy,110,996,23,665.8876506024096
Music-Rev,0.1,ept_out_strength_greedy,110,996,24,689.3701807228915
Music-Rev,0.1,ept_out_strength_greedy,110,996,25,709.8256024096386
Music-Rev,0.2,degree,221,885,0,1
Music-Rev,0.2,degree,221,885,1,1.7827118644067796
Music-Rev,0.2,degree,221,885,2,2.696271186440678
Music-Rev,0.2,degree,221,885,3,4.0405649717514125
Music-Rev,0.2,degree,221,885,4,6.080677966101695
Music-Rev,0.2,degree,221,885,5,9.12723163841808
Music-Rev,0.2,degree,221,885,6,13.683050847457627
Music-Rev,0.2,degree,221,885,7,20.228813559322035
Music-Rev,0.2,degree,221,885,8,29.926892655367233
Music-Rev,0.2,degree,221,885,9,43.423050847457624
Music-Rev,0.2,degree,221,885,10,60.35333333333333
Music-Rev,0.2,degree,221,885,11,80.7445197740113
Music-Rev,0.2,degree,221,885,12,103.89039548022599
Music-Rev,0.2,degree,221,885,13,128.56677966101694
Music-Rev,0.2,degree,221,885,14,153.09389830508474
Music-Rev,0.2,degree,221,885,15,176.55954802259888
Music-Rev,0.2,degree,221,885,16,198.11774011299434
Music-Rev,0.2,degree,221,885,17,217.5542372881356
Music-Rev,0.2,degree,221,885,18,234.96881355932203
Music-Rev,0.2,degree,221,885,19,250.46870056497175
Music-Rev,0.2,degree,221,885,20,264.37446327683614
Music-Rev,0.2,degree,221,885,21,276.935593220339
Music-Rev,0.2,degree,221,885,22,288.7174011299435
Music-Rev,0.2,degree,221,885,23,299.950395480226
Music-Rev,0.2,degree,221,885,24,310.8529943502825
Music-Rev,0.2,degree,221,885,25,321.58361581920906
Music-Rev,0.2,degree_greedy,221,885,0,1
Music-Rev,0.2,degree_greedy,221,885,1,1.7370621468926553
Music-Rev,0.2,degree_greedy,221,885,2,2.571864406779661
Music-Rev,0.2,degree_greedy,221,885,3,3.697062146892655
Music-Rev,0.2,degree_greedy,221,885,4,5.322485875706215
Music-Rev,0.2,degree_greedy,221,885,5,7.646327683615819
Music-Rev,0.2,degree_greedy,221,885,6,11.128813559322033
Music-Rev,0.2,degree_greedy,221,885,7,15.80734463276836
Music-Rev,0.2,degree_greedy,221,885,8,22.530734463276836
Music-Rev,0.2,degree_greedy,221,885,9,31.808474576271188
Music-Rev,0.2,degree_greedy,221,885,10,44.047457627118646
Music-Rev,0.2,degree_greedy,221,885,11,59.09220338983051
Music-Rev,0.2,degree_greedy,221,885,12,76.78338983050847
Music-Rev,0.2,degree_greedy,221,885,13,96.65129943502825
Music-Rev,0.2,degree_greedy,221,885,14,117.98395480225989
Music-Rev,0.2,degree_greedy,221,885,15,139.81819209039548
Music-Rev,0.2,degree_greedy,221,885,16,161.0476836158192
Music-Rev,0.2,degree_greedy,221,885,17,181.1172881355932
Music-Rev,0.2,degree_greedy,221,885,18,199.68022598870056
Music-Rev,0.2,degree_greedy,221,885,19,216.66734463276836
Music-Rev,0.2,degree_greedy,221,885,20,232.30372881355933
Music-Rev,0.2,degree_greedy,221,885,21,246.68610169491527
Music-Rev,0.2,degree_greedy,221,885,22,259.85129943502824
Music-Rev,0.2,degree_greedy,221,885,23,272.1081355932203
Music-Rev,0.2,degree_greedy,221,885,24,283.76666666666665
Music-Rev,0.2,degree_greedy,221,885,25,295.05977401129945
Music-Rev,0.2,hyperdegree,221,885,0,1
Music-Rev,0.2,hyperdegree,221,885,1,1.8449717514124293
Music-Rev,0.2,hyperdegree,221,885,2,2.9280225988700566
Music-Rev,0.2,hyperdegree,221,885,3,4.591073446327684
Music-Rev,0.2,hyperdegree,221,885,4,7.171186440677966
Music-Rev,0.2,hyperdegree,221,885,5,11.27231638418079
Music-Rev,0.2,hyperdegree,221,885,6,17.549265536723166
Music-Rev,0.2,hyperdegree,221,885,7,27.041694915254237
Music-Rev,0.2,hyperdegree,221,885,8,41.25774011299435
Music-Rev,0.2,hyperdegree,221,885,9,59.98203389830508
Music-Rev,0.2,hyperdegree,221,885,10,83.3083615819209
Music-Rev,0.2,hyperdegree,221,885,11,110.61559322033898
Music-Rev,0.2,hyperdegree,221,885,12,140.44655367231638
Music-Rev,0.2,hyperdegree,221,885,13,171.13073446327684
Music-Rev,0.2,hyperdegree,221,885,14,201.60553672316385
Music-Rev,0.2,hyperdegree,221,885,15,231.1032768361582
Music-Rev,0.2,hyperdegree,221,885,16,259.99435028248587
Music-Rev,0.2,hyperdegree,221,885,17,288.3864406779661
Music-Rev,0.2,hyperdegree,221,885,18,316.49954802259884
Music-Rev,0.2,hyperdegree,221,885,19,344.6405649717514
Music-Rev,0.2,hyperdegree,221,885,20,372.60824858757064
Music-Rev,0.2,hyperdegree,221,885,21,400.1631638418079
Music-Rev,0.2,hyperdegree,221,885,22,427.0264406779661
Music-Rev,0.2,hyperdegree,221,885,23,452.8477966101695
Music-Rev,0.2,hyperdegree,221,885,24,477.09672316384183
Music-Rev,0.2,hyperdegree,221,885,25,499.37514124293784
Music-Rev,0.2,hyperdegree_greedy,221,885,0,1
Music-Rev,0.2,hyperdegree_greedy,221,885,1,1.8449717514124293
Music-Rev,0.2,hyperdegree_greedy,221,885,2,2.9280225988700566
Music-Rev,0.2,hyperdegree_greedy,221,885,3,4.591073446327684
Music-Rev,0.2,hyperdegree_greedy,221,885,4,7.171186440677966
Music-Rev,0.2,hyperdegree_greedy,221,885,5,11.27231638418079
Music-Rev,0.2,hyperdegree_greedy,221,885,6,17.549265536723166
Music-Rev,0.2,hyperdegree_greedy,221,885,7,27.041694915254237
Music-Rev,0.2,hyperdegree_greedy,221,885,8,41.25774011299435
Music-Rev,0.2,hyperdegree_greedy,221,885,9,59.98203389830508
Music-Rev,0.2,hyperdegree_greedy,221,885,10,83.3083615819209
Music-Rev,0.2,hyperdegree_greedy,221,885,11,110.61559322033898
Music-Rev,0.2,hyperdegree_greedy,221,885,12,140.44655367231638
Music-Rev,0.2,hyperdegree_greedy,221,885,13,171.13073446327684
Music-Rev,0.2,hyperdegree_greedy,221,885,14,201.60553672316385
Music-Rev,0.2,hyperdegree_greedy,221,885,15,231.1032768361582
Music-Rev,0.2,hyperdegree_greedy,221,885,16,259.99435028248587
Music-Rev,0.2,hyperdegree_greedy,221,885,17,288.3864406779661
Music-Rev,0.2,hyperdegree_greedy,221,885,18,316.49954802259884
Music-Rev,0.2,hyperdegree_greedy,221,885,19,344.6405649717514
Music-Rev,0.2,hyperdegree_greedy,221,885,20,372.60824858757064
Music-Rev,0.2,hyperdegree_greedy,221,885,21,400.1631638418079
Music-Rev,0.2,hyperdegree_greedy,221,885,22,427.0264406779661
Music-Rev,0.2,hyperdegree_greedy,221,885,23,452.8477966101695
Music-Rev,0.2,hyperdegree_greedy,221,885,24,477.09672316384183
Music-Rev,0.2,hyperdegree_greedy,221,885,25,499.37514124293784
Music-Rev,0.2,random,221,885,0,1
Music-Rev,0.2,random,221,885,1,1.9194350282485875
Music-Rev,0.2,random,221,885,2,3.030169491525424
Music-Rev,0.2,random,221,885,3,4.580677966101695
Music-Rev,0.2,random,221,885,4,7.160112994350283
Music-Rev,0.2,random,221,885,5,10.905875706214688
Music-Rev,0.2,random,221,885,6,16.650169491525425
Music-Rev,0.2,random,221,885,7,24.991525423728813
Music-Rev,0.2,random,221,885,8,37.243050847457624
Music-Rev,0.2,random,221,885,9,54.349265536723166
Music-Rev,0.2,random,221,885,10,77.01740112994351
Music-Rev,0.2,random,221,885,11,105.5438418079096
Music-Rev,0.2,random,221,885,12,139.48723163841808
Music-Rev,0.2,random,221,885,13,178.4213559322034
Music-Rev,0.2,random,221,885,14,220.9430508474576
Music-Rev,0.2,random,221,885,15,265.9360451977401
Music-Rev,0.2,random,221,885,16,311.9263276836158
Music-Rev,0.2,random,221,885,17,357.4840677966102
Music-Rev,0.2,random,221,885,18,401.2632768361582
Music-Rev,0.2,random,221,885,19,442.69796610169493
Music-Rev,0.2,random,221,885,20,481.03819209039546
Music-Rev,0.2,random,221,885,21,515.7926553672316
Music-Rev,0.2,random,221,885,22,546.6164971751413
Music-Rev,0.2,random,221,885,23,573.5016949152542
Music-Rev,0.2,random,221,885,24,596.7881355932203
Music-Rev,0.2,random,221,885,25,616.8892655367232
Music-Rev,0.2,random_greedy,221,885,0,1
Music-Rev,0.2,random_greedy,221,885,1,1.9296045197740113
Music-Rev,0.2,random_greedy,221,885,2,3.084858757062147
Music-Rev,0.2,random_greedy,221,885,3,4.732090395480226
Music-Rev,0.2,random_greedy,221,885,4,7.348361581920904
Music-Rev,0.2,random_greedy,221,885,5,11.265988700564971
Music-Rev,0.2,random_greedy,221,885,6,17.228361581920904
Music-Rev,0.2,random_greedy,221,885,7,25.964745762711864
Music-Rev,0.2,random_greedy,221,885,8,38.832542372881356
Music-Rev,0.2,random_greedy,221,885,9,56.69050847457627
Music-Rev,0.2,random_greedy,221,885,10,80.18293785310735
Music-Rev,0.2,random_greedy,221,885,11,109.5116384180791
Music-Rev,0.2,random_greedy,221,885,12,144.43536723163842
Music-Rev,0.2,random_greedy,221,885,13,184.2284745762712
Music-Rev,0.2,random_greedy,221,885,14,227.2916384180791
Music-Rev,0.2,random_greedy,221,885,15,272.71446327683617
Music-Rev,0.2,random_greedy,221,885,16,318.9998870056497
Music-Rev,0.2,random_greedy,221,885,17,364.82553672316385
Music-Rev,0.2,random_greedy,221,885,18,409.0923163841808
Music-Rev,0.2,random_greedy,221,885,19,450.8781920903955
Music-Rev,0.2,random_greedy,221,885,20,489.2568361581921
Music-Rev,0.2,random_greedy,221,885,21,523.8432768361582
Music-Rev,0.2,random_greedy,221,885,22,554.2500564971751
Music-Rev,0.2,random_greedy,221,885,23,580.5204519774011
Music-Rev,0.2,random_greedy,221,885,24,602.9897175141243
Music-Rev,0.2,random_greedy,221,885,25,622.1606779661017
Music-Rev,0.2,avg_hyperedge_size,221,885,0,1
Music-Rev,0.2,avg_hyperedge_size,221,885,1,1.8344632768361582
Music-Rev,0.2,avg_hyperedge_size,221,885,2,2.8211299435028248
Music-Rev,0.2,avg_hyperedge_size,221,885,3,4.148926553672316
Music-Rev,0.2,avg_hyperedge_size,221,885,4,6.229717514124294
Music-Rev,0.2,avg_hyperedge_size,221,885,5,9.29412429378531
Music-Rev,0.2,avg_hyperedge_size,221,885,6,13.846101694915255
Music-Rev,0.2,avg_hyperedge_size,221,885,7,20.44271186440678
Music-Rev,0.2,avg_hyperedge_size,221,885,8,29.939322033898303
Music-Rev,0.2,avg_hyperedge_size,221,885,9,43.51220338983051
Music-Rev,0.2,avg_hyperedge_size,221,885,10,61.601129943502826
Music-Rev,0.2,avg_hyperedge_size,221,885,11,84.3271186440678
Music-Rev,0.2,avg_hyperedge_size,221,885,12,111.74079096045197
Music-Rev,0.2,avg_hyperedge_size,221,885,13,143.57943502824858
Music-Rev,0.2,avg_hyperedge_size,221,885,14,179.04870056497174
Music-Rev,0.2,avg_hyperedge_size,221,885,15,217.23107344632768
Music-Rev,0.2,avg_hyperedge_size,221,885,16,256.96158192090394
Music-Rev,0.2,avg_hyperedge_size,221,885,17,297.3813559322034
Music-Rev,0.2,avg_hyperedge_size,221,885,18,337.4568361581921
Music-Rev,0.2,avg_hyperedge_size,221,885,19,376.59276836158193
Music-Rev,0.2,avg_hyperedge_size,221,885,20,414.1706214689265
Music-Rev,0.2,avg_hyperedge_size,221,885,21,449.16870056497174
Music-Rev,0.2,avg_hyperedge_size,221,885,22,481.49468926553675
Music-Rev,0.2,avg_hyperedge_size,221,885,23,511.22112994350283
Music-Rev,0.2,avg_hyperedge_size,221,885,24,538.215593220339
Music-Rev,0.2,avg_hyperedge_size,221,885,25,562.5457627118644
Music-Rev,0.2,avg_hyperedge_size_greedy,221,885,0,1
Music-Rev,0.2,avg_hyperedge_size_greedy,221,885,1,1.8128813559322035
Music-Rev,0.2,avg_hyperedge_size_greedy,221,885,2,2.7647457627118643
Music-Rev,0.2,avg_hyperedge_size_greedy,221,885,3,3.9780790960451977
Music-Rev,0.2,avg_hyperedge_size_greedy,221,885,4,5.916949152542373
Music-Rev,0.2,avg_hyperedge_size_greedy,221,885,5,8.704858757062146
Music-Rev,0.2,avg_hyperedge_size_greedy,221,885,6,12.825762711864407
Music-Rev,0.2,avg_hyperedge_size_greedy,221,885,7,18.663276836158193
Music-Rev,0.2,avg_hyperedge_size_greedy,221,885,8,26.915141242937853
Music-Rev,0.2,avg_hyperedge_size_greedy,221,885,9,38.794689265536725
Music-Rev,0.2,avg_hyperedge_size_greedy,221,885,10,55.30802259887005
Music-Rev,0.2,avg_hyperedge_size_greedy,221,885,11,76.75694915254238
Music-Rev,0.2,avg_hyperedge_size_greedy,221,885,12,102.80112994350283
Music-Rev,0.2,avg_hyperedge_size_greedy,221,885,13,133.47898305084746
Music-Rev,0.2,avg_hyperedge_size_greedy,221,885,14,168.69954802259886
Music-Rev,0.2,avg_hyperedge_size_greedy,221,885,15,207.6031638418079
Music-Rev,0.2,avg_hyperedge_size_greedy,221,885,16,248.8116384180791
Music-Rev,0.2,avg_hyperedge_size_greedy,221,885,17,290.91514124293786
Music-Rev,0.2,avg_hyperedge_size_greedy,221,885,18,332.83525423728815
Music-Rev,0.2,avg_hyperedge_size_greedy,221,885,19,373.85988700564974
Music-Rev,0.2,avg_hyperedge_size_greedy,221,885,20,412.89853107344635
Music-Rev,0.2,avg_hyperedge_size_greedy,221,885,21,449.4076836158192
Music-Rev,0.2,avg_hyperedge_size_greedy,221,885,22,482.898418079096
Music-Rev,0.2,avg_hyperedge_size_greedy,221,885,23,513.3840677966102
Music-Rev,0.2,avg_hyperedge_size_greedy,221,885,24,540.8842937853108
Music-Rev,0.2,avg_hyperedge_size_greedy,221,885,25,565.4567231638418
Music-Rev,0.2,count_communities_in_hedges,221,885,0,1
Music-Rev,0.2,count_communities_in_hedges,221,885,1,1.8871186440677965
Music-Rev,0.2,count_communities_in_hedges,221,885,2,2.9963841807909604
Music-Rev,0.2,count_communities_in_hedges,221,885,3,4.756158192090395
Music-Rev,0.2,count_communities_in_hedges,221,885,4,7.625423728813559
Music-Rev,0.2,count_communities_in_hedges,221,885,5,12.166214689265537
Music-Rev,0.2,count_communities_in_hedges,221,885,6,19.467118644067796
Music-Rev,0.2,count_communities_in_hedges,221,885,7,30.671525423728813
Music-Rev,0.2,count_communities_in_hedges,221,885,8,47.23005649717514
Music-Rev,0.2,count_communities_in_hedges,221,885,9,69.09073446327683
Music-Rev,0.2,count_communities_in_hedges,221,885,10,95.99694915254237
Music-Rev,0.2,count_communities_in_hedges,221,885,11,126.64429378531074
Music-Rev,0.2,count_communities_in_hedges,221,885,12,158.11344632768362
Music-Rev,0.2,count_communities_in_hedges,221,885,13,188.23593220338984
Music-Rev,0.2,count_communities_in_hedges,221,885,14,215.49502824858757
Music-Rev,0.2,count_communities_in_hedges,221,885,15,239.02361581920903
Music-Rev,0.2,count_communities_in_hedges,221,885,16,258.8507344632768
Music-Rev,0.2,count_communities_in_hedges,221,885,17,275.6066666666667
Music-Rev,0.2,count_communities_in_hedges,221,885,18,289.93706214689263
Music-Rev,0.2,count_communities_in_hedges,221,885,19,302.34327683615817
Music-Rev,0.2,count_communities_in_hedges,221,885,20,313.43954802259884
Music-Rev,0.2,count_communities_in_hedges,221,885,21,323.5621468926554
Music-Rev,0.2,count_communities_in_hedges,221,885,22,333.138418079096
Music-Rev,0.2,count_communities_in_hedges,221,885,23,342.3484745762712
Music-Rev,0.2,count_communities_in_hedges,221,885,24,351.4250847457627
Music-Rev,0.2,count_communities_in_hedges,221,885,25,360.4877966101695
Music-Rev,0.2,count_communities_in_hedges_greedy,221,885,0,1
Music-Rev,0.2,count_communities_in_hedges_greedy,221,885,1,1.8875706214689265
Music-Rev,0.2,count_communities_in_hedges_greedy,221,885,2,2.986553672316384
Music-Rev,0.2,count_communities_in_hedges_greedy,221,885,3,4.745197740112994
Music-Rev,0.2,count_communities_in_hedges_greedy,221,885,4,7.604858757062147
Music-Rev,0.2,count_communities_in_hedges_greedy,221,885,5,12.123728813559323
Music-Rev,0.2,count_communities_in_hedges_greedy,221,885,6,19.437514124293784
Music-Rev,0.2,count_communities_in_hedges_greedy,221,885,7,30.634011299435027
Music-Rev,0.2,count_communities_in_hedges_greedy,221,885,8,47.20677966101695
Music-Rev,0.2,count_communities_in_hedges_greedy,221,885,9,69.10440677966102
Music-Rev,0.2,count_communities_in_hedges_greedy,221,885,10,95.99604519774012
Music-Rev,0.2,count_communities_in_hedges_greedy,221,885,11,126.69694915254237
Music-Rev,0.2,count_communities_in_hedges_greedy,221,885,12,158.01435028248588
Music-Rev,0.2,count_communities_in_hedges_greedy,221,885,13,188.0343502824859
Music-Rev,0.2,count_communities_in_hedges_greedy,221,885,14,215.04542372881355
Music-Rev,0.2,count_communities_in_hedges_greedy,221,885,15,238.38564971751413
Music-Rev,0.2,count_communities_in_hedges_greedy,221,885,16,258.0613559322034
Music-Rev,0.2,count_communities_in_hedges_greedy,221,885,17,274.52090395480224
Music-Rev,0.2,count_communities_in_hedges_greedy,221,885,18,288.4128813559322
Music-Rev,0.2,count_communities_in_hedges_greedy,221,885,19,300.38598870056495
Music-Rev,0.2,count_communities_in_hedges_greedy,221,885,20,310.9205649717514
Music-Rev,0.2,count_communities_in_hedges_greedy,221,885,21,320.5483615819209
Music-Rev,0.2,count_communities_in_hedges_greedy,221,885,22,329.5516384180791
Music-Rev,0.2,count_communities_in_hedges_greedy,221,885,23,338.15887005649716
Music-Rev,0.2,count_communities_in_hedges_greedy,221,885,24,346.5580790960452
Music-Rev,0.2,count_communities_in_hedges_greedy,221,885,25,354.8865536723164
Music-Rev,0.2,count_ic_hedges,221,885,0,1
Music-Rev,0.2,count_ic_hedges,221,885,1,1.9094915254237288
Music-Rev,0.2,count_ic_hedges,221,885,2,2.992316384180791
Music-Rev,0.2,count_ic_hedges,221,885,3,4.742937853107344
Music-Rev,0.2,count_ic_hedges,221,885,4,7.562711864406779
Music-Rev,0.2,count_ic_hedges,221,885,5,12.020338983050847
Music-Rev,0.2,count_ic_hedges,221,885,6,19.17785310734463
Music-Rev,0.2,count_ic_hedges,221,885,7,30.262033898305084
Music-Rev,0.2,count_ic_hedges,221,885,8,46.79446327683616
Music-Rev,0.2,count_ic_hedges,221,885,9,69.00723163841808
Music-Rev,0.2,count_ic_hedges,221,885,10,96.67367231638418
Music-Rev,0.2,count_ic_hedges,221,885,11,128.93593220338983
Music-Rev,0.2,count_ic_hedges,221,885,12,163.29638418079097
Music-Rev,0.2,count_ic_hedges,221,885,13,197.10474576271187
Music-Rev,0.2,count_ic_hedges,221,885,14,228.95242937853106
Music-Rev,0.2,count_ic_hedges,221,885,15,258.0245197740113
Music-Rev,0.2,count_ic_hedges,221,885,16,284.60033898305085
Music-Rev,0.2,count_ic_hedges,221,885,17,309.0024858757062
Music-Rev,0.2,count_ic_hedges,221,885,18,332.065197740113
Music-Rev,0.2,count_ic_hedges,221,885,19,354.1923163841808
Music-Rev,0.2,count_ic_hedges,221,885,20,375.9775141242938
Music-Rev,0.2,count_ic_hedges,221,885,21,397.7935593220339
Music-Rev,0.2,count_ic_hedges,221,885,22,419.7097175141243
Music-Rev,0.2,count_ic_hedges,221,885,23,441.78282485875707
Music-Rev,0.2,count_ic_hedges,221,885,24,463.6927683615819
Music-Rev,0.2,count_ic_hedges,221,885,25,485.0741242937853
Music-Rev,0.2,count_ic_hedges_greedy,221,885,0,1
Music-Rev,0.2,count_ic_hedges_greedy,221,885,1,1.7946892655367233
Music-Rev,0.2,count_ic_hedges_greedy,221,885,2,2.734011299435028
Music-Rev,0.2,count_ic_hedges_greedy,221,885,3,4.070621468926554
Music-Rev,0.2,count_ic_hedges_greedy,221,885,4,6.1158192090395485
Music-Rev,0.2,count_ic_hedges_greedy,221,885,5,9.10090395480226
Music-Rev,0.2,count_ic_hedges_greedy,221,885,6,13.597062146892656
Music-Rev,0.2,count_ic_hedges_greedy,221,885,7,20.127344632768363
Music-Rev,0.2,count_ic_hedges_greedy,221,885,8,29.703954802259886
Music-Rev,0.2,count_ic_hedges_greedy,221,885,9,42.962598870056496
Music-Rev,0.2,count_ic_hedges_greedy,221,885,10,59.63672316384181
Music-Rev,0.2,count_ic_hedges_greedy,221,885,11,79.41062146892655
Music-Rev,0.2,count_ic_hedges_greedy,221,885,12,102.02745762711865
Music-Rev,0.2,count_ic_hedges_greedy,221,885,13,126.12768361581921
Music-Rev,0.2,count_ic_hedges_greedy,221,885,14,150.2561581920904
Music-Rev,0.2,count_ic_hedges_greedy,221,885,15,173.20146892655367
Music-Rev,0.2,count_ic_hedges_greedy,221,885,16,194.205197740113
Music-Rev,0.2,count_ic_hedges_greedy,221,885,17,213.06553672316383
Music-Rev,0.2,count_ic_hedges_greedy,221,885,18,229.7679096045198
Music-Rev,0.2,count_ic_hedges_greedy,221,885,19,244.56225988700564
Music-Rev,0.2,count_ic_hedges_greedy,221,885,20,257.71322033898304
Music-Rev,0.2,count_ic_hedges_greedy,221,885,21,269.27491525423727
Music-Rev,0.2,count_ic_hedges_greedy,221,885,22,279.76994350282484
Music-Rev,0.2,count_ic_hedges_greedy,221,885,23,289.32621468926556
Music-Rev,0.2,count_ic_hedges_greedy,221,885,24,298.1720903954802
Music-Rev,0.2,count_ic_hedges_greedy,221,885,25,306.51209039548024
Music-Rev,0.2,responsibility_weighted_hdeg,221,885,0,1
Music-Rev,0.2,responsibility_weighted_hdeg,221,885,1,1.8447457627118644
Music-Rev,0.2,responsibility_weighted_hdeg,221,885,2,2.9331073446327682
Music-Rev,0.2,responsibility_weighted_hdeg,221,885,3,4.563728813559322
Music-Rev,0.2,responsibility_weighted_hdeg,221,885,4,7.144519774011299
Music-Rev,0.2,responsibility_weighted_hdeg,221,885,5,11.192994350282486
Music-Rev,0.2,responsibility_weighted_hdeg,221,885,6,17.46587570621469
Music-Rev,0.2,responsibility_weighted_hdeg,221,885,7,26.91039548022599
Music-Rev,0.2,responsibility_weighted_hdeg,221,885,8,41.03559322033898
Music-Rev,0.2,responsibility_weighted_hdeg,221,885,9,59.715819209039545
Music-Rev,0.2,responsibility_weighted_hdeg,221,885,10,82.96293785310735
Music-Rev,0.2,responsibility_weighted_hdeg,221,885,11,110.04531073446327
Music-Rev,0.2,responsibility_weighted_hdeg,221,885,12,139.7083615819209
Music-Rev,0.2,responsibility_weighted_hdeg,221,885,13,170.27887005649717
Music-Rev,0.2,responsibility_weighted_hdeg,221,885,14,200.56790960451977
Music-Rev,0.2,responsibility_weighted_hdeg,221,885,15,230.1690395480226
Music-Rev,0.2,responsibility_weighted_hdeg,221,885,16,259.05050847457625
Music-Rev,0.2,responsibility_weighted_hdeg,221,885,17,287.5335593220339
Music-Rev,0.2,responsibility_weighted_hdeg,221,885,18,315.81401129943504
Music-Rev,0.2,responsibility_weighted_hdeg,221,885,19,343.92858757062146
Music-Rev,0.2,responsibility_weighted_hdeg,221,885,20,371.7526553672316
Music-Rev,0.2,responsibility_weighted_hdeg,221,885,21,399.091186440678
Music-Rev,0.2,responsibility_weighted_hdeg,221,885,22,425.82271186440676
Music-Rev,0.2,responsibility_weighted_hdeg,221,885,23,451.3650847457627
Music-Rev,0.2,responsibility_weighted_hdeg,221,885,24,475.4574011299435
Music-Rev,0.2,responsibility_weighted_hdeg,221,885,25,497.6793220338983
Music-Rev,0.2,responsibility_weighted_hdeg_greedy,221,885,0,1
Music-Rev,0.2,responsibility_weighted_hdeg_greedy,221,885,1,1.8462146892655367
Music-Rev,0.2,responsibility_weighted_hdeg_greedy,221,885,2,2.9319774011299433
Music-Rev,0.2,responsibility_weighted_hdeg_greedy,221,885,3,4.5655367231638415
Music-Rev,0.2,responsibility_weighted_hdeg_greedy,221,885,4,7.1778531073446326
Music-Rev,0.2,responsibility_weighted_hdeg_greedy,221,885,5,11.26
Music-Rev,0.2,responsibility_weighted_hdeg_greedy,221,885,6,17.61694915254237
Music-Rev,0.2,responsibility_weighted_hdeg_greedy,221,885,7,27.196723163841806
Music-Rev,0.2,responsibility_weighted_hdeg_greedy,221,885,8,41.46677966101695
Music-Rev,0.2,responsibility_weighted_hdeg_greedy,221,885,9,60.207570621468925
Music-Rev,0.2,responsibility_weighted_hdeg_greedy,221,885,10,83.56124293785311
Music-Rev,0.2,responsibility_weighted_hdeg_greedy,221,885,11,110.7664406779661
Music-Rev,0.2,responsibility_weighted_hdeg_greedy,221,885,12,140.41310734463278
Music-Rev,0.2,responsibility_weighted_hdeg_greedy,221,885,13,171.01559322033899
Music-Rev,0.2,responsibility_weighted_hdeg_greedy,221,885,14,201.36655367231637
Music-Rev,0.2,responsibility_weighted_hdeg_greedy,221,885,15,230.85073446327684
Music-Rev,0.2,responsibility_weighted_hdeg_greedy,221,885,16,259.5554802259887
Music-Rev,0.2,responsibility_weighted_hdeg_greedy,221,885,17,287.83276836158194
Music-Rev,0.2,responsibility_weighted_hdeg_greedy,221,885,18,315.8510734463277
Music-Rev,0.2,responsibility_weighted_hdeg_greedy,221,885,19,343.80813559322036
Music-Rev,0.2,responsibility_weighted_hdeg_greedy,221,885,20,371.5787570621469
Music-Rev,0.2,responsibility_weighted_hdeg_greedy,221,885,21,398.9780790960452
Music-Rev,0.2,responsibility_weighted_hdeg_greedy,221,885,22,425.7290395480226
Music-Rev,0.2,responsibility_weighted_hdeg_greedy,221,885,23,451.36282485875705
Music-Rev,0.2,responsibility_weighted_hdeg_greedy,221,885,24,475.6275706214689
Music-Rev,0.2,responsibility_weighted_hdeg_greedy,221,885,25,498.0890395480226
Music-Rev,0.2,filtered_hyperdegree,221,885,0,1
Music-Rev,0.2,filtered_hyperdegree,221,885,1,1.8447457627118644
Music-Rev,0.2,filtered_hyperdegree,221,885,2,2.9331073446327682
Music-Rev,0.2,filtered_hyperdegree,221,885,3,4.563728813559322
Music-Rev,0.2,filtered_hyperdegree,221,885,4,7.144519774011299
Music-Rev,0.2,filtered_hyperdegree,221,885,5,11.192994350282486
Music-Rev,0.2,filtered_hyperdegree,221,885,6,17.46587570621469
Music-Rev,0.2,filtered_hyperdegree,221,885,7,26.91039548022599
Music-Rev,0.2,filtered_hyperdegree,221,885,8,41.03559322033898
Music-Rev,0.2,filtered_hyperdegree,221,885,9,59.715819209039545
Music-Rev,0.2,filtered_hyperdegree,221,885,10,82.96293785310735
Music-Rev,0.2,filtered_hyperdegree,221,885,11,110.04531073446327
Music-Rev,0.2,filtered_hyperdegree,221,885,12,139.7083615819209
Music-Rev,0.2,filtered_hyperdegree,221,885,13,170.27887005649717
Music-Rev,0.2,filtered_hyperdegree,221,885,14,200.56790960451977
Music-Rev,0.2,filtered_hyperdegree,221,885,15,230.1690395480226
Music-Rev,0.2,filtered_hyperdegree,221,885,16,259.05050847457625
Music-Rev,0.2,filtered_hyperdegree,221,885,17,287.5335593220339
Music-Rev,0.2,filtered_hyperdegree,221,885,18,315.81401129943504
Music-Rev,0.2,filtered_hyperdegree,221,885,19,343.92858757062146
Music-Rev,0.2,filtered_hyperdegree,221,885,20,371.7526553672316
Music-Rev,0.2,filtered_hyperdegree,221,885,21,399.091186440678
Music-Rev,0.2,filtered_hyperdegree,221,885,22,425.82271186440676
Music-Rev,0.2,filtered_hyperdegree,221,885,23,451.3650847457627
Music-Rev,0.2,filtered_hyperdegree,221,885,24,475.4574011299435
Music-Rev,0.2,filtered_hyperdegree,221,885,25,497.6793220338983
Music-Rev,0.2,filtered_hyperdegree_greedy,221,885,0,1
Music-Rev,0.2,filtered_hyperdegree_greedy,221,885,1,1.8462146892655367
Music-Rev,0.2,filtered_hyperdegree_greedy,221,885,2,2.9319774011299433
Music-Rev,0.2,filtered_hyperdegree_greedy,221,885,3,4.5655367231638415
Music-Rev,0.2,filtered_hyperdegree_greedy,221,885,4,7.1778531073446326
Music-Rev,0.2,filtered_hyperdegree_greedy,221,885,5,11.26
Music-Rev,0.2,filtered_hyperdegree_greedy,221,885,6,17.61694915254237
Music-Rev,0.2,filtered_hyperdegree_greedy,221,885,7,27.196723163841806
Music-Rev,0.2,filtered_hyperdegree_greedy,221,885,8,41.46677966101695
Music-Rev,0.2,filtered_hyperdegree_greedy,221,885,9,60.207570621468925
Music-Rev,0.2,filtered_hyperdegree_greedy,221,885,10,83.56124293785311
Music-Rev,0.2,filtered_hyperdegree_greedy,221,885,11,110.7664406779661
Music-Rev,0.2,filtered_hyperdegree_greedy,221,885,12,140.41310734463278
Music-Rev,0.2,filtered_hyperdegree_greedy,221,885,13,171.01559322033899
Music-Rev,0.2,filtered_hyperdegree_greedy,221,885,14,201.36655367231637
Music-Rev,0.2,filtered_hyperdegree_greedy,221,885,15,230.85073446327684
Music-Rev,0.2,filtered_hyperdegree_greedy,221,885,16,259.5554802259887
Music-Rev,0.2,filtered_hyperdegree_greedy,221,885,17,287.83276836158194
Music-Rev,0.2,filtered_hyperdegree_greedy,221,885,18,315.8510734463277
Music-Rev,0.2,filtered_hyperdegree_greedy,221,885,19,343.80813559322036
Music-Rev,0.2,filtered_hyperdegree_greedy,221,885,20,371.5787570621469
Music-Rev,0.2,filtered_hyperdegree_greedy,221,885,21,398.9780790960452
Music-Rev,0.2,filtered_hyperdegree_greedy,221,885,22,425.7290395480226
Music-Rev,0.2,filtered_hyperdegree_greedy,221,885,23,451.36282485875705
Music-Rev,0.2,filtered_hyperdegree_greedy,221,885,24,475.6275706214689
Music-Rev,0.2,filtered_hyperdegree_greedy,221,885,25,498.0890395480226
Music-Rev,0.2,ept_bridge_out_strength,221,885,0,1
Music-Rev,0.2,ept_bridge_out_strength,221,885,1,1.86090395480226
Music-Rev,0.2,ept_bridge_out_strength,221,885,2,2.8607909604519772
Music-Rev,0.2,ept_bridge_out_strength,221,885,3,4.270282485875706
Music-Rev,0.2,ept_bridge_out_strength,221,885,4,6.468813559322034
Music-Rev,0.2,ept_bridge_out_strength,221,885,5,9.681581920903955
Music-Rev,0.2,ept_bridge_out_strength,221,885,6,14.426214689265537
Music-Rev,0.2,ept_bridge_out_strength,221,885,7,21.332090395480225
Music-Rev,0.2,ept_bridge_out_strength,221,885,8,31.253107344632767
Music-Rev,0.2,ept_bridge_out_strength,221,885,9,45.20802259887006
Music-Rev,0.2,ept_bridge_out_strength,221,885,10,63.81265536723164
Music-Rev,0.2,ept_bridge_out_strength,221,885,11,87.70022598870057
Music-Rev,0.2,ept_bridge_out_strength,221,885,12,116.51435028248588
Music-Rev,0.2,ept_bridge_out_strength,221,885,13,149.97152542372882
Music-Rev,0.2,ept_bridge_out_strength,221,885,14,187.1928813559322
Music-Rev,0.2,ept_bridge_out_strength,221,885,15,227.04045197740112
Music-Rev,0.2,ept_bridge_out_strength,221,885,16,268.3785310734463
Music-Rev,0.2,ept_bridge_out_strength,221,885,17,310.3597740112994
Music-Rev,0.2,ept_bridge_out_strength,221,885,18,351.64994350282484
Music-Rev,0.2,ept_bridge_out_strength,221,885,19,391.31141242937855
Music-Rev,0.2,ept_bridge_out_strength,221,885,20,428.55706214689263
Music-Rev,0.2,ept_bridge_out_strength,221,885,21,463.2625988700565
Music-Rev,0.2,ept_bridge_out_strength,221,885,22,495.0232768361582
Music-Rev,0.2,ept_bridge_out_strength,221,885,23,523.8507344632768
Music-Rev,0.2,ept_bridge_out_strength,221,885,24,549.579209039548
Music-Rev,0.2,ept_bridge_out_strength,221,885,25,572.3933333333333
Music-Rev,0.2,ept_bridge_out_strength_greedy,221,885,0,1
Music-Rev,0.2,ept_bridge_out_strength_greedy,221,885,1,1.864180790960452
Music-Rev,0.2,ept_bridge_out_strength_greedy,221,885,2,2.874237288135593
Music-Rev,0.2,ept_bridge_out_strength_greedy,221,885,3,4.270282485875706
Music-Rev,0.2,ept_bridge_out_strength_greedy,221,885,4,6.481920903954802
Music-Rev,0.2,ept_bridge_out_strength_greedy,221,885,5,9.665649717514125
Music-Rev,0.2,ept_bridge_out_strength_greedy,221,885,6,14.400677966101695
Music-Rev,0.2,ept_bridge_out_strength_greedy,221,885,7,21.356158192090394
Music-Rev,0.2,ept_bridge_out_strength_greedy,221,885,8,31.233107344632767
Music-Rev,0.2,ept_bridge_out_strength_greedy,221,885,9,45.22305084745763
Music-Rev,0.2,ept_bridge_out_strength_greedy,221,885,10,64.0361581920904
Music-Rev,0.2,ept_bridge_out_strength_greedy,221,885,11,87.8825988700565
Music-Rev,0.2,ept_bridge_out_strength_greedy,221,885,12,116.81129943502825
Music-Rev,0.2,ept_bridge_out_strength_greedy,221,885,13,150.22045197740113
Music-Rev,0.2,ept_bridge_out_strength_greedy,221,885,14,187.5297175141243
Music-Rev,0.2,ept_bridge_out_strength_greedy,221,885,15,227.5535593220339
Music-Rev,0.2,ept_bridge_out_strength_greedy,221,885,16,269.0731073446328
Music-Rev,0.2,ept_bridge_out_strength_greedy,221,885,17,311.0839548022599
Music-Rev,0.2,ept_bridge_out_strength_greedy,221,885,18,352.3064406779661
Music-Rev,0.2,ept_bridge_out_strength_greedy,221,885,19,392.0195480225989
Music-Rev,0.2,ept_bridge_out_strength_greedy,221,885,20,429.5657627118644
Music-Rev,0.2,ept_bridge_out_strength_greedy,221,885,21,464.46214689265537
Music-Rev,0.2,ept_bridge_out_strength_greedy,221,885,22,496.3663276836158
Music-Rev,0.2,ept_bridge_out_strength_greedy,221,885,23,525.2454237288135
Music-Rev,0.2,ept_bridge_out_strength_greedy,221,885,24,551.1995480225988
Music-Rev,0.2,ept_bridge_out_strength_greedy,221,885,25,574.1974011299435
Music-Rev,0.2,ept_bridge_in_strength,221,885,0,1
Music-Rev,0.2,ept_bridge_in_strength,221,885,1,1.712768361581921
Music-Rev,0.2,ept_bridge_in_strength,221,885,2,2.512994350282486
Music-Rev,0.2,ept_bridge_in_strength,221,885,3,3.485762711864407
Music-Rev,0.2,ept_bridge_in_strength,221,885,4,4.83728813559322
Music-Rev,0.2,ept_bridge_in_strength,221,885,5,6.7016949152542376
Music-Rev,0.2,ept_bridge_in_strength,221,885,6,9.291186440677967
Music-Rev,0.2,ept_bridge_in_strength,221,885,7,12.857401129943502
Music-Rev,0.2,ept_bridge_in_strength,221,885,8,17.44225988700565
Music-Rev,0.2,ept_bridge_in_strength,221,885,9,23.537175141242937
Music-Rev,0.2,ept_bridge_in_strength,221,885,10,31.62146892655367
Music-Rev,0.2,ept_bridge_in_strength,221,885,11,42.14180790960452
Music-Rev,0.2,ept_bridge_in_strength,221,885,12,55.12994350282486
Music-Rev,0.2,ept_bridge_in_strength,221,885,13,70.36870056497175
Music-Rev,0.2,ept_bridge_in_strength,221,885,14,87.41062146892655
Music-Rev,0.2,ept_bridge_in_strength,221,885,15,105.72011299435029
Music-Rev,0.2,ept_bridge_in_strength,221,885,16,124.91830508474577
Music-Rev,0.2,ept_bridge_in_strength,221,885,17,144.30813559322033
Music-Rev,0.2,ept_bridge_in_strength,221,885,18,163.33446327683615
Music-Rev,0.2,ept_bridge_in_strength,221,885,19,181.46293785310735
Music-Rev,0.2,ept_bridge_in_strength,221,885,20,198.26892655367232
Music-Rev,0.2,ept_bridge_in_strength,221,885,21,213.57514124293786
Music-Rev,0.2,ept_bridge_in_strength,221,885,22,227.40915254237288
Music-Rev,0.2,ept_bridge_in_strength,221,885,23,239.81446327683616
Music-Rev,0.2,ept_bridge_in_strength,221,885,24,250.87446327683617
Music-Rev,0.2,ept_bridge_in_strength,221,885,25,260.8323163841808
Music-Rev,0.2,ept_bridge_in_strength_greedy,221,885,0,1
Music-Rev,0.2,ept_bridge_in_strength_greedy,221,885,1,1.715593220338983
Music-Rev,0.2,ept_bridge_in_strength_greedy,221,885,2,2.4984180790960453
Music-Rev,0.2,ept_bridge_in_strength_greedy,221,885,3,3.4657627118644068
Music-Rev,0.2,ept_bridge_in_strength_greedy,221,885,4,4.821581920903955
Music-Rev,0.2,ept_bridge_in_strength_greedy,221,885,5,6.711412429378531
Music-Rev,0.2,ept_bridge_in_strength_greedy,221,885,6,9.36045197740113
Music-Rev,0.2,ept_bridge_in_strength_greedy,221,885,7,12.971525423728814
Music-Rev,0.2,ept_bridge_in_strength_greedy,221,885,8,17.667796610169493
Music-Rev,0.2,ept_bridge_in_strength_greedy,221,885,9,23.867005649717512
Music-Rev,0.2,ept_bridge_in_strength_greedy,221,885,10,32.20293785310734
Music-Rev,0.2,ept_bridge_in_strength_greedy,221,885,11,42.926214689265535
Music-Rev,0.2,ept_bridge_in_strength_greedy,221,885,12,56.09887005649718
Music-Rev,0.2,ept_bridge_in_strength_greedy,221,885,13,71.58169491525423
Music-Rev,0.2,ept_bridge_in_strength_greedy,221,885,14,88.9593220338983
Music-Rev,0.2,ept_bridge_in_strength_greedy,221,885,15,107.69129943502824
Music-Rev,0.2,ept_bridge_in_strength_greedy,221,885,16,127.08870056497175
Music-Rev,0.2,ept_bridge_in_strength_greedy,221,885,17,146.4613559322034
Music-Rev,0.2,ept_bridge_in_strength_greedy,221,885,18,165.2657627118644
Music-Rev,0.2,ept_bridge_in_strength_greedy,221,885,19,183.01107344632769
Music-Rev,0.2,ept_bridge_in_strength_greedy,221,885,20,199.34824858757062
Music-Rev,0.2,ept_bridge_in_strength_greedy,221,885,21,214.24022598870056
Music-Rev,0.2,ept_bridge_in_strength_greedy,221,885,22,227.40305084745762
Music-Rev,0.2,ept_bridge_in_strength_greedy,221,885,23,239.1398870056497
Music-Rev,0.2,ept_bridge_in_strength_greedy,221,885,24,249.4258757062147
Music-Rev,0.2,ept_bridge_in_strength_greedy,221,885,25,258.57683615819207
Music-Rev,0.2,ept_bridge_in_out_total,221,885,0,1
Music-Rev,0.2,ept_bridge_in_out_total,221,885,1,1.7015819209039549
Music-Rev,0.2,ept_bridge_in_out_total,221,885,2,2.4471186440677966
Music-Rev,0.2,ept_bridge_in_out_total,221,885,3,3.3915254237288135
Music-Rev,0.2,ept_bridge_in_out_total,221,885,4,4.665649717514125
Music-Rev,0.2,ept_bridge_in_out_total,221,885,5,6.451412429378531
Music-Rev,0.2,ept_bridge_in_out_total,221,885,6,8.879774011299435
Music-Rev,0.2,ept_bridge_in_out_total,221,885,7,12.243276836158191
Music-Rev,0.2,ept_bridge_in_out_total,221,885,8,16.583050847457628
Music-Rev,0.2,ept_bridge_in_out_total,221,885,9,22.337966101694914
Music-Rev,0.2,ept_bridge_in_out_total,221,885,10,29.847344632768362
Music-Rev,0.2,ept_bridge_in_out_total,221,885,11,39.69378531073446
Music-Rev,0.2,ept_bridge_in_out_total,221,885,12,51.817966101694914
Music-Rev,0.2,ept_bridge_in_out_total,221,885,13,66.16564971751413
Music-Rev,0.2,ept_bridge_in_out_total,221,885,14,82.49480225988701
Music-Rev,0.2,ept_bridge_in_out_total,221,885,15,100.32214689265537
Music-Rev,0.2,ept_bridge_in_out_total,221,885,16,119.2831638418079
Music-Rev,0.2,ept_bridge_in_out_total,221,885,17,138.92282485875705
Music-Rev,0.2,ept_bridge_in_out_total,221,885,18,158.82214689265535
Music-Rev,0.2,ept_bridge_in_out_total,221,885,19,178.39209039548024
Music-Rev,0.2,ept_bridge_in_out_total,221,885,20,197.32158192090395
Music-Rev,0.2,ept_bridge_in_out_total,221,885,21,215.4018079096045
Music-Rev,0.2,ept_bridge_in_out_total,221,885,22,232.6819209039548
Music-Rev,0.2,ept_bridge_in_out_total,221,885,23,249.11389830508475
Music-Rev,0.2,ept_bridge_in_out_total,221,885,24,265.0006779661017
Music-Rev,0.2,ept_bridge_in_out_total,221,885,25,280.5297175141243
Music-Rev,0.2,ept_bridge_in_out_total_greedy,221,885,0,1
Music-Rev,0.2,ept_bridge_in_out_total_greedy,221,885,1,1.698870056497175
Music-Rev,0.2,ept_bridge_in_out_total_greedy,221,885,2,2.432994350282486
Music-Rev,0.2,ept_bridge_in_out_total_greedy,221,885,3,3.3925423728813557
Music-Rev,0.2,ept_bridge_in_out_total_greedy,221,885,4,4.642372881355932
Music-Rev,0.2,ept_bridge_in_out_total_greedy,221,885,5,6.455819209039548
Music-Rev,0.2,ept_bridge_in_out_total_greedy,221,885,6,8.892881355932204
Music-Rev,0.2,ept_bridge_in_out_total_greedy,221,885,7,12.18361581920904
Music-Rev,0.2,ept_bridge_in_out_total_greedy,221,885,8,16.506553672316386
Music-Rev,0.2,ept_bridge_in_out_total_greedy,221,885,9,22.07909604519774
Music-Rev,0.2,ept_bridge_in_out_total_greedy,221,885,10,29.468361581920902
Music-Rev,0.2,ept_bridge_in_out_total_greedy,221,885,11,39.0728813559322
Music-Rev,0.2,ept_bridge_in_out_total_greedy,221,885,12,51.00158192090395
Music-Rev,0.2,ept_bridge_in_out_total_greedy,221,885,13,65.28090395480226
Music-Rev,0.2,ept_bridge_in_out_total_greedy,221,885,14,81.4612429378531
Music-Rev,0.2,ept_bridge_in_out_total_greedy,221,885,15,99.11627118644068
Music-Rev,0.2,ept_bridge_in_out_total_greedy,221,885,16,117.71333333333334
Music-Rev,0.2,ept_bridge_in_out_total_greedy,221,885,17,136.8361581920904
Music-Rev,0.2,ept_bridge_in_out_total_greedy,221,885,18,155.73672316384182
Music-Rev,0.2,ept_bridge_in_out_total_greedy,221,885,19,174.0024858757062
Music-Rev,0.2,ept_bridge_in_out_total_greedy,221,885,20,191.23830508474578
Music-Rev,0.2,ept_bridge_in_out_total_greedy,221,885,21,207.1593220338983
Music-Rev,0.2,ept_bridge_in_out_total_greedy,221,885,22,221.66858757062147
Music-Rev,0.2,ept_bridge_in_out_total_greedy,221,885,23,234.734802259887
Music-Rev,0.2,ept_bridge_in_out_total_greedy,221,885,24,246.3987570621469
Music-Rev,0.2,ept_bridge_in_out_total_greedy,221,885,25,256.895593220339
Music-Rev,0.2,ept_boundary_strength,221,885,0,1
Music-Rev,0.2,ept_boundary_strength,221,885,1,1.7456497175141243
Music-Rev,0.2,ept_boundary_strength,221,885,2,2.577966101694915
Music-Rev,0.2,ept_boundary_strength,221,885,3,3.6689265536723163
Music-Rev,0.2,ept_boundary_strength,221,885,4,5.224519774011299
Music-Rev,0.2,ept_boundary_strength,221,885,5,7.461920903954803
Music-Rev,0.2,ept_boundary_strength,221,885,6,10.666666666666666
Music-Rev,0.2,ept_boundary_strength,221,885,7,15.08768361581921
Music-Rev,0.2,ept_boundary_strength,221,885,8,20.999435028248588
Music-Rev,0.2,ept_boundary_strength,221,885,9,29.064180790960453
Music-Rev,0.2,ept_boundary_strength,221,885,10,39.790734463276834
Music-Rev,0.2,ept_boundary_strength,221,885,11,53.43141242937853
Music-Rev,0.2,ept_boundary_strength,221,885,12,70.03457627118644
Music-Rev,0.2,ept_boundary_strength,221,885,13,89.2483615819209
Music-Rev,0.2,ept_boundary_strength,221,885,14,110.58203389830508
Music-Rev,0.2,ept_boundary_strength,221,885,15,133.51254237288137
Music-Rev,0.2,ept_boundary_strength,221,885,16,157.28485875706215
Music-Rev,0.2,ept_boundary_strength,221,885,17,181.5889265536723
Music-Rev,0.2,ept_boundary_strength,221,885,18,205.89593220338983
Music-Rev,0.2,ept_boundary_strength,221,885,19,229.93717514124293
Music-Rev,0.2,ept_boundary_strength,221,885,20,253.87107344632767
Music-Rev,0.2,ept_boundary_strength,221,885,21,277.5489265536723
Music-Rev,0.2,ept_boundary_strength,221,885,22,301.26926553672314
Music-Rev,0.2,ept_boundary_strength,221,885,23,325.08293785310735
Music-Rev,0.2,ept_boundary_strength,221,885,24,348.9020338983051
Music-Rev,0.2,ept_boundary_strength,221,885,25,373.0297175141243
Music-Rev,0.2,ept_boundary_strength_greedy,221,885,0,1
Music-Rev,0.2,ept_boundary_strength_greedy,221,885,1,1.7766101694915255
Music-Rev,0.2,ept_boundary_strength_greedy,221,885,2,2.6159322033898307
Music-Rev,0.2,ept_boundary_strength_greedy,221,885,3,3.7722033898305085
Music-Rev,0.2,ept_boundary_strength_greedy,221,885,4,5.467457627118644
Music-Rev,0.2,ept_boundary_strength_greedy,221,885,5,7.910847457627119
Music-Rev,0.2,ept_boundary_strength_greedy,221,885,6,11.371864406779661
Music-Rev,0.2,ept_boundary_strength_greedy,221,885,7,16.303841807909606
Music-Rev,0.2,ept_boundary_strength_greedy,221,885,8,23.054689265536723
Music-Rev,0.2,ept_boundary_strength_greedy,221,885,9,32.30225988700565
Music-Rev,0.2,ept_boundary_strength_greedy,221,885,10,44.669717514124294
Music-Rev,0.2,ept_boundary_strength_greedy,221,885,11,60.32474576271186
Music-Rev,0.2,ept_boundary_strength_greedy,221,885,12,79.38587570621469
Music-Rev,0.2,ept_boundary_strength_greedy,221,885,13,101.5883615819209
Music-Rev,0.2,ept_boundary_strength_greedy,221,885,14,126.27898305084746
Music-Rev,0.2,ept_boundary_strength_greedy,221,885,15,152.85175141242937
Music-Rev,0.2,ept_boundary_strength_greedy,221,885,16,180.9671186440678
Music-Rev,0.2,ept_boundary_strength_greedy,221,885,17,209.9741242937853
Music-Rev,0.2,ept_boundary_strength_greedy,221,885,18,239.47661016949152
Music-Rev,0.2,ept_boundary_strength_greedy,221,885,19,269.2424858757062
Music-Rev,0.2,ept_boundary_strength_greedy,221,885,20,299.1569491525424
Music-Rev,0.2,ept_boundary_strength_greedy,221,885,21,329.1517514124294
Music-Rev,0.2,ept_boundary_strength_greedy,221,885,22,358.8645197740113
Music-Rev,0.2,ept_boundary_strength_greedy,221,885,23,388.2606779661017
Music-Rev,0.2,ept_boundary_strength_greedy,221,885,24,416.8098305084746
Music-Rev,0.2,ept_boundary_strength_greedy,221,885,25,444.4181920903955
Music-Rev,0.2,ept_bridge_out_fraction,221,885,0,1
Music-Rev,0.2,ept_bridge_out_fraction,221,885,1,1.8788700564971752
Music-Rev,0.2,ept_bridge_out_fraction,221,885,2,2.908813559322034
Music-Rev,0.2,ept_bridge_out_fraction,221,885,3,4.463389830508475
Music-Rev,0.2,ept_bridge_out_fraction,221,885,4,6.824293785310735
Music-Rev,0.2,ept_bridge_out_fraction,221,885,5,10.406101694915254
Music-Rev,0.2,ept_bridge_out_fraction,221,885,6,15.75129943502825
Music-Rev,0.2,ept_bridge_out_fraction,221,885,7,23.726214689265536
Music-Rev,0.2,ept_bridge_out_fraction,221,885,8,35.33672316384181
Music-Rev,0.2,ept_bridge_out_fraction,221,885,9,51.207005649717516
Music-Rev,0.2,ept_bridge_out_fraction,221,885,10,71.93785310734464
Music-Rev,0.2,ept_bridge_out_fraction,221,885,11,97.44745762711864
Music-Rev,0.2,ept_bridge_out_fraction,221,885,12,127.38881355932203
Music-Rev,0.2,ept_bridge_out_fraction,221,885,13,160.88101694915255
Music-Rev,0.2,ept_bridge_out_fraction,221,885,14,196.37649717514125
Music-Rev,0.2,ept_bridge_out_fraction,221,885,15,232.74045197740114
Music-Rev,0.2,ept_bridge_out_fraction,221,885,16,269.1857627118644
Music-Rev,0.2,ept_bridge_out_fraction,221,885,17,305.26293785310736
Music-Rev,0.2,ept_bridge_out_fraction,221,885,18,339.9465536723164
Music-Rev,0.2,ept_bridge_out_fraction,221,885,19,373.3265536723164
Music-Rev,0.2,ept_bridge_out_fraction,221,885,20,404.7618079096045
Music-Rev,0.2,ept_bridge_out_fraction,221,885,21,434.11322033898307
Music-Rev,0.2,ept_bridge_out_fraction,221,885,22,461.36677966101695
Music-Rev,0.2,ept_bridge_out_fraction,221,885,23,486.33423728813557
Music-Rev,0.2,ept_bridge_out_fraction,221,885,24,508.9127683615819
Music-Rev,0.2,ept_bridge_out_fraction,221,885,25,529.2855367231639
Music-Rev,0.2,ept_bridge_out_fraction_greedy,221,885,0,1
Music-Rev,0.2,ept_bridge_out_fraction_greedy,221,885,1,1.9001129943502826
Music-Rev,0.2,ept_bridge_out_fraction_greedy,221,885,2,2.956610169491525
Music-Rev,0.2,ept_bridge_out_fraction_greedy,221,885,3,4.563502824858757
Music-Rev,0.2,ept_bridge_out_fraction_greedy,221,885,4,7.120790960451977
Music-Rev,0.2,ept_bridge_out_fraction_greedy,221,885,5,11.001129943502825
Music-Rev,0.2,ept_bridge_out_fraction_greedy,221,885,6,16.931299435028247
Music-Rev,0.2,ept_bridge_out_fraction_greedy,221,885,7,25.891638418079097
Music-Rev,0.2,ept_bridge_out_fraction_greedy,221,885,8,38.97401129943503
Music-Rev,0.2,ept_bridge_out_fraction_greedy,221,885,9,56.86779661016949
Music-Rev,0.2,ept_bridge_out_fraction_greedy,221,885,10,79.9174011299435
Music-Rev,0.2,ept_bridge_out_fraction_greedy,221,885,11,107.96463276836158
Music-Rev,0.2,ept_bridge_out_fraction_greedy,221,885,12,140.16214689265536
Music-Rev,0.2,ept_bridge_out_fraction_greedy,221,885,13,175.39084745762713
Music-Rev,0.2,ept_bridge_out_fraction_greedy,221,885,14,212.04440677966102
Music-Rev,0.2,ept_bridge_out_fraction_greedy,221,885,15,248.9102824858757
Music-Rev,0.2,ept_bridge_out_fraction_greedy,221,885,16,285.59310734463276
Music-Rev,0.2,ept_bridge_out_fraction_greedy,221,885,17,321.29988700564974
Music-Rev,0.2,ept_bridge_out_fraction_greedy,221,885,18,355.60497175141245
Music-Rev,0.2,ept_bridge_out_fraction_greedy,221,885,19,388.30203389830507
Music-Rev,0.2,ept_bridge_out_fraction_greedy,221,885,20,419.1298305084746
Music-Rev,0.2,ept_bridge_out_fraction_greedy,221,885,21,448.05728813559324
Music-Rev,0.2,ept_bridge_out_fraction_greedy,221,885,22,474.7018079096045
Music-Rev,0.2,ept_bridge_out_fraction_greedy,221,885,23,499.11050847457625
Music-Rev,0.2,ept_bridge_out_fraction_greedy,221,885,24,521.0240677966102
Music-Rev,0.2,ept_bridge_out_fraction_greedy,221,885,25,540.5868926553673
Music-Rev,0.2,ept_bridge_broker,221,885,0,1
Music-Rev,0.2,ept_bridge_broker,221,885,1,1.7592090395480227
Music-Rev,0.2,ept_bridge_broker,221,885,2,2.6027118644067797
Music-Rev,0.2,ept_bridge_broker,221,885,3,3.7312994350282485
Music-Rev,0.2,ept_bridge_broker,221,885,4,5.307344632768362
Music-Rev,0.2,ept_bridge_broker,221,885,5,7.599887005649718
Music-Rev,0.2,ept_bridge_broker,221,885,6,10.87276836158192
Music-Rev,0.2,ept_bridge_broker,221,885,7,15.403389830508475
Music-Rev,0.2,ept_bridge_broker,221,885,8,21.512542372881356
Music-Rev,0.2,ept_bridge_broker,221,885,9,29.825310734463276
Music-Rev,0.2,ept_bridge_broker,221,885,10,41.02949152542373
Music-Rev,0.2,ept_bridge_broker,221,885,11,55.16994350282486
Music-Rev,0.2,ept_bridge_broker,221,885,12,72.3883615819209
Music-Rev,0.2,ept_bridge_broker,221,885,13,92.48531073446328
Music-Rev,0.2,ept_bridge_broker,221,885,14,114.9412429378531
Music-Rev,0.2,ept_bridge_broker,221,885,15,139.01344632768362
Music-Rev,0.2,ept_bridge_broker,221,885,16,164.38
Music-Rev,0.2,ept_bridge_broker,221,885,17,190.38802259887007
Music-Rev,0.2,ept_bridge_broker,221,885,18,216.82361581920904
Music-Rev,0.2,ept_bridge_broker,221,885,19,243.34564971751414
Music-Rev,0.2,ept_bridge_broker,221,885,20,269.800790960452
Music-Rev,0.2,ept_bridge_broker,221,885,21,296.4920903954802
Music-Rev,0.2,ept_bridge_broker,221,885,22,323.1516384180791
Music-Rev,0.2,ept_bridge_broker,221,885,23,349.7657627118644
Music-Rev,0.2,ept_bridge_broker,221,885,24,376.16610169491526
Music-Rev,0.2,ept_bridge_broker,221,885,25,402.48644067796613
Music-Rev,0.2,ept_bridge_broker_greedy,221,885,0,1
Music-Rev,0.2,ept_bridge_broker_greedy,221,885,1,1.7787570621468927
Music-Rev,0.2,ept_bridge_broker_greedy,221,885,2,2.617062146892655
Music-Rev,0.2,ept_bridge_broker_greedy,221,885,3,3.7893785310734462
Music-Rev,0.2,ept_bridge_broker_greedy,221,885,4,5.505310734463277
Music-Rev,0.2,ept_bridge_broker_greedy,221,885,5,7.951186440677966
Music-Rev,0.2,ept_bridge_broker_greedy,221,885,6,11.52361581920904
Music-Rev,0.2,ept_bridge_broker_greedy,221,885,7,16.58553672316384
Music-Rev,0.2,ept_bridge_broker_greedy,221,885,8,23.473785310734463
Music-Rev,0.2,ept_bridge_broker_greedy,221,885,9,33.026101694915255
Music-Rev,0.2,ept_bridge_broker_greedy,221,885,10,45.87468926553672
Music-Rev,0.2,ept_bridge_broker_greedy,221,885,11,62.089604519774014
Music-Rev,0.2,ept_bridge_broker_greedy,221,885,12,81.92079096045198
Music-Rev,0.2,ept_bridge_broker_greedy,221,885,13,105.08610169491526
Music-Rev,0.2,ept_bridge_broker_greedy,221,885,14,130.85265536723165
Music-Rev,0.2,ept_bridge_broker_greedy,221,885,15,158.53988700564972
Music-Rev,0.2,ept_bridge_broker_greedy,221,885,16,187.77514124293785
Music-Rev,0.2,ept_bridge_broker_greedy,221,885,17,218.0045197740113
Music-Rev,0.2,ept_bridge_broker_greedy,221,885,18,248.73310734463277
Music-Rev,0.2,ept_bridge_broker_greedy,221,885,19,279.69322033898305
Music-Rev,0.2,ept_bridge_broker_greedy,221,885,20,310.548813559322
Music-Rev,0.2,ept_bridge_broker_greedy,221,885,21,341.0729943502825
Music-Rev,0.2,ept_bridge_broker_greedy,221,885,22,370.8372881355932
Music-Rev,0.2,ept_bridge_broker_greedy,221,885,23,399.86135593220337
Music-Rev,0.2,ept_bridge_broker_greedy,221,885,24,427.8898305084746
Music-Rev,0.2,ept_bridge_broker_greedy,221,885,25,454.62745762711864
Music-Rev,0.2,ept_boundary_ratio,221,885,0,1
Music-Rev,0.2,ept_boundary_ratio,221,885,1,1.8788700564971752
Music-Rev,0.2,ept_boundary_ratio,221,885,2,2.908813559322034
Music-Rev,0.2,ept_boundary_ratio,221,885,3,4.463389830508475
Music-Rev,0.2,ept_boundary_ratio,221,885,4,6.824293785310735
Music-Rev,0.2,ept_boundary_ratio,221,885,5,10.406101694915254
Music-Rev,0.2,ept_boundary_ratio,221,885,6,15.75129943502825
Music-Rev,0.2,ept_boundary_ratio,221,885,7,23.726214689265536
Music-Rev,0.2,ept_boundary_ratio,221,885,8,35.33672316384181
Music-Rev,0.2,ept_boundary_ratio,221,885,9,51.207005649717516
Music-Rev,0.2,ept_boundary_ratio,221,885,10,71.93785310734464
Music-Rev,0.2,ept_boundary_ratio,221,885,11,97.44745762711864
Music-Rev,0.2,ept_boundary_ratio,221,885,12,127.38881355932203
Music-Rev,0.2,ept_boundary_ratio,221,885,13,160.88101694915255
Music-Rev,0.2,ept_boundary_ratio,221,885,14,196.37649717514125
Music-Rev,0.2,ept_boundary_ratio,221,885,15,232.74045197740114
Music-Rev,0.2,ept_boundary_ratio,221,885,16,269.1857627118644
Music-Rev,0.2,ept_boundary_ratio,221,885,17,305.26293785310736
Music-Rev,0.2,ept_boundary_ratio,221,885,18,339.9465536723164
Music-Rev,0.2,ept_boundary_ratio,221,885,19,373.3265536723164
Music-Rev,0.2,ept_boundary_ratio,221,885,20,404.7618079096045
Music-Rev,0.2,ept_boundary_ratio,221,885,21,434.11322033898307
Music-Rev,0.2,ept_boundary_ratio,221,885,22,461.36677966101695
Music-Rev,0.2,ept_boundary_ratio,221,885,23,486.33423728813557
Music-Rev,0.2,ept_boundary_ratio,221,885,24,508.9127683615819
Music-Rev,0.2,ept_boundary_ratio,221,885,25,529.2855367231639
Music-Rev,0.2,ept_boundary_ratio_greedy,221,885,0,1
Music-Rev,0.2,ept_boundary_ratio_greedy,221,885,1,1.9001129943502826
Music-Rev,0.2,ept_boundary_ratio_greedy,221,885,2,2.956610169491525
Music-Rev,0.2,ept_boundary_ratio_greedy,221,885,3,4.563502824858757
Music-Rev,0.2,ept_boundary_ratio_greedy,221,885,4,7.120790960451977
Music-Rev,0.2,ept_boundary_ratio_greedy,221,885,5,11.001129943502825
Music-Rev,0.2,ept_boundary_ratio_greedy,221,885,6,16.931299435028247
Music-Rev,0.2,ept_boundary_ratio_greedy,221,885,7,25.891638418079097
Music-Rev,0.2,ept_boundary_ratio_greedy,221,885,8,38.97401129943503
Music-Rev,0.2,ept_boundary_ratio_greedy,221,885,9,56.86779661016949
Music-Rev,0.2,ept_boundary_ratio_greedy,221,885,10,79.9174011299435
Music-Rev,0.2,ept_boundary_ratio_greedy,221,885,11,107.96463276836158
Music-Rev,0.2,ept_boundary_ratio_greedy,221,885,12,140.16214689265536
Music-Rev,0.2,ept_boundary_ratio_greedy,221,885,13,175.39084745762713
Music-Rev,0.2,ept_boundary_ratio_greedy,221,885,14,212.04440677966102
Music-Rev,0.2,ept_boundary_ratio_greedy,221,885,15,248.9102824858757
Music-Rev,0.2,ept_boundary_ratio_greedy,221,885,16,285.59310734463276
Music-Rev,0.2,ept_boundary_ratio_greedy,221,885,17,321.29988700564974
Music-Rev,0.2,ept_boundary_ratio_greedy,221,885,18,355.60497175141245
Music-Rev,0.2,ept_boundary_ratio_greedy,221,885,19,388.30203389830507
Music-Rev,0.2,ept_boundary_ratio_greedy,221,885,20,419.1298305084746
Music-Rev,0.2,ept_boundary_ratio_greedy,221,885,21,448.05728813559324
Music-Rev,0.2,ept_boundary_ratio_greedy,221,885,22,474.7018079096045
Music-Rev,0.2,ept_boundary_ratio_greedy,221,885,23,499.11050847457625
Music-Rev,0.2,ept_boundary_ratio_greedy,221,885,24,521.0240677966102
Music-Rev,0.2,ept_boundary_ratio_greedy,221,885,25,540.5868926553673
Music-Rev,0.2,ept_broker_strength,221,885,0,1
Music-Rev,0.2,ept_broker_strength,221,885,1,1.7257627118644068
Music-Rev,0.2,ept_broker_strength,221,885,2,2.5163841807909604
Music-Rev,0.2,ept_broker_strength,221,885,3,3.506666666666667
Music-Rev,0.2,ept_broker_strength,221,885,4,4.876949152542373
Music-Rev,0.2,ept_broker_strength,221,885,5,6.811977401129943
Music-Rev,0.2,ept_broker_strength,221,885,6,9.526779661016949
Music-Rev,0.2,ept_broker_strength,221,885,7,13.190847457627118
Music-Rev,0.2,ept_broker_strength,221,885,8,18.242937853107346
Music-Rev,0.2,ept_broker_strength,221,885,9,24.93943502824859
Music-Rev,0.2,ept_broker_strength,221,885,10,33.9109604519774
Music-Rev,0.2,ept_broker_strength,221,885,11,45.409717514124296
Music-Rev,0.2,ept_broker_strength,221,885,12,59.62225988700565
Music-Rev,0.2,ept_broker_strength,221,885,13,76.11073446327684
Music-Rev,0.2,ept_broker_strength,221,885,14,94.79152542372881
Music-Rev,0.2,ept_broker_strength,221,885,15,115.45785310734463
Music-Rev,0.2,ept_broker_strength,221,885,16,137.43468926553672
Music-Rev,0.2,ept_broker_strength,221,885,17,160.34
Music-Rev,0.2,ept_broker_strength,221,885,18,183.84338983050847
Music-Rev,0.2,ept_broker_strength,221,885,19,207.95254237288137
Music-Rev,0.2,ept_broker_strength,221,885,20,232.4457627118644
Music-Rev,0.2,ept_broker_strength,221,885,21,257.51468926553673
Music-Rev,0.2,ept_broker_strength,221,885,22,282.8492655367232
Music-Rev,0.2,ept_broker_strength,221,885,23,308.4263276836158
Music-Rev,0.2,ept_broker_strength,221,885,24,334.5071186440678
Music-Rev,0.2,ept_broker_strength,221,885,25,361.0133333333333
Music-Rev,0.2,ept_broker_strength_greedy,221,885,0,1
Music-Rev,0.2,ept_broker_strength_greedy,221,885,1,1.695593220338983
Music-Rev,0.2,ept_broker_strength_greedy,221,885,2,2.3912994350282486
Music-Rev,0.2,ept_broker_strength_greedy,221,885,3,3.3031638418079097
Music-Rev,0.2,ept_broker_strength_greedy,221,885,4,4.451751412429378
Music-Rev,0.2,ept_broker_strength_greedy,221,885,5,6.128248587570622
Music-Rev,0.2,ept_broker_strength_greedy,221,885,6,8.316045197740113
Music-Rev,0.2,ept_broker_strength_greedy,221,885,7,11.348474576271187
Music-Rev,0.2,ept_broker_strength_greedy,221,885,8,15.282824858757062
Music-Rev,0.2,ept_broker_strength_greedy,221,885,9,20.36
Music-Rev,0.2,ept_broker_strength_greedy,221,885,10,27.00485875706215
Music-Rev,0.2,ept_broker_strength_greedy,221,885,11,35.67853107344633
Music-Rev,0.2,ept_broker_strength_greedy,221,885,12,46.58101694915254
Music-Rev,0.2,ept_broker_strength_greedy,221,885,13,59.82361581920904
Music-Rev,0.2,ept_broker_strength_greedy,221,885,14,75.03265536723164
Music-Rev,0.2,ept_broker_strength_greedy,221,885,15,91.90610169491525
Music-Rev,0.2,ept_broker_strength_greedy,221,885,16,110.09751412429378
Music-Rev,0.2,ept_broker_strength_greedy,221,885,17,129.09028248587572
Music-Rev,0.2,ept_broker_strength_greedy,221,885,18,148.58576271186442
Music-Rev,0.2,ept_broker_strength_greedy,221,885,19,167.99536723163843
Music-Rev,0.2,ept_broker_strength_greedy,221,885,20,186.75152542372882
Music-Rev,0.2,ept_broker_strength_greedy,221,885,21,204.6762711864407
Music-Rev,0.2,ept_broker_strength_greedy,221,885,22,221.55898305084744
Music-Rev,0.2,ept_broker_strength_greedy,221,885,23,237.3974011299435
Music-Rev,0.2,ept_broker_strength_greedy,221,885,24,252.25310734463278
Music-Rev,0.2,ept_broker_strength_greedy,221,885,25,266.1788700564972
Music-Rev,0.2,ept_pagerank,221,885,0,1
Music-Rev,0.2,ept_pagerank,221,885,1,1.7785310734463278
Music-Rev,0.2,ept_pagerank,221,885,2,2.6928813559322036
Music-Rev,0.2,ept_pagerank,221,885,3,3.9884745762711864
Music-Rev,0.2,ept_pagerank,221,885,4,5.989378531073446
Music-Rev,0.2,ept_pagerank,221,885,5,8.996158192090396
Music-Rev,0.2,ept_pagerank,221,885,6,13.55774011299435
Music-Rev,0.2,ept_pagerank,221,885,7,20.17966101694915
Music-Rev,0.2,ept_pagerank,221,885,8,29.99141242937853
Music-Rev,0.2,ept_pagerank,221,885,9,43.74271186440678
Music-Rev,0.2,ept_pagerank,221,885,10,61.259209039548026
Music-Rev,0.2,ept_pagerank,221,885,11,82.38248587570621
Music-Rev,0.2,ept_pagerank,221,885,12,106.6006779661017
Music-Rev,0.2,ept_pagerank,221,885,13,132.69966101694916
Music-Rev,0.2,ept_pagerank,221,885,14,159.17209039548024
Music-Rev,0.2,ept_pagerank,221,885,15,184.69186440677967
Music-Rev,0.2,ept_pagerank,221,885,16,208.7818079096045
Music-Rev,0.2,ept_pagerank,221,885,17,231.36101694915254
Music-Rev,0.2,ept_pagerank,221,885,18,252.47175141242937
Music-Rev,0.2,ept_pagerank,221,885,19,272.5687005649718
Music-Rev,0.2,ept_pagerank,221,885,20,292.033220338983
Music-Rev,0.2,ept_pagerank,221,885,21,311.52474576271186
Music-Rev,0.2,ept_pagerank,221,885,22,331.2468926553672
Music-Rev,0.2,ept_pagerank,221,885,23,351.34610169491526
Music-Rev,0.2,ept_pagerank,221,885,24,371.8632768361582
Music-Rev,0.2,ept_pagerank,221,885,25,392.88225988700566
Music-Rev,0.2,ept_pagerank_greedy,221,885,0,1
Music-Rev,0.2,ept_pagerank_greedy,221,885,1,1.7703954802259887
Music-Rev,0.2,ept_pagerank_greedy,221,885,2,2.6864406779661016
Music-Rev,0.2,ept_pagerank_greedy,221,885,3,3.86
Music-Rev,0.2,ept_pagerank_greedy,221,885,4,5.609265536723163
Music-Rev,0.2,ept_pagerank_greedy,221,885,5,8.11864406779661
Music-Rev,0.2,ept_pagerank_greedy,221,885,6,11.812994350282485
Music-Rev,0.2,ept_pagerank_greedy,221,885,7,16.881807909604518
Music-Rev,0.2,ept_pagerank_greedy,221,885,8,23.9974011299435
Music-Rev,0.2,ept_pagerank_greedy,221,885,9,33.907344632768364
Music-Rev,0.2,ept_pagerank_greedy,221,885,10,47.00090395480226
Music-Rev,0.2,ept_pagerank_greedy,221,885,11,63.47276836158192
Music-Rev,0.2,ept_pagerank_greedy,221,885,12,83.07706214689266
Music-Rev,0.2,ept_pagerank_greedy,221,885,13,105.33254237288135
Music-Rev,0.2,ept_pagerank_greedy,221,885,14,129.39841807909605
Music-Rev,0.2,ept_pagerank_greedy,221,885,15,154.2612429378531
Music-Rev,0.2,ept_pagerank_greedy,221,885,16,179.07005649717513
Music-Rev,0.2,ept_pagerank_greedy,221,885,17,203.29887005649718
Music-Rev,0.2,ept_pagerank_greedy,221,885,18,226.4987570621469
Music-Rev,0.2,ept_pagerank_greedy,221,885,19,248.72463276836157
Music-Rev,0.2,ept_pagerank_greedy,221,885,20,270.10723163841806
Music-Rev,0.2,ept_pagerank_greedy,221,885,21,290.66576271186443
Music-Rev,0.2,ept_pagerank_greedy,221,885,22,310.93446327683614
Music-Rev,0.2,ept_pagerank_greedy,221,885,23,331.0882485875706
Music-Rev,0.2,ept_pagerank_greedy,221,885,24,351.4186440677966
Music-Rev,0.2,ept_pagerank_greedy,221,885,25,371.9171751412429
Music-Rev,0.2,ept_total_strength,221,885,0,1
Music-Rev,0.2,ept_total_strength,221,885,1,1.7074576271186441
Music-Rev,0.2,ept_total_strength,221,885,2,2.433446327683616
Music-Rev,0.2,ept_total_strength,221,885,3,3.3779661016949154
Music-Rev,0.2,ept_total_strength,221,885,4,4.649717514124294
Music-Rev,0.2,ept_total_strength,221,885,5,6.495819209039548
Music-Rev,0.2,ept_total_strength,221,885,6,8.99819209039548
Music-Rev,0.2,ept_total_strength,221,885,7,12.43322033898305
Music-Rev,0.2,ept_total_strength,221,885,8,17.013446327683617
Music-Rev,0.2,ept_total_strength,221,885,9,23.181355932203388
Music-Rev,0.2,ept_total_strength,221,885,10,31.388022598870055
Music-Rev,0.2,ept_total_strength,221,885,11,41.982146892655365
Music-Rev,0.2,ept_total_strength,221,885,12,54.95401129943503
Music-Rev,0.2,ept_total_strength,221,885,13,70.30553672316384
Music-Rev,0.2,ept_total_strength,221,885,14,87.75502824858756
Music-Rev,0.2,ept_total_strength,221,885,15,106.83084745762712
Music-Rev,0.2,ept_total_strength,221,885,16,127.22677966101695
Music-Rev,0.2,ept_total_strength,221,885,17,148.29774011299435
Music-Rev,0.2,ept_total_strength,221,885,18,169.7929943502825
Music-Rev,0.2,ept_total_strength,221,885,19,191.48564971751412
Music-Rev,0.2,ept_total_strength,221,885,20,213.27401129943502
Music-Rev,0.2,ept_total_strength,221,885,21,235.22485875706215
Music-Rev,0.2,ept_total_strength,221,885,22,257.25457627118647
Music-Rev,0.2,ept_total_strength,221,885,23,279.3557062146893
Music-Rev,0.2,ept_total_strength,221,885,24,301.8168361581921
Music-Rev,0.2,ept_total_strength,221,885,25,324.65898305084744
Music-Rev,0.2,ept_total_strength_greedy,221,885,0,1
Music-Rev,0.2,ept_total_strength_greedy,221,885,1,1.6917514124293784
Music-Rev,0.2,ept_total_strength_greedy,221,885,2,2.4047457627118645
Music-Rev,0.2,ept_total_strength_greedy,221,885,3,3.3317514124293783
Music-Rev,0.2,ept_total_strength_greedy,221,885,4,4.492542372881356
Music-Rev,0.2,ept_total_strength_greedy,221,885,5,6.196271186440678
Music-Rev,0.2,ept_total_strength_greedy,221,885,6,8.391525423728813
Music-Rev,0.2,ept_total_strength_greedy,221,885,7,11.421694915254237
Music-Rev,0.2,ept_total_strength_greedy,221,885,8,15.395593220338982
Music-Rev,0.2,ept_total_strength_greedy,221,885,9,20.491977401129944
Music-Rev,0.2,ept_total_strength_greedy,221,885,10,27.133333333333333
Music-Rev,0.2,ept_total_strength_greedy,221,885,11,35.891525423728815
Music-Rev,0.2,ept_total_strength_greedy,221,885,12,46.89480225988701
Music-Rev,0.2,ept_total_strength_greedy,221,885,13,60.289265536723164
Music-Rev,0.2,ept_total_strength_greedy,221,885,14,75.75435028248587
Music-Rev,0.2,ept_total_strength_greedy,221,885,15,92.82802259887006
Music-Rev,0.2,ept_total_strength_greedy,221,885,16,111.15525423728813
Music-Rev,0.2,ept_total_strength_greedy,221,885,17,130.4153672316384
Music-Rev,0.2,ept_total_strength_greedy,221,885,18,150.17209039548024
Music-Rev,0.2,ept_total_strength_greedy,221,885,19,169.6593220338983
Music-Rev,0.2,ept_total_strength_greedy,221,885,20,188.65536723163842
Music-Rev,0.2,ept_total_strength_greedy,221,885,21,206.89887005649717
Music-Rev,0.2,ept_total_strength_greedy,221,885,22,224.29209039548022
Music-Rev,0.2,ept_total_strength_greedy,221,885,23,240.6762711864407
Music-Rev,0.2,ept_total_strength_greedy,221,885,24,256.2502824858757
Music-Rev,0.2,ept_total_strength_greedy,221,885,25,271.11762711864407
Music-Rev,0.2,ept_out_strength,221,885,0,1
Music-Rev,0.2,ept_out_strength,221,885,1,1.8345762711864406
Music-Rev,0.2,ept_out_strength,221,885,2,2.8335593220338984
Music-Rev,0.2,ept_out_strength,221,885,3,4.162372881355933
Music-Rev,0.2,ept_out_strength,221,885,4,6.258192090395481
Music-Rev,0.2,ept_out_strength,221,885,5,9.30090395480226
Music-Rev,0.2,ept_out_strength,221,885,6,13.869830508474577
Music-Rev,0.2,ept_out_strength,221,885,7,20.4890395480226
Music-Rev,0.2,ept_out_strength,221,885,8,30.00406779661017
Music-Rev,0.2,ept_out_strength,221,885,9,43.53909604519774
Music-Rev,0.2,ept_out_strength,221,885,10,61.72372881355932
Music-Rev,0.2,ept_out_strength,221,885,11,84.62564971751412
Music-Rev,0.2,ept_out_strength,221,885,12,112.14677966101695
Music-Rev,0.2,ept_out_strength,221,885,13,144.1845197740113
Music-Rev,0.2,ept_out_strength,221,885,14,180.06757062146892
Music-Rev,0.2,ept_out_strength,221,885,15,218.7
Music-Rev,0.2,ept_out_strength,221,885,16,258.97016949152544
Music-Rev,0.2,ept_out_strength,221,885,17,299.79638418079094
Music-Rev,0.2,ept_out_strength,221,885,18,340.1922033898305
Music-Rev,0.2,ept_out_strength,221,885,19,379.4567231638418
Music-Rev,0.2,ept_out_strength,221,885,20,416.91118644067797
Music-Rev,0.2,ept_out_strength,221,885,21,452.0181920903955
Music-Rev,0.2,ept_out_strength,221,885,22,484.3029378531073
Music-Rev,0.2,ept_out_strength,221,885,23,513.8320903954802
Music-Rev,0.2,ept_out_strength,221,885,24,540.7193220338983
Music-Rev,0.2,ept_out_strength,221,885,25,564.8233898305085
Music-Rev,0.2,ept_out_strength_greedy,221,885,0,1
Music-Rev,0.2,ept_out_strength_greedy,221,885,1,1.8128813559322035
Music-Rev,0.2,ept_out_strength_greedy,221,885,2,2.7647457627118643
Music-Rev,0.2,ept_out_strength_greedy,221,885,3,3.9780790960451977
Music-Rev,0.2,ept_out_strength_greedy,221,885,4,5.916949152542373
Music-Rev,0.2,ept_out_strength_greedy,221,885,5,8.704858757062146
Music-Rev,0.2,ept_out_strength_greedy,221,885,6,12.825762711864407
Music-Rev,0.2,ept_out_strength_greedy,221,885,7,18.663276836158193
Music-Rev,0.2,ept_out_strength_greedy,221,885,8,26.915141242937853
Music-Rev,0.2,ept_out_strength_greedy,221,885,9,38.794689265536725
Music-Rev,0.2,ept_out_strength_greedy,221,885,10,55.30802259887005
Music-Rev,0.2,ept_out_strength_greedy,221,885,11,76.75694915254238
Music-Rev,0.2,ept_out_strength_greedy,221,885,12,102.80112994350283
Music-Rev,0.2,ept_out_strength_greedy,221,885,13,133.47898305084746
Music-Rev,0.2,ept_out_strength_greedy,221,885,14,168.69954802259886
Music-Rev,0.2,ept_out_strength_greedy,221,885,15,207.6031638418079
Music-Rev,0.2,ept_out_strength_greedy,221,885,16,248.8116384180791
Music-Rev,0.2,ept_out_strength_greedy,221,885,17,290.91514124293786
Music-Rev,0.2,ept_out_strength_greedy,221,885,18,332.83525423728815
Music-Rev,0.2,ept_out_strength_greedy,221,885,19,373.85988700564974
Music-Rev,0.2,ept_out_strength_greedy,221,885,20,412.89853107344635
Music-Rev,0.2,ept_out_strength_greedy,221,885,21,449.4076836158192
Music-Rev,0.2,ept_out_strength_greedy,221,885,22,482.898418079096
Music-Rev,0.2,ept_out_strength_greedy,221,885,23,513.3840677966102
Music-Rev,0.2,ept_out_strength_greedy,221,885,24,540.8842937853108
Music-Rev,0.2,ept_out_strength_greedy,221,885,25,565.4567231638418
